player,position,base_value,projected_points,points_is_real,auction_eligible,eligibility_reason
Josh Jacobs,RB,126.0,189.35,True,True,not a confirmed keeper or college-rights hold
Bucky Irving,RB,102.0,175.8,True,True,not a confirmed keeper or college-rights hold
Bhayshul Tuten,RB,95.0,160.4,True,True,not a confirmed keeper or college-rights hold
Jaylen Warren,RB,83.0,162.0,True,True,not a confirmed keeper or college-rights hold
Jonathon Brooks,RB,78.0,148.6,True,True,not a confirmed keeper or college-rights hold
Tony Pollard,RB,75.0,143.2,True,True,not a confirmed keeper or college-rights hold
Rashee Rice,WR,72.0,197.11,True,True,not a confirmed keeper or college-rights hold
DeVonta Smith,WR,71.0,189.84,True,True,not a confirmed keeper or college-rights hold
James Cook,RB,71.0,234.4,True,True,not a confirmed keeper or college-rights hold
RJ Harvey,RB,71.0,136.65,True,True,not a confirmed keeper or college-rights hold
Chuba Hubbard,RB,65.0,143.25,True,True,not a confirmed keeper or college-rights hold
Jaylen Waddle,WR,64.0,177.9,True,True,not a confirmed keeper or college-rights hold
Kenny Gainwell,RB,64.0,136.45,True,True,not a confirmed keeper or college-rights hold
Jordan Mason,RB,63.0,137.2,True,True,not a confirmed keeper or college-rights hold
Tee Higgins,WR,60.0,181.9,True,True,not a confirmed keeper or college-rights hold
Jacory Croskey-Merritt,RB,59.0,127.0,True,True,not a confirmed keeper or college-rights hold
Aaron Jones Sr,RB,59.0,131.55,True,True,not a confirmed keeper or college-rights hold
Rachaad White,RB,59.0,127.05,True,True,not a confirmed keeper or college-rights hold
Terry McLaurin,WR,57.0,173.93,True,True,not a confirmed keeper or college-rights hold
Davante Adams,WR,49.0,161.35,True,True,not a confirmed keeper or college-rights hold
DJ Moore,WR,48.0,154.17,True,True,not a confirmed keeper or college-rights hold
Deebo Samuel,WR,48.0,102.68,True,True,not a confirmed keeper or college-rights hold
Mike Evans,WR,45.0,164.95,True,True,not a confirmed keeper or college-rights hold
TJ Hockenson,TE,43.0,103.35,True,True,not a confirmed keeper or college-rights hold
Bill Croskey-Merritt,RB,42.0,557.4333333333333,False,True,not a confirmed keeper or college-rights hold
Josh Allen,QB,40.0,328.82,True,True,not a confirmed keeper or college-rights hold
Chris Godwin Jr,WR,37.0,134.26,True,True,not a confirmed keeper or college-rights hold
Zach Charbonnet,RB,36.0,107.61,True,True,not a confirmed keeper or college-rights hold
Travis Etienne,RB,35.0,190.4,True,True,not a confirmed keeper or college-rights hold
Nick Chubb,RB,34.0,451.25555555555553,False,True,not a confirmed keeper or college-rights hold
JK Dobbins,RB,34.0,134.15,True,True,not a confirmed keeper or college-rights hold
DK Metcalf,WR,32.0,148.53,True,True,not a confirmed keeper or college-rights hold
Austin Ekeler,RB,31.0,411.43888888888887,False,True,not a confirmed keeper or college-rights hold
Josh Downs,WR,30.0,145.07,True,True,not a confirmed keeper or college-rights hold
Brian Robinson Jr,RB,28.0,77.14,True,True,not a confirmed keeper or college-rights hold
Michael Pittman Jr,WR,27.0,137.83,True,True,not a confirmed keeper or college-rights hold
Courtland Sutton,WR,27.0,137.35,True,True,not a confirmed keeper or college-rights hold
Lamar Jackson,QB,25.0,289.92,True,True,not a confirmed keeper or college-rights hold
Matthew Golden,WR,22.0,127.74,True,True,not a confirmed keeper or college-rights hold
Jakobi Meyers,WR,21.0,131.61,True,True,not a confirmed keeper or college-rights hold
Stefon Diggs,WR,20.0,130.42,True,True,not a confirmed keeper or college-rights hold
Keaton Mitchell,RB,19.0,90.45,True,True,not a confirmed keeper or college-rights hold
Khalil Shakir,WR,19.0,122.83,True,True,not a confirmed keeper or college-rights hold
Jalen Hurts,QB,18.0,297.46,True,True,not a confirmed keeper or college-rights hold
Joe Burrow,QB,17.0,282.7,True,True,not a confirmed keeper or college-rights hold
Tyler Allgeier,RB,17.0,86.65,True,True,not a confirmed keeper or college-rights hold
Romeo Doubs,WR,17.0,122.25,True,True,not a confirmed keeper or college-rights hold
Alvin Kamara,RB,16.0,68.7,True,True,not a confirmed keeper or college-rights hold
Jayden Daniels,QB,16.0,293.28,True,True,not a confirmed keeper or college-rights hold
KC Concepcion,WR,16.0,118.36,True,True,not a confirmed keeper or college-rights hold
Isiah Pacheco,RB,16.0,73.93,True,True,not a confirmed keeper or college-rights hold
George Kittle,TE,15.0,130.46,True,True,not a confirmed keeper or college-rights hold
CJ Stroud,QB,15.0,245.14,True,True,not a confirmed keeper or college-rights hold
Dylan Sampson,RB,15.0,79.3,True,True,not a confirmed keeper or college-rights hold
Ricky Pearsall,WR,15.0,199.08333333333334,False,True,not a confirmed keeper or college-rights hold
Travis Kelce,TE,13.0,129.94,True,True,not a confirmed keeper or college-rights hold
Mike Washington Jr.,RB,12.0,80.65,True,True,not a confirmed keeper or college-rights hold
Jajuan Jennings,WR,11.0,145.99444444444444,False,True,not a confirmed keeper or college-rights hold
Tyrone Tracy Jr,RB,11.0,72.35,True,True,not a confirmed keeper or college-rights hold
Mark Andrews,TE,11.0,128.18,True,True,not a confirmed keeper or college-rights hold
AD Mitchell,WR,11.0,145.99444444444444,False,True,not a confirmed keeper or college-rights hold
Jayden Higgins,WR,10.0,132.72222222222223,False,True,not a confirmed keeper or college-rights hold
Tank Bigsby,RB,9.0,68.64,True,True,not a confirmed keeper or college-rights hold
Braelon Allen,RB,9.0,68.77,True,True,not a confirmed keeper or college-rights hold
Dallas Goedert,TE,9.0,119.45,True,True,not a confirmed keeper or college-rights hold
Isaiah Likely,TE,8.0,115.25,True,True,not a confirmed keeper or college-rights hold
Jake Ferguson,TE,8.0,117.94,True,True,not a confirmed keeper or college-rights hold
Xavier Worthy,WR,8.0,118.5,True,True,not a confirmed keeper or college-rights hold
Dalton Kincaid,TE,8.0,118.1,True,True,not a confirmed keeper or college-rights hold
Dak Prescott,QB,7.0,278.54,True,True,not a confirmed keeper or college-rights hold
Ray Davis,RB,7.0,61.54,True,True,not a confirmed keeper or college-rights hold
Justin Herbert,QB,6.0,263.56,True,True,not a confirmed keeper or college-rights hold
Juwan Johnson,TE,5.0,111.55,True,True,not a confirmed keeper or college-rights hold
Brenton Strange,TE,5.0,112.65,True,True,not a confirmed keeper or college-rights hold
Kimani Vidal,RB,5.0,54.72,True,True,not a confirmed keeper or college-rights hold
Rashid Shaheed,WR,5.0,105.92,True,True,not a confirmed keeper or college-rights hold
Samaje Perine,RB,4.0,68.35,True,True,not a confirmed keeper or college-rights hold
Dalton Schultz,TE,4.0,109.4,True,True,not a confirmed keeper or college-rights hold
Cooper Kupp,WR,4.0,69.66,True,True,not a confirmed keeper or college-rights hold
James Conner,RB,4.0,42.62,True,True,not a confirmed keeper or college-rights hold
Chris Rodriguez Jr,RB,3.0,110.29,True,True,not a confirmed keeper or college-rights hold
Jared Goff,QB,3.0,261.71,True,True,not a confirmed keeper or college-rights hold
Patrick Mahomes,QB,3.0,254.26,True,True,not a confirmed keeper or college-rights hold
Keenan Allen,WR,3.0,80.85,True,True,not a confirmed keeper or college-rights hold
Chig Okonkwo,TE,3.0,98.45,True,True,not a confirmed keeper or college-rights hold
Justice Hill,RB,2.0,57.9,True,True,not a confirmed keeper or college-rights hold
Keon Coleman,WR,2.0,60.6,True,True,not a confirmed keeper or college-rights hold
Adonai Mitchell,WR,2.0,84.34,True,True,not a confirmed keeper or college-rights hold
De'Zhaun Stribling,WR,2.0,92.85,True,True,not a confirmed keeper or college-rights hold
Jordan Love,QB,2.0,256.74,True,True,not a confirmed keeper or college-rights hold
Trey Benson,RB,2.0,11.03,True,True,not a confirmed keeper or college-rights hold
Christian Kirk,WR,2.0,37.77,True,True,not a confirmed keeper or college-rights hold
Rashod Bateman,WR,2.0,79.23,True,True,not a confirmed keeper or college-rights hold
Tre Tucker,WR,2.0,95.11,True,True,not a confirmed keeper or college-rights hold
Baker Mayfield,QB,2.0,243.4,True,True,not a confirmed keeper or college-rights hold
Bo Nix,QB,2.0,262.52,True,True,not a confirmed keeper or college-rights hold
Kyler Murray,QB,2.0,255.34,True,True,not a confirmed keeper or college-rights hold
Matthew Stafford,QB,1.0,250.22,True,True,not a confirmed keeper or college-rights hold
Pat Bryant,WR,1.0,79.5,True,True,not a confirmed keeper or college-rights hold
Malik Davis,RB,1.0,30.01,True,True,not a confirmed keeper or college-rights hold
Devin Neal,RB,1.0,15.95,True,True,not a confirmed keeper or college-rights hold
Chris Brooks,RB,1.0,38.97,True,True,not a confirmed keeper or college-rights hold
Cedric Tillman,WR,1.0,19.7,True,True,not a confirmed keeper or college-rights hold
Najee Harris,RB,1.0,41.47,True,True,not a confirmed keeper or college-rights hold
Isaiah Davis,RB,1.0,45.95,True,True,not a confirmed keeper or college-rights hold
LeQuint Allen Jr.,RB,1.0,38.64,True,True,not a confirmed keeper or college-rights hold
Demond Claiborne,RB,1.0,32.59,True,True,not a confirmed keeper or college-rights hold
Sean Tucker,RB,1.0,48.94,True,True,not a confirmed keeper or college-rights hold
Jalen Nailor,WR,1.0,94.21,True,True,not a confirmed keeper or college-rights hold
Kendre Miller,RB,1.0,19.51,True,True,not a confirmed keeper or college-rights hold
George Holani,RB,1.0,36.01,True,True,not a confirmed keeper or college-rights hold
Seth McGowan,RB,1.0,34.66,True,True,not a confirmed keeper or college-rights hold
Jaylen Wright,RB,1.0,47.44,True,True,not a confirmed keeper or college-rights hold
DJ Giddens,RB,1.0,33.72,True,True,not a confirmed keeper or college-rights hold
Kaelon Black,RB,1.0,47.43,True,True,not a confirmed keeper or college-rights hold
Tyler Shough,QB,1.0,258.88,True,True,not a confirmed keeper or college-rights hold
Emanuel Wilson,RB,1.0,38.92,True,True,not a confirmed keeper or college-rights hold
Malik Willis,QB,1.0,253.88,True,True,not a confirmed keeper or college-rights hold
Emari Demercado,RB,1.0,26.21,True,True,not a confirmed keeper or college-rights hold
Brashard Smith,RB,1.0,31.53,True,True,not a confirmed keeper or college-rights hold
Jalen McMillan,WR,1.0,92.48,True,True,not a confirmed keeper or college-rights hold
Devin Singletary,RB,1.0,24.69,True,True,not a confirmed keeper or college-rights hold
Jameis Winston,QB,0.0,10.26,True,True,not a confirmed keeper or college-rights hold
Ashton Dulin,WR,0.0,25.13,True,True,not a confirmed keeper or college-rights hold
Luke Musgrave,TE,0.0,24.28,True,True,not a confirmed keeper or college-rights hold
Tommy Tremble,TE,0.0,27.95,True,True,not a confirmed keeper or college-rights hold
Marcus Mariota,QB,0.0,17.15,True,True,not a confirmed keeper or college-rights hold
Joe Flacco,QB,0.0,28.58,True,True,not a confirmed keeper or college-rights hold
Tutu Atwell,WR,0.0,22.9,True,True,not a confirmed keeper or college-rights hold
John Metchie III,WR,0.0,27.49,True,True,not a confirmed keeper or college-rights hold
Nick Westbrook-Ikhine,WR,0.0,0.0,False,True,not a confirmed keeper or college-rights hold
Phil Mafah,RB,0.0,14.11,True,True,not a confirmed keeper or college-rights hold
J'Mari Taylor,RB,0.0,0.0,False,True,not a confirmed keeper or college-rights hold
Demarcus Robinson,WR,0.0,28.84,True,True,not a confirmed keeper or college-rights hold
CJ Daniels,WR,0.0,23.65,True,True,not a confirmed keeper or college-rights hold
Kevin Coleman Jr.,WR,0.0,53.55,True,True,not a confirmed keeper or college-rights hold
Raheim Sanders,RB,0.0,16.41,True,True,not a confirmed keeper or college-rights hold
Dont'e Thornton Jr.,WR,0.0,0.0,True,True,not a confirmed keeper or college-rights hold
Zavion Thomas,WR,0.0,32.09,True,True,not a confirmed keeper or college-rights hold
Colbie Young,WR,0.0,33.1,True,True,not a confirmed keeper or college-rights hold
Noah Fant,TE,0.0,29.15,True,True,not a confirmed keeper or college-rights hold
Roschon Johnson,RB,0.0,12.5,True,True,not a confirmed keeper or college-rights hold
Max Klare,TE,0.0,16.2,True,True,not a confirmed keeper or college-rights hold
Brenen Thompson,WR,0.0,36.51,True,True,not a confirmed keeper or college-rights hold
Dawson Knox,TE,0.0,58.6,True,True,not a confirmed keeper or college-rights hold
Joe Mixon,RB,0.0,0.0,False,True,not a confirmed keeper or college-rights hold
Bam Knight,RB,0.0,6.21,True,True,not a confirmed keeper or college-rights hold
Luke McCaffrey,WR,0.0,24.25,True,True,not a confirmed keeper or college-rights hold
Kendrick Bourne,WR,0.0,56.62,True,True,not a confirmed keeper or college-rights hold
Bryce Lance,WR,0.0,36.45,True,True,not a confirmed keeper or college-rights hold
Malik Benson,WR,0.0,41.85,True,True,not a confirmed keeper or college-rights hold
Eli Heidenreich,RB,0.0,20.8,True,True,not a confirmed keeper or college-rights hold
Ja'Tavion Sanders,TE,0.0,29.55,True,True,not a confirmed keeper or college-rights hold
Treylon Burks,WR,0.0,37.54,True,True,not a confirmed keeper or college-rights hold
Mac Jones,QB,0.0,27.06,True,True,not a confirmed keeper or college-rights hold
Noah Gray,TE,0.0,42.1,True,True,not a confirmed keeper or college-rights hold
Joshua Palmer,WR,0.0,37.3,True,True,not a confirmed keeper or college-rights hold
Devontez Walker,WR,0.0,35.2,True,True,not a confirmed keeper or college-rights hold
Jaylin Lane,WR,0.0,21.12,True,True,not a confirmed keeper or college-rights hold
Xavier Hutchinson,WR,0.0,33.06,True,True,not a confirmed keeper or college-rights hold
Jalen Tolbert,WR,0.0,43.35,True,True,not a confirmed keeper or college-rights hold
Charlie Kolar,TE,0.0,48.57,True,True,not a confirmed keeper or college-rights hold
Elijah Arroyo,TE,0.0,52.8,True,True,not a confirmed keeper or college-rights hold
Michael Mayer,TE,0.0,58.35,True,True,not a confirmed keeper or college-rights hold
Carson Beck,QB,0.0,51.46,True,True,not a confirmed keeper or college-rights hold
Olamide Zaccheaus,WR,0.0,41.59,True,True,not a confirmed keeper or college-rights hold
Konata Mumpfield,WR,0.0,16.27,True,True,not a confirmed keeper or college-rights hold
Eli Raridon,TE,0.0,33.55,True,True,not a confirmed keeper or college-rights hold
Tez Johnson,WR,0.0,33.4,True,True,not a confirmed keeper or college-rights hold
Tyler Higbee,TE,0.0,33.6,True,True,not a confirmed keeper or college-rights hold
Erick All Jr.,TE,0.0,52.0,True,True,not a confirmed keeper or college-rights hold
Cole Kmet,TE,0.0,53.05,True,True,not a confirmed keeper or college-rights hold
Tyreek Hill,WR,0.0,0.0,False,True,not a confirmed keeper or college-rights hold
Jordan Watkins,WR,0.0,0.0,False,True,not a confirmed keeper or college-rights hold
Adam Prentice,RB,0.0,8.57,True,True,not a confirmed keeper or college-rights hold
Tyler Lockett,WR,0.0,22.8,True,True,not a confirmed keeper or college-rights hold
Tanner Koziol,TE,0.0,14.48,True,True,not a confirmed keeper or college-rights hold
Tyrod Taylor,QB,0.0,10.25,True,True,not a confirmed keeper or college-rights hold
Trey Lance,QB,0.0,9.42,True,True,not a confirmed keeper or college-rights hold
Drew Allar,QB,0.0,9.78,True,True,not a confirmed keeper or college-rights hold
Lew Nichols III,RB,0.0,0.0,False,True,not a confirmed keeper or college-rights hold
Justin Joly,TE,0.0,0.0,False,True,not a confirmed keeper or college-rights hold
Jimmy Horn Jr.,WR,0.0,17.95,True,True,not a confirmed keeper or college-rights hold
Cade Stover,TE,0.0,25.63,True,True,not a confirmed keeper or college-rights hold
British Brooks,RB,0.0,2.4,True,True,not a confirmed keeper or college-rights hold
Moliki Matavao,TE,0.0,0.0,False,True,not a confirmed keeper or college-rights hold
Ben Sinnott,TE,0.0,28.2,True,True,not a confirmed keeper or college-rights hold
Cade Klubnik,QB,0.0,8.5,True,True,not a confirmed keeper or college-rights hold
Sione Vaki,RB,0.0,6.02,True,True,not a confirmed keeper or college-rights hold
Rasheen Ali,RB,0.0,16.97,True,True,not a confirmed keeper or college-rights hold
Tim Patrick,WR,0.0,14.07,True,True,not a confirmed keeper or college-rights hold
Tyler Badie,RB,0.0,0.0,True,True,not a confirmed keeper or college-rights hold
Mitch Tinsley,WR,0.0,0.0,False,True,not a confirmed keeper or college-rights hold
Roman Hemby,RB,0.0,0.0,False,True,not a confirmed keeper or college-rights hold
Jahdae Walker,WR,0.0,29.43,True,True,not a confirmed keeper or college-rights hold
Dylan Laube,RB,0.0,0.0,True,True,not a confirmed keeper or college-rights hold
Josh Williams,RB,0.0,0.0,False,True,not a confirmed keeper or college-rights hold
Ronnie Rivers,RB,0.0,0.0,False,True,not a confirmed keeper or college-rights hold
Max Bredeson,RB,0.0,7.85,True,True,not a confirmed keeper or college-rights hold
Antonio Gibson,RB,0.0,0.0,False,True,not a confirmed keeper or college-rights hold
DeAndre Hopkins,WR,0.0,2.0,True,True,not a confirmed keeper or college-rights hold
Khalil Herbert,RB,0.0,0.0,False,True,not a confirmed keeper or college-rights hold
Riley Leonard,QB,0.0,11.86,True,True,not a confirmed keeper or college-rights hold
Damien Martinez,RB,0.0,0.0,False,True,not a confirmed keeper or college-rights hold
Will Kacmarek,TE,0.0,48.59,True,True,not a confirmed keeper or college-rights hold
Elijah Moore,WR,0.0,0.0,False,True,not a confirmed keeper or college-rights hold
Quinn Ewers,QB,0.0,9.68,True,True,not a confirmed keeper or college-rights hold
Jacob Cowing,WR,0.0,7.86,True,True,not a confirmed keeper or college-rights hold
Xavier Smith,WR,0.0,8.03,True,True,not a confirmed keeper or college-rights hold
Josh Oliver,TE,0.0,33.3,True,True,not a confirmed keeper or college-rights hold
Robert Henry Jr.,RB,0.0,0.0,False,True,not a confirmed keeper or college-rights hold
Reggie Gilliam,RB,0.0,6.24,True,True,not a confirmed keeper or college-rights hold
Jeremy McNichols,RB,0.0,0.0,False,True,not a confirmed keeper or college-rights hold
Alec Ingold,RB,0.0,12.28,True,True,not a confirmed keeper or college-rights hold
Matt Hibner,TE,0.0,0.0,False,True,not a confirmed keeper or college-rights hold
Zavier Scott,RB,0.0,0.0,False,True,not a confirmed keeper or college-rights hold
Marlin Klein,TE,0.0,27.9,True,True,not a confirmed keeper or college-rights hold
KaVontae Turpin,WR,0.0,56.6,True,True,not a confirmed keeper or college-rights hold
Barion Brown,WR,0.0,14.94,True,True,not a confirmed keeper or college-rights hold
Savion Williams,WR,0.0,38.77,True,True,not a confirmed keeper or college-rights hold
Ty Simpson,QB,0.0,18.3,True,True,not a confirmed keeper or college-rights hold
Roman Wilson,WR,0.0,42.4,True,True,not a confirmed keeper or college-rights hold
Shedeur Sanders,QB,0.0,101.58,True,True,not a confirmed keeper or college-rights hold
Jawhar Jordan,RB,0.0,21.18,True,True,not a confirmed keeper or college-rights hold
Justin Fields,QB,0.0,40.19,True,True,not a confirmed keeper or college-rights hold
Anthony Richardson Sr.,QB,0.0,10.4,True,True,not a confirmed keeper or college-rights hold
Kyle Juszczyk,RB,0.0,43.16,True,True,not a confirmed keeper or college-rights hold
Kalif Raymond,WR,0.0,32.99,True,True,not a confirmed keeper or college-rights hold
Jordan Whittington,WR,0.0,17.43,True,True,not a confirmed keeper or college-rights hold
Jam Miller,RB,0.0,0.0,False,True,not a confirmed keeper or college-rights hold
Greg Dortch,WR,0.0,31.14,True,True,not a confirmed keeper or college-rights hold
Dyami Brown,WR,0.0,38.75,True,True,not a confirmed keeper or college-rights hold
Daniel Bellinger,TE,0.0,39.7,True,True,not a confirmed keeper or college-rights hold
Mitchell Evans,TE,0.0,16.86,True,True,not a confirmed keeper or college-rights hold
Isaiah Williams,WR,0.0,21.42,True,True,not a confirmed keeper or college-rights hold
Austin Hooper,TE,0.0,31.35,True,True,not a confirmed keeper or college-rights hold
Chris Blair,WR,0.0,0.0,False,True,not a confirmed keeper or college-rights hold
John Bates,TE,0.0,33.82,True,True,not a confirmed keeper or college-rights hold
Tai Felton,WR,0.0,6.75,True,True,not a confirmed keeper or college-rights hold
Terrell Jennings,RB,0.0,0.0,False,True,not a confirmed keeper or college-rights hold
Deion Burks,WR,0.0,0.0,False,True,not a confirmed keeper or college-rights hold
Dameon Pierce,RB,0.0,0.0,False,True,not a confirmed keeper or college-rights hold
Hunter Luepke,RB,0.0,20.7,True,True,not a confirmed keeper or college-rights hold
Odell Beckham Jr.,WR,0.0,19.31,True,True,not a confirmed keeper or college-rights hold
Tommy Myers,TE,0.0,0.0,False,True,not a confirmed keeper or college-rights hold
Tyler Goodson,RB,0.0,11.22,True,True,not a confirmed keeper or college-rights hold
Elijah Higgins,TE,0.0,36.0,True,True,not a confirmed keeper or college-rights hold
Xavier Legette,WR,0.0,60.63,True,True,not a confirmed keeper or college-rights hold
Jake Browning,QB,0.0,0.0,False,True,not a confirmed keeper or college-rights hold
Daniel Jones,QB,0.0,223.84,True,True,not a confirmed keeper or college-rights hold
Elic Ayomanor,WR,0.0,45.4,True,True,not a confirmed keeper or college-rights hold
Cade Otton,TE,0.0,85.45,True,True,not a confirmed keeper or college-rights hold
Dontayavion Wicks,WR,0.0,0.0,False,True,not a confirmed keeper or college-rights hold
Troy Franklin,WR,0.0,51.54,True,True,not a confirmed keeper or college-rights hold
Tanner Hudson,TE,0.0,18.22,True,True,not a confirmed keeper or college-rights hold
Tyler Conklin,TE,0.0,2.97,True,True,not a confirmed keeper or college-rights hold
Luke Schoonmaker,TE,0.0,24.15,True,True,not a confirmed keeper or college-rights hold
Jaret Patterson,RB,0.0,0.0,False,True,not a confirmed keeper or college-rights hold
Josh Cameron,WR,0.0,6.79,True,True,not a confirmed keeper or college-rights hold
Velus Jones Jr.,WR,0.0,0.0,False,True,not a confirmed keeper or college-rights hold
Kyle Williams,WR,0.0,37.34,True,True,not a confirmed keeper or college-rights hold
Noah Whittington,RB,0.0,0.0,False,True,not a confirmed keeper or college-rights hold
Cash Jones,RB,0.0,0.0,False,True,not a confirmed keeper or college-rights hold
Michael Burton,RB,0.0,14.46,True,True,not a confirmed keeper or college-rights hold
Durham Smythe,TE,0.0,18.49,True,True,not a confirmed keeper or college-rights hold
Tyson Bagent,QB,0.0,11.07,True,True,not a confirmed keeper or college-rights hold
Nate Boerkircher,TE,0.0,29.93,True,True,not a confirmed keeper or college-rights hold
Jeremy Ruckert,TE,0.0,32.28,True,True,not a confirmed keeper or college-rights hold
Jackson Hawes,TE,0.0,26.45,True,True,not a confirmed keeper or college-rights hold
Kaleb Johnson,RB,0.0,7.45,True,True,not a confirmed keeper or college-rights hold
Ollie Gordon,RB,0.0,32.75,True,True,not a confirmed keeper or college-rights hold
Kenneth Gainwell,RB,0.0,0.0,False,True,not a confirmed keeper or college-rights hold
Mason Taylor,TE,0.0,58.65,True,True,not a confirmed keeper or college-rights hold
Malik Washington,WR,0.0,92.28,True,True,not a confirmed keeper or college-rights hold
Terrance Ferguson,TE,0.0,82.7,True,True,not a confirmed keeper or college-rights hold
Jaylin Noel,WR,0.0,77.12,True,True,not a confirmed keeper or college-rights hold
Jalen Reagor,WR,0.0,0.0,False,True,not a confirmed keeper or college-rights hold
Xavier Restrepo,WR,0.0,0.0,False,True,not a confirmed keeper or college-rights hold
Frank Gore Jr.,RB,0.0,0.0,False,True,not a confirmed keeper or college-rights hold
Drew Sample,TE,0.0,29.82,True,True,not a confirmed keeper or college-rights hold
Adam Trautman,TE,0.0,28.15,True,True,not a confirmed keeper or college-rights hold
Kene Nwangwu,RB,0.0,9.8,True,True,not a confirmed keeper or college-rights hold
Reggie Virgil,WR,0.0,6.22,True,True,not a confirmed keeper or college-rights hold
Sam Roush,TE,0.0,14.24,True,True,not a confirmed keeper or college-rights hold
Gardner Minshew II,QB,0.0,9.19,True,True,not a confirmed keeper or college-rights hold
Joe Milton III,QB,0.0,5.64,True,True,not a confirmed keeper or college-rights hold
Patrick Ricard,RB,0.0,5.23,True,True,not a confirmed keeper or college-rights hold
Jonnu Smith,TE,0.0,44.13,True,True,not a confirmed keeper or college-rights hold
KeAndre Lambert-Smith,WR,0.0,14.66,True,True,not a confirmed keeper or college-rights hold
Lil'Jordan Humphrey,WR,0.0,14.96,True,True,not a confirmed keeper or college-rights hold
Zach Ertz,TE,0.0,0.0,False,True,not a confirmed keeper or college-rights hold
Tet McMillan,WR,0.0,0.0,False,True,not a confirmed keeper or college-rights hold
Michael Carter,RB,0.0,6.54,True,True,not a confirmed keeper or college-rights hold
JJ McCarthy,QB,0.0,23.46,True,True,not a confirmed keeper or college-rights hold
Van Jefferson,WR,0.0,6.01,True,True,not a confirmed keeper or college-rights hold
Travis Hunter,WR,0.0,73.58,True,True,not a confirmed keeper or college-rights hold
Theo Johnson,TE,0.0,56.7,True,True,not a confirmed keeper or college-rights hold
Darius Slayton,WR,0.0,55.66,True,True,not a confirmed keeper or college-rights hold
Colby Parkinson,TE,0.0,62.2,True,True,not a confirmed keeper or college-rights hold
Jacoby Brissett,QB,0.0,179.82,True,True,not a confirmed keeper or college-rights hold
Devaughn Vele,WR,0.0,81.38,True,True,not a confirmed keeper or college-rights hold
Marquez Valdes-Scantling,WR,0.0,0.0,False,True,not a confirmed keeper or college-rights hold
Jacob Saylors,RB,0.0,34.87,True,True,not a confirmed keeper or college-rights hold
AJ Barner,TE,0.0,99.04,True,True,not a confirmed keeper or college-rights hold
Kayshon Boutte,WR,0.0,86.3,True,True,not a confirmed keeper or college-rights hold
Evan Hull,RB,0.0,0.0,False,True,not a confirmed keeper or college-rights hold
Will Shipley,RB,0.0,21.94,True,True,not a confirmed keeper or college-rights hold
Tank Dell,WR,0.0,58.82,True,True,not a confirmed keeper or college-rights hold
Darnell Mooney,WR,0.0,63.83,True,True,not a confirmed keeper or college-rights hold
Isaac TeSlaa,WR,0.0,66.3,True,True,not a confirmed keeper or college-rights hold
Pat Freiermuth,TE,0.0,96.9,True,True,not a confirmed keeper or college-rights hold
Isaac Guerendo,RB,0.0,11.3,True,True,not a confirmed keeper or college-rights hold
Jerome Ford,RB,0.0,0.0,True,True,not a confirmed keeper or college-rights hold
Jaleel McLaughlin,RB,0.0,0.0,False,True,not a confirmed keeper or college-rights hold
DeMario Douglas,WR,0.0,61.67,True,True,not a confirmed keeper or college-rights hold
Audric Estime,RB,0.0,12.38,True,True,not a confirmed keeper or college-rights hold
Tahj Brooks,RB,0.0,23.18,True,True,not a confirmed keeper or college-rights hold
Darnell Washington,TE,0.0,60.1,True,True,not a confirmed keeper or college-rights hold
Jahan Dotson,WR,0.0,66.13,True,True,not a confirmed keeper or college-rights hold
Gunnar Helm,TE,0.0,85.2,True,True,not a confirmed keeper or college-rights hold
Skyler Bell,WR,0.0,38.52,True,True,not a confirmed keeper or college-rights hold
Brandon Aiyuk,WR,0.0,0.0,False,True,not a confirmed keeper or college-rights hold
Jake Tonges,TE,0.0,46.75,True,True,not a confirmed keeper or college-rights hold
Jarquez Hunter,RB,0.0,0.0,False,True,not a confirmed keeper or college-rights hold
Andrei Iosivas,WR,0.0,65.06,True,True,not a confirmed keeper or college-rights hold
Michael Woods II,WR,0.0,0.0,False,True,not a confirmed keeper or college-rights hold
Hollywood Brown,WR,0.0,41.95,True,True,not a confirmed keeper or college-rights hold
Mike Gesicki,TE,0.0,71.5,True,True,not a confirmed keeper or college-rights hold
Michael Penix Jr.,QB,0.0,122.75,True,True,not a confirmed keeper or college-rights hold
Marvin Mims Jr.,WR,0.0,47.9,True,True,not a confirmed keeper or college-rights hold
Kirk Cousins,QB,0.0,50.52,True,True,not a confirmed keeper or college-rights hold
Deshaun Watson,QB,0.0,101.26,True,True,not a confirmed keeper or college-rights hold
Eli Stowers,TE,0.0,48.79,True,True,not a confirmed keeper or college-rights hold
Mack Hollins,WR,0.0,34.99,True,True,not a confirmed keeper or college-rights hold
Aaron Rodgers,QB,0.0,191.83,True,True,not a confirmed keeper or college-rights hold
Geno Smith,QB,0.0,177.54,True,True,not a confirmed keeper or college-rights hold
Bryce Young,QB,0.0,218.36,True,True,not a confirmed keeper or college-rights hold
Jerry Jeudy,WR,0.0,93.02,True,True,not a confirmed keeper or college-rights hold
Jauan Jennings,WR,0.0,89.4,True,True,not a confirmed keeper or college-rights hold
Dontayvion Wicks,WR,0.0,73.95,True,True,not a confirmed keeper or college-rights hold
Omar Cooper Jr.,WR,0.0,71.98,True,True,not a confirmed keeper or college-rights hold
Ryan Flournoy,WR,0.0,88.9,True,True,not a confirmed keeper or college-rights hold
Calvin Ridley,WR,0.0,72.14,True,True,not a confirmed keeper or college-rights hold
Darren Waller,TE,0.0,82.85,True,True,not a confirmed keeper or college-rights hold
Kareem Hunt,RB,0.0,0.0,False,True,not a confirmed keeper or college-rights hold
Tre Harris,WR,0.0,88.42,True,True,not a confirmed keeper or college-rights hold
Sam Darnold,QB,0.0,229.22,True,True,not a confirmed keeper or college-rights hold
Evan Engram,TE,0.0,59.49,True,True,not a confirmed keeper or college-rights hold
Cyrus Allen,WR,0.0,66.53,True,True,not a confirmed keeper or college-rights hold
Tua Tagovailoa,QB,0.0,103.67,True,True,not a confirmed keeper or college-rights hold
Tyquan Thornton,WR,0.0,57.5,True,True,not a confirmed keeper or college-rights hold
Jack Bech,WR,0.0,58.15,True,True,not a confirmed keeper or college-rights hold
David Njoku,TE,0.0,56.0,True,True,not a confirmed keeper or college-rights hold
Ted Hurst III,WR,0.0,61.33,True,True,not a confirmed keeper or college-rights hold
Chimere Dike,WR,0.0,52.35,True,True,not a confirmed keeper or college-rights hold
Ty Johnson,RB,0.0,48.65,True,True,not a confirmed keeper or college-rights hold
Greg Dulcich,TE,0.0,101.4,True,True,not a confirmed keeper or college-rights hold
Caleb Douglas,WR,0.0,83.27,True,True,not a confirmed keeper or college-rights hold
Cam Ward,QB,0.0,221.28,True,True,not a confirmed keeper or college-rights hold
