"RK",TIERS,"PLAYER NAME",TEAM,"POS","BYE WEEK","UPSIDE ","BUST ","SOS SEASON","ECR VS. ADP","AVG. DIFF ","% OVER "
"1",1,"Ja'Marr Chase",CIN,"WR1","6","5 out of 5","1 out of 5","4 out of 5 stars","+2","-0.3","40% (6/15)"
"2",1,"Jahmyr Gibbs",DET,"RB1","6","5 out of 5","1 out of 5","5 out of 5 stars","-1","+1.9","50% (8/16)"
"3",1,"Puka Nacua",LAR,"WR2","11","5 out of 5","2 out of 5","1 out of 5 stars","+1","+2.6","60% (9/15)"
"4",1,"Bijan Robinson",ATL,"RB2","11","5 out of 5","1 out of 5","2 out of 5 stars","-2","+2.1","56% (9/16)"
"5",1,"Jaxon Smith-Njigba",SEA,"WR3","11","5 out of 5","2 out of 5","3 out of 5 stars","0","+2.4","62% (10/16)"
"6",1,"Amon-Ra St. Brown",DET,"WR4","6","5 out of 5","1 out of 5","4 out of 5 stars","+2","-0.1","37% (6/16)"
"7",2,"CeeDee Lamb",DAL,"WR5","14","4 out of 5","2 out of 5","2 out of 5 stars","+3","-2.4","38% (5/13)"
"8",2,"Christian McCaffrey",SF,"RB3","8","4 out of 5","4 out of 5","2 out of 5 stars","-2","+2.8","75% (12/16)"
"9",2,"Justin Jefferson",MIN,"WR6","6","4 out of 5","2 out of 5","5 out of 5 stars","+3","-4.0","25% (4/16)"
"10",2,"Jonathan Taylor",IND,"RB4","13","4 out of 5","3 out of 5","4 out of 5 stars","-3","+2.6","43% (7/16)"
"11",2,"Drake London",ATL,"WR7","11","4 out of 5","3 out of 5","3 out of 5 stars","+8","+0.9","45% (5/11)"
"12",3,"A.J. Brown",NE,"WR8","11","5 out of 5","2 out of 5","2 out of 5 stars","+8","-0.1","46% (7/15)"
"13",3,"James Cook III",BUF,"RB5","7","5 out of 5","2 out of 5","2 out of 5 stars","-4","+2.2","62% (10/16)"
"14",3,"Nico Collins",HOU,"WR9","8","5 out of 5","2 out of 5","3 out of 5 stars","+10","-0.5","46% (7/15)"
"15",3,"Chase Brown",CIN,"RB6","6","5 out of 5","2 out of 5","2 out of 5 stars","-2","+2.0","56% (9/16)"
"16",3,"Chris Olave",NO,"WR10","8","4 out of 5","3 out of 5","3 out of 5 stars","+10","+2.4","50% (8/16)"
"17",3,"Brock Bowers",LV,"TE1","13","5 out of 5","2 out of 5","3 out of 5 stars","+5","-","-"
"18",3,"George Pickens",DAL,"WR11","14","4 out of 5","3 out of 5","2 out of 5 stars","+7","+2.4","43% (7/16)"
"19",3,"Trey McBride",ARI,"TE2","14","4 out of 5","2 out of 5","2 out of 5 stars","+2","+2.2","56% (9/16)"
"20",3,"De'Von Achane",MIA,"RB7","6","4 out of 5","4 out of 5","3 out of 5 stars","-9","+0.1","31% (5/16)"
"21",4,"Saquon Barkley",PHI,"RB8","10","4 out of 5","3 out of 5","4 out of 5 stars","-7","-2.1","37% (6/16)"
"22",4,"DeVonta Smith",PHI,"WR12","10","4 out of 5","2 out of 5","4 out of 5 stars","+12","-1.0","37% (6/16)"
"23",4,"Malik Nabers",NYG,"WR13","8","4 out of 5","4 out of 5","4 out of 5 stars","+5","-","-"
"24",4,"Kenneth Walker III",KC,"RB9","5","5 out of 5","3 out of 5","3 out of 5 stars","-6","-1.4","25% (4/16)"
"25",4,"Rashee Rice",KC,"WR14","5","5 out of 5","4 out of 5","2 out of 5 stars","+2","-","-"
"26",4,"Omarion Hampton",LAC,"RB10","7","5 out of 5","2 out of 5","3 out of 5 stars","-9","+0.7","55% (5/9)"
"27",4,"Josh Allen",BUF,"QB1","7","5 out of 5","1 out of 5","3 out of 5 stars","-4","+0.7","50% (8/16)"
"28",4,"Ashton Jeanty",LV,"RB11","13","4 out of 5","4 out of 5","2 out of 5 stars","-13","-0.6","43% (7/16)"
"29",4,"Garrett Wilson",NYJ,"WR15","13","4 out of 5","3 out of 5","4 out of 5 stars","+10","-","-"
"30",4,"Zay Flowers",BAL,"WR16","13","4 out of 5","2 out of 5","4 out of 5 stars","+5","-0.4","37% (6/16)"
"31",4,"Lamar Jackson",BAL,"QB2","13","4 out of 5","3 out of 5","3 out of 5 stars","+9","-4.4","41% (5/12)"
"32",4,"Ladd McConkey",LAC,"WR17","7","4 out of 5","3 out of 5","2 out of 5 stars","+12","-2.1","43% (7/16)"
"33",4,"Jaylen Waddle",DEN,"WR18","10","4 out of 5","3 out of 5","2 out of 5 stars","+15","-1.0","43% (7/16)"
"34",4,"Tetairoa McMillan",CAR,"WR19","5","4 out of 5","3 out of 5","2 out of 5 stars","+4","-0.3","37% (6/16)"
"35",5,"Colston Loveland",CHI,"TE3","10","5 out of 5","2 out of 5","2 out of 5 stars","+7","+1.9","53% (8/15)"
"36",5,"Tee Higgins",CIN,"WR20","6","5 out of 5","2 out of 5","4 out of 5 stars","+7","+0.9","50% (7/14)"
"37",5,"Derrick Henry",BAL,"RB12","13","4 out of 5","2 out of 5","3 out of 5 stars","-21","+1.4","43% (7/16)"
"38",5,"Drake Maye",NE,"QB3","11","5 out of 5","2 out of 5","2 out of 5 stars","+15","+1.5","56% (9/16)"
"39",5,"Breece Hall",NYJ,"RB13","13","4 out of 5","4 out of 5","3 out of 5 stars","-7","-1.2","43% (7/16)"
"40",5,"Emeka Egbuka",TB,"WR21","10","4 out of 5","3 out of 5","4 out of 5 stars","+1","-1.4","31% (5/16)"
"41",5,"Kyren Williams",LAR,"RB14","11","4 out of 5","2 out of 5","5 out of 5 stars","-11","+0.9","56% (9/16)"
"42",5,"Jeremiyah Love",ARI,"RB15","14","5 out of 5","3 out of 5","2 out of 5 stars","-13","-","-"
"43",5,"Javonte Williams",DAL,"RB16","14","4 out of 5","4 out of 5","4 out of 5 stars","-12","+0.9","56% (9/16)"
"44",5,"Joe Burrow",CIN,"QB4","6","4 out of 5","3 out of 5","3 out of 5 stars","+10","-0.9","57% (4/7)"
"45",5,"Travis Etienne Jr.",NO,"RB17","8","4 out of 5","4 out of 5","3 out of 5 stars","-9","+2.2","62% (10/16)"
"46",5,"Luther Burden III",CHI,"WR22","10","4 out of 5","4 out of 5","3 out of 5 stars","+10","+1.8","57% (8/14)"
"47",5,"Terry McLaurin",WAS,"WR23","7","4 out of 5","2 out of 5","2 out of 5 stars","+8","-0.6","33% (3/9)"
"48",5,"Josh Jacobs",GB,"RB18","11","4 out of 5","4 out of 5","4 out of 5 stars","-15","-1.7","40% (6/15)"
"49",5,"Davante Adams",LAR,"WR24","11","4 out of 5","4 out of 5","1 out of 5 stars","+2","+0.2","50% (7/14)"
"50",5,"DJ Moore",BUF,"WR25","7","4 out of 5","2 out of 5","4 out of 5 stars","0","-0.5","31% (5/16)"
"51",6,"Tyler Warren",IND,"TE4","13","4 out of 5","2 out of 5","3 out of 5 stars","+1","-0.4","50% (8/16)"
"52",6,"Jayden Daniels",WAS,"QB5","7","4 out of 5","4 out of 5","2 out of 5 stars","+10","-","-"
"53",6,"D'Andre Swift",CHI,"RB19","10","3 out of 5","2 out of 5","2 out of 5 stars","-7","+2.1","60% (9/15)"
"54",6,"Jameson Williams",DET,"WR26","6","4 out of 5","3 out of 5","4 out of 5 stars","+4","+0.1","50% (8/16)"
"55",6,"Mike Evans",SF,"WR27","8","4 out of 5","3 out of 5","2 out of 5 stars","+9","-2.7","28% (2/7)"
"56",6,"Jalen Hurts",PHI,"QB6","10","4 out of 5","3 out of 5","5 out of 5 stars","+7","-2.1","37% (6/16)"
"57",6,"Rome Odunze",CHI,"WR28","10","4 out of 5","3 out of 5","3 out of 5 stars","+4","-1.6","46% (6/13)"
"58",6,"Christian Watson",GB,"WR29","11","4 out of 5","4 out of 5","5 out of 5 stars","+8","+2.4","50% (5/10)"
"59",6,"Cam Skattebo",NYG,"RB20","8","4 out of 5","4 out of 5","4 out of 5 stars","-22","-","-"
"60",6,"Bucky Irving",TB,"RB21","10","3 out of 5","4 out of 5","2 out of 5 stars","-15","-1.1","44% (4/9)"
"61",6,"Quinshon Judkins",CLE,"RB22","11","4 out of 5","4 out of 5","3 out of 5 stars","-14","-","-"
"62",6,"David Montgomery",HOU,"RB23","8","4 out of 5","2 out of 5","4 out of 5 stars","-13","-0.1","43% (7/16)"
"63",6,"Parker Washington",JAC,"WR30","7","4 out of 5","3 out of 5","4 out of 5 stars","+7","+3.8","80% (12/15)"
"64",6,"Caleb Williams",CHI,"QB7","10","5 out of 5","2 out of 5","3 out of 5 stars","+13","+1.2","62% (10/16)"
"65",6,"Bhayshul Tuten",JAC,"RB24","7","4 out of 5","3 out of 5","4 out of 5 stars","-8","-","-"
"66",6,"Carnell Tate",TEN,"WR31","9","4 out of 5","3 out of 5","3 out of 5 stars","+7","-","-"
"67",6,"Marvin Harrison Jr.",ARI,"WR32","14","4 out of 5","4 out of 5","2 out of 5 stars","+5","-1.7","50% (6/12)"
"68",6,"Justin Herbert",LAC,"QB8","7","5 out of 5","2 out of 5","2 out of 5 stars","+18","0.0","37% (6/16)"
"69",6,"TreVeyon Henderson",NE,"RB25","11","4 out of 5","4 out of 5","2 out of 5 stars","-10","0.0","31% (5/16)"
"70",6,"Jadarian Price",SEA,"RB26","11","4 out of 5","4 out of 5","4 out of 5 stars","-10","-","-"
"71",7,"Harold Fannin Jr.",CLE,"TE5","11","4 out of 5","3 out of 5","3 out of 5 stars","-4","+2.0","56% (9/16)"
"72",7,"Chris Godwin Jr.",TB,"WR33","10","4 out of 5","4 out of 5","4 out of 5 stars","+20","+0.2","37% (3/8)"
"73",7,"Rhamondre Stevenson",NE,"RB27","11","3 out of 5","3 out of 5","2 out of 5 stars","-8","+0.4","53% (7/13)"
"74",7,"Dak Prescott",DAL,"QB9","14","4 out of 5","2 out of 5","2 out of 5 stars","+1","+1.9","68% (11/16)"
"75",7,"Jaylen Warren",PIT,"RB28","9","4 out of 5","4 out of 5","2 out of 5 stars","-7","-0.1","46% (7/15)"
"76",7,"Kyle Pitts Sr.",ATL,"TE6","11","4 out of 5","4 out of 5","3 out of 5 stars","-7","+1.7","50% (8/16)"
"77",7,"Trevor Lawrence",JAC,"QB10","7","5 out of 5","2 out of 5","4 out of 5 stars","+7","+3.9","75% (12/16)"
"78",7,"DK Metcalf",PIT,"WR34","9","3 out of 5","3 out of 5","3 out of 5 stars","+2","-","-"
"79",7,"Brian Thomas Jr.",JAC,"WR35","7","2 out of 5","4 out of 5","4 out of 5 stars","+2","-2.4","30% (4/13)"
"80",7,"Tucker Kraft",GB,"TE7","11","4 out of 5","2 out of 5","2 out of 5 stars","-9","-","-"
"81",7,"Michael Pittman Jr.",PIT,"WR36","9","4 out of 5","3 out of 5","3 out of 5 stars","+13","-0.7","56% (9/16)"
"82",7,"Courtland Sutton",DEN,"WR37","10","2 out of 5","4 out of 5","2 out of 5 stars","-6","0.0","50% (8/16)"
"83",7,"Tony Pollard",TEN,"RB29","9","4 out of 5","3 out of 5","3 out of 5 stars","-4","0.0","25% (4/16)"
"84",7,"Wan'Dale Robinson",TEN,"WR38","9","4 out of 5","3 out of 5","3 out of 5 stars","+14","+1.1","43% (7/16)"
"85",7,"Sam LaPorta",DET,"TE8","6","4 out of 5","3 out of 5","3 out of 5 stars","-11","+0.7","44% (4/9)"
"86",7,"Josh Downs",IND,"WR39","13","3 out of 5","4 out of 5","4 out of 5 stars","+26","-0.5","46% (7/15)"
"87",7,"Michael Wilson",ARI,"WR40","14","-","-","2 out of 5 stars","-2","+2.4","68% (11/16)"
"88",7,"Rico Dowdle",PIT,"RB30","9","4 out of 5","4 out of 5","2 out of 5 stars","-10","+1.1","31% (5/16)"
"89",7,"Jonathon Brooks",CAR,"RB31","5","4 out of 5","4 out of 5","1 out of 5 stars","-7","-","-"
"90",7,"Quentin Johnston",LAC,"WR41","7","4 out of 5","4 out of 5","2 out of 5 stars","+18","+0.9","57% (8/14)"
"91",7,"RJ Harvey",DEN,"RB32","10","2 out of 5","4 out of 5","2 out of 5 stars","-8","+2.0","50% (8/16)"
"92",7,"Brock Purdy",SF,"QB11","8","4 out of 5","2 out of 5","1 out of 5 stars","+18","+4.6","87% (7/8)"
"93",8,"Jaxson Dart",NYG,"QB12","8","5 out of 5","4 out of 5","4 out of 5 stars","-2","+2.2","64% (9/14)"
"94",8,"Travis Kelce",KC,"TE9","5","3 out of 5","3 out of 5","4 out of 5 stars","+1","+0.2","50% (8/16)"
"95",8,"Bo Nix",DEN,"QB13","10","4 out of 5","2 out of 5","3 out of 5 stars","+14","+1.0","50% (8/16)"
"96",8,"George Kittle",SF,"TE10","8","4 out of 5","4 out of 5","3 out of 5 stars","-9","+1.6","50% (5/10)"
"97",8,"Chuba Hubbard",CAR,"RB33","5","2 out of 5","4 out of 5","1 out of 5 stars","-8","-1.1","28% (4/14)"
"98",8,"Kenny Gainwell",TB,"RB34","10","4 out of 5","3 out of 5","2 out of 5 stars","-2","+2.4","43% (7/16)"
"99",8,"Alec Pierce",IND,"WR42","13","4 out of 5","4 out of 5","4 out of 5 stars","-6","+2.5","64% (9/14)"
"100",8,"J.K. Dobbins",DEN,"RB35","10","4 out of 5","4 out of 5","2 out of 5 stars","-12","0.0","50% (5/10)"
"101",8,"Patrick Mahomes II",KC,"QB14","5","2 out of 5","4 out of 5","2 out of 5 stars","+3","-","-"
"102",8,"Stefon Diggs",WAS,"WR43","7","4 out of 5","2 out of 5","2 out of 5 stars","0","+0.1","50% (8/16)"
"103",8,"Jayden Reed",GB,"WR44","11","4 out of 5","4 out of 5","5 out of 5 stars","+16","-1.9","33% (2/6)"
"104",8,"Matthew Stafford",LAR,"QB15","11","4 out of 5","2 out of 5","3 out of 5 stars","-14","+3.3","62% (10/16)"
"105",8,"Jakobi Meyers",JAC,"WR45","7","2 out of 5","3 out of 5","4 out of 5 stars","+15","-1.4","33% (5/15)"
"106",8,"Jordan Addison",MIN,"WR46","6","4 out of 5","3 out of 5","5 out of 5 stars","+1","-0.4","30% (4/13)"
"107",8,"Jared Goff",DET,"QB16","6","3 out of 5","2 out of 5","5 out of 5 stars","+17","+0.8","43% (7/16)"
"108",8,"Makai Lemon",PHI,"WR47","10","4 out of 5","3 out of 5","4 out of 5 stars","+7","-","-"
"109",8,"Blake Corum",LAR,"RB36","11","4 out of 5","4 out of 5","5 out of 5 stars","-8","+2.1","56% (9/16)"
"110",8,"Dalton Kincaid",BUF,"TE11","7","3 out of 5","4 out of 5","3 out of 5 stars","+12","+1.6","54% (6/11)"
"111",8,"Rachaad White",WAS,"RB37","7","4 out of 5","3 out of 5","4 out of 5 stars","+5","-1.2","37% (6/16)"
"112",8,"Kyler Murray",MIN,"QB17","6","4 out of 5","3 out of 5","5 out of 5 stars","+25","-","-"
"113",8,"Jacory Croskey-Merritt",WAS,"RB38","7","4 out of 5","4 out of 5","4 out of 5 stars","-7","-0.2","37% (6/16)"
"114",8,"Jordan Mason",MIN,"RB39","6","4 out of 5","3 out of 5","4 out of 5 stars","-11","-1.0","33% (5/15)"
"115",8,"Aaron Jones Sr.",MIN,"RB40","6","1 out of 5","4 out of 5","4 out of 5 stars","+3","-1.3","33% (4/12)"
"116",8,"Kyle Monangai",CHI,"RB41","10","4 out of 5","4 out of 5","2 out of 5 stars","-16","+1.2","43% (7/16)"
"117",8,"KC Concepcion",CLE,"WR48","11","4 out of 5","3 out of 5","3 out of 5 stars","+9","-","-"
"118",8,"Dallas Goedert",PHI,"TE12","10","4 out of 5","3 out of 5","4 out of 5 stars","-7","+1.9","53% (8/15)"
"119",8,"Jake Ferguson",DAL,"TE13","14","2 out of 5","4 out of 5","2 out of 5 stars","-5","+0.3","50% (8/16)"
"120",8,"Baker Mayfield",TB,"QB18","10","3 out of 5","4 out of 5","2 out of 5 stars","+15","-0.9","56% (9/16)"
"121",8,"Jordan Love",GB,"QB19","11","4 out of 5","3 out of 5","4 out of 5 stars","+26","-1.2","46% (7/15)"
"122",8,"Isaiah Likely",NYG,"TE14","8","4 out of 5","4 out of 5","3 out of 5 stars","-17","-1.9","23% (3/13)"
"123",8,"Khalil Shakir",BUF,"WR49","7","2 out of 5","4 out of 5","4 out of 5 stars","+18","-1.1","37% (6/16)"
"124",8,"Jalen Coker",CAR,"WR50","5","4 out of 5","3 out of 5","2 out of 5 stars","+22","+0.5","40% (4/10)"
"125",8,"Tyler Shough",NO,"QB20","8","4 out of 5","2 out of 5","3 out of 5 stars","+25","+1.6","46% (7/15)"
"126",8,"Romeo Doubs",NE,"WR51","11","4 out of 5","3 out of 5","2 out of 5 stars","+3","-0.4","43% (7/16)"
"127",8,"Matthew Golden",GB,"WR52","11","4 out of 5","4 out of 5","5 out of 5 stars","-2","-2.6","23% (3/13)"
"128",8,"Malik Willis",MIA,"QB21","6","4 out of 5","4 out of 5","3 out of 5 stars","+37","+1.8","26% (4/15)"
"129",9,"Xavier Worthy",KC,"WR53","5","4 out of 5","4 out of 5","2 out of 5 stars","-1","-3.4","14% (2/14)"
"130",9,"Juwan Johnson",NO,"TE15","8","4 out of 5","2 out of 5","2 out of 5 stars","+21","+1.1","50% (8/16)"
"131",9,"Mark Andrews",BAL,"TE16","13","4 out of 5","4 out of 5","4 out of 5 stars","-4","-1.1","25% (4/16)"
"132",9,"Jordyn Tyson",NO,"WR54","8","3 out of 5","5 out of 5","3 out of 5 stars","+6","-","-"
"133",9,"Woody Marks",HOU,"RB42","8","3 out of 5","4 out of 5","4 out of 5 stars","0","+0.1","40% (6/15)"
"134",9,"De'Zhaun Stribling",SF,"WR55","8","4 out of 5","4 out of 5","2 out of 5 stars","-13","-","-"
"135",9,"Tyjae Spears",TEN,"RB43","9","3 out of 5","4 out of 5","3 out of 5 stars","+10","-0.2","25% (3/12)"
"136",9,"Tyler Allgeier",ARI,"RB44","14","3 out of 5","4 out of 5","2 out of 5 stars","+8","+1.0","56% (9/16)"
"137",9,"Chris Rodriguez Jr.",JAC,"RB45","7","3 out of 5","4 out of 5","4 out of 5 stars","-1","+1.8","58% (7/12)"
"138",9,"Sam Darnold",SEA,"QB22","11","2 out of 5","4 out of 5","4 out of 5 stars","+47","-0.3","56% (9/16)"
"139",9,"C.J. Stroud",HOU,"QB23","8","3 out of 5","4 out of 5","4 out of 5 stars","+39","-0.9","38% (5/13)"
"140",9,"Deebo Samuel Sr.",SF,"WR56","8","4 out of 5","4 out of 5","2 out of 5 stars","-9","-0.7","46% (7/15)"
"141",9,"Daniel Jones",IND,"QB24","13","4 out of 5","4 out of 5","4 out of 5 stars","+36","-","-"
"142",9,"Dylan Sampson",CLE,"RB46","11","4 out of 5","2 out of 5","3 out of 5 stars","+51","+0.5","42% (6/14)"
"143",9,"Rashid Shaheed",SEA,"WR57","11","3 out of 5","4 out of 5","3 out of 5 stars","0","-0.4","41% (7/17)"
"144",9,"Keaton Mitchell",LAC,"RB47","7","4 out of 5","3 out of 5","3 out of 5 stars","+13","+0.4","50% (6/12)"
"145",9,"Denzel Boston",CLE,"WR58","11","4 out of 5","4 out of 5","3 out of 5 stars","+21","-","-"
"146",9,"Cam Ward",TEN,"QB25","9","4 out of 5","4 out of 5","3 out of 5 stars","+80","-0.6","50% (8/16)"
"147",9,"Zach Charbonnet",SEA,"RB48","11","3 out of 5","4 out of 5","4 out of 5 stars","-7","+1.9","60% (9/15)"
"148",9,"Jonah Coleman",DEN,"RB49","10","4 out of 5","4 out of 5","2 out of 5 stars","+14","-","-"
"149",9,"Brenton Strange",JAC,"TE17","7","4 out of 5","3 out of 5","3 out of 5 stars","+11","+0.2","54% (6/11)"
"150",9,"Chig Okonkwo",WAS,"TE18","7","4 out of 5","4 out of 5","1 out of 5 stars","+32","+0.2","50% (8/16)"
"151",9,"Dalton Schultz",HOU,"TE19","8","4 out of 5","2 out of 5","4 out of 5 stars","+30","+0.9","56% (9/16)"
"152",9,"Tre Tucker",LV,"WR59","13","4 out of 5","2 out of 5","2 out of 5 stars","+22","+0.2","37% (6/16)"
"153",9,"Houston Texans",HOU,"DST1","8","-","-","2 out of 5 stars","-54","+2.2","62% (10/16)"
"154",9,"Tyrone Tracy Jr.",NYG,"RB50","8","2 out of 5","5 out of 5","4 out of 5 stars","+33","-0.5","35% (5/14)"
"155",9,"Hunter Henry",NE,"TE20","11","2 out of 5","4 out of 5","4 out of 5 stars","+1","+0.5","43% (7/16)"
"156",9,"Isiah Pacheco",DET,"RB51","6","3 out of 5","4 out of 5","5 out of 5 stars","-1","-1.9","30% (4/13)"
"157",9,"Adonai Mitchell",NYJ,"WR60","13","4 out of 5","4 out of 5","4 out of 5 stars","+74","0.0","28% (4/14)"
"158",9,"Alvin Kamara",NO,"RB52","8","3 out of 5","4 out of 5","3 out of 5 stars","-4","-4.1","18% (2/11)"
"159",10,"Tank Bigsby",PHI,"RB53","10","4 out of 5","4 out of 5","4 out of 5 stars","+11","+0.2","31% (5/16)"
"160",10,"Bryce Young",CAR,"QB26","5","2 out of 5","4 out of 5","2 out of 5 stars","+65","-0.4","40% (6/15)"
"161",10,"Jerry Jeudy",CLE,"WR61","11","1 out of 5","4 out of 5","3 out of 5 stars","+18","-2.2","18% (3/16)"
"162",10,"MarShawn Lloyd",GB,"RB54","11","4 out of 5","4 out of 5","4 out of 5 stars","-13","-","-"
"163",10,"Mike Washington Jr.",LV,"RB55","13","4 out of 5","4 out of 5","2 out of 5 stars","-21","-","-"
"164",10,"Denver Broncos",DEN,"DST2","10","-","-","4 out of 5 stars","-51","0.0","56% (9/16)"
"165",10,"Jalen McMillan",TB,"WR62","10","4 out of 5","4 out of 5","4 out of 5 stars","+37","+5.0","100% (3/3)"
"166",10,"Jauan Jennings",MIN,"WR63","6","2 out of 5","4 out of 5","5 out of 5 stars","+35","+1.0","50% (7/14)"
"167",10,"Braelon Allen",NYJ,"RB56","13","2 out of 5","4 out of 5","3 out of 5 stars","+31","-1.2","50% (2/4)"
"168",10,"Los Angeles Rams",LAR,"DST3","11","-","-","2 out of 5 stars","-51","+0.8","56% (9/16)"
"169",10,"Seattle Seahawks",SEA,"DST4","11","-","-","2 out of 5 stars","-46","+3.8","68% (11/16)"
"170",10,"Kayshon Boutte",HOU,"WR64","8","3 out of 5","4 out of 5","3 out of 5 stars","+47","+0.8","46% (6/13)"
"171",10,"Brian Robinson Jr.",ATL,"RB57","11","2 out of 5","4 out of 5","2 out of 5 stars","-10","-0.6","25% (4/16)"
"172",10,"Tre' Harris",LAC,"WR65","7","4 out of 5","2 out of 5","2 out of 5 stars","+51","-0.4","37% (6/16)"
"173",10,"Dontayvion Wicks",PHI,"WR66","10","4 out of 5","4 out of 5","4 out of 5 stars","+80","-0.5","35% (5/14)"
"174",10,"Omar Cooper Jr.",NYJ,"WR67","13","4 out of 5","4 out of 5","4 out of 5 stars","+44","-","-"
"175",10,"T.J. Hockenson",MIN,"TE21","6","3 out of 5","4 out of 5","4 out of 5 stars","-8","-1.1","40% (6/15)"
"176",10,"Philadelphia Eagles",PHI,"DST5","10","-","-","0 out of 5 stars","-37","+1.1","50% (8/16)"
"177",10,"Ryan Flournoy",DAL,"WR68","14","4 out of 5","3 out of 5","2 out of 5 stars","+87","+3.2","66% (8/12)"
"178",10,"Brandon Aubrey",DAL,"K1","14","5 out of 5","1 out of 5","2 out of 5 stars","-81","+3.1","68% (11/16)"
"179",10,"Jacoby Brissett",ARI,"QB27","14","2 out of 5","5 out of 5","2 out of 5 stars","+61","+2.5","60% (9/15)"
"180",10,"Pat Bryant",DEN,"WR69","10","3 out of 5","4 out of 5","2 out of 5 stars","+98","+0.3","35% (5/14)"
"181",10,"Pittsburgh Steelers",PIT,"DST6","9","-","-","5 out of 5 stars","-29","+0.7","50% (8/16)"
"182",10,"New England Patriots",NE,"DST7","11","-","-","3 out of 5 stars","-29","+0.8","43% (7/16)"
"183",10,"Emmett Johnson",KC,"RB58","5","4 out of 5","4 out of 5","3 out of 5 stars","+36","-","-"
"184",10,"Malik Washington",MIA,"WR70","6","3 out of 5","4 out of 5","3 out of 5 stars","+32","-1.1","31% (5/16)"
"185",10,"Jalen Nailor",LV,"WR71","13","-","-","2 out of 5 stars","+12","-0.2","31% (5/16)"
"186",10,"Minnesota Vikings",MIN,"DST8","6","-","-","1 out of 5 stars","-27","+1.2","37% (6/16)"
"187",10,"Ray Davis",BUF,"RB59","7","4 out of 5","4 out of 5","2 out of 5 stars","+33","-0.3","31% (5/16)"
"188",10,"Jacksonville Jaguars",JAC,"DST9","7","-","-","3 out of 5 stars","-16","+1.9","81% (13/16)"
"189",10,"Cameron Dicker",LAC,"K2","7","5 out of 5","1 out of 5","2 out of 5 stars","-59","+2.5","75% (12/16)"
"190",10,"Keenan Allen",IND,"WR72","13","3 out of 5","3 out of 5","4 out of 5 stars","-27","-1.4","25% (4/16)"
"191",10,"Los Angeles Chargers",LAC,"DST10","7","-","-","3 out of 5 stars","-16","-0.4","37% (6/16)"
"192",10,"Ka'imi Fairbairn",HOU,"K3","8","5 out of 5","1 out of 5","2 out of 5 stars","-60","+4.8","92% (13/14)"
"193",10,"Travis Hunter",JAC,"WR73","7","3 out of 5","4 out of 5","4 out of 5 stars","+49","-","-"
"194",10,"AJ Barner",SEA,"TE22","11","4 out of 5","2 out of 5","3 out of 5 stars","+10","+1.7","50% (8/16)"
"195",10,"Calvin Ridley",TEN,"WR74","9","2 out of 5","4 out of 5","3 out of 5 stars","-3","-","-"
"196",10,"Kimani Vidal",LAC,"RB60","7","1 out of 5","4 out of 5","3 out of 5 stars","+38","+0.4","45% (5/11)"
"197",10,"Cam Little",JAC,"K4","7","-","-","4 out of 5 stars","-49","+2.0","68% (11/16)"
"198",10,"Terrance Ferguson",LAR,"TE23","11","4 out of 5","4 out of 5","4 out of 5 stars","+1","+1.4","42% (6/14)"
"199",10,"Baltimore Ravens",BAL,"DST11","13","-","-","5 out of 5 stars","-41","-0.3","56% (9/16)"
"200",10,"Jason Myers",SEA,"K5","11","4 out of 5","1 out of 5","4 out of 5 stars","-66","+4.5","87% (14/16)"
"201",11,"Jaylin Noel",HOU,"WR75","8","4 out of 5","3 out of 5","3 out of 5 stars","+70","+0.6","37% (6/16)"
"202",11,"Sean Tucker",TB,"RB61","10","3 out of 5","4 out of 5","2 out of 5 stars","+39","+1.4","43% (7/16)"
"203",11,"Oronde Gadsden II",LAC,"TE24","7","3 out of 5","4 out of 5","4 out of 5 stars","+41","+0.8","42% (6/14)"
"204",11,"Tyler Loop",BAL,"K6","13","-","-","3 out of 5 stars","-21","+1.1","56% (9/16)"
"205",11,"Eddy Pineiro",SF,"K7","8","4 out of 5","1 out of 5","5 out of 5 stars","-21","+3.1","69% (9/13)"
"206",11,"Gunnar Helm",TEN,"TE25","9","3 out of 5","4 out of 5","3 out of 5 stars","+64","+0.6","50% (8/16)"
"207",11,"Kansas City Chiefs",KC,"DST12","5","-","-","3 out of 5 stars","-1","-1.3","31% (5/16)"
"208",11,"Nicholas Singleton",TEN,"RB62","9","3 out of 5","4 out of 5","3 out of 5 stars","+58","-","-"
"209",11,"Aaron Rodgers",PIT,"QB28","9","2 out of 5","4 out of 5","2 out of 5 stars","+24","-0.5","53% (8/15)"
"210",11,"Geno Smith",NYJ,"QB29","13","2 out of 5","4 out of 5","4 out of 5 stars","+165","-1.5","40% (6/15)"
"211",11,"Kenyon Sadiq",NYJ,"TE26","13","4 out of 5","4 out of 5","4 out of 5 stars","-43","-","-"
"212",11,"Green Bay Packers",GB,"DST13","11","-","-","2 out of 5 stars","-26","-2.0","31% (5/16)"
"213",11,"James Conner",ARI,"RB63","14","3 out of 5","4 out of 5","2 out of 5 stars","-2","-","-"
"214",11,"Tank Dell",HOU,"WR76","8","4 out of 5","4 out of 5","3 out of 5 stars","-41","-","-"
"215",11,"Jake Bates",DET,"K8","6","4 out of 5","2 out of 5","5 out of 5 stars","-51","+0.7","43% (7/16)"
"216",11,"Cairo Santos",CHI,"K9","10","3 out of 5","3 out of 5","0 out of 5 stars","-22","+2.0","71% (10/14)"
"217",11,"Cooper Kupp",SEA,"WR77","11","2 out of 5","4 out of 5","3 out of 5 stars","-10","-1.5","40% (6/15)"
"218",11,"Evan McPherson",CIN,"K10","6","4 out of 5","2 out of 5","2 out of 5 stars","-30","+1.3","56% (9/16)"
"219",11,"Rashod Bateman",BAL,"WR78","13","3 out of 5","4 out of 5","4 out of 5 stars","+57","-2.5","23% (3/13)"
"220",11,"Darnell Mooney",NYG,"WR79","8","3 out of 5","4 out of 5","4 out of 5 stars","+68","-2.9","14% (2/14)"
"221",11,"Detroit Lions",DET,"DST14","6","-","-","5 out of 5 stars","-45","-1.2","31% (5/16)"
"222",11,"Jaydon Blue",DAL,"RB64","14","4 out of 5","4 out of 5","4 out of 5 stars","+5","-3.3","0% (0/4)"
"223",11,"Isaac TeSlaa",DET,"WR80","6","3 out of 5","4 out of 5","4 out of 5 stars","+37","+1.1","43% (7/16)"
"224",11,"Cleveland Browns",CLE,"DST15","11","-","-","5 out of 5 stars","-29","0.0","37% (6/16)"
"225",11,"Harrison Mevis",LAR,"K11","11","4 out of 5","2 out of 5","2 out of 5 stars","-56","+0.6","50% (4/8)"
"226",11,"Troy Franklin",DEN,"WR81","10","1 out of 5","5 out of 5","2 out of 5 stars","+55","+1.0","50% (8/16)"
"227",11,"Andy Borregales",NE,"K12","11","-","-","1 out of 5 stars","-3","+1.3","50% (8/16)"
"228",11,"Chase McLaughlin",TB,"K13","10","4 out of 5","2 out of 5","3 out of 5 stars","-14","+1.4","56% (9/16)"
"229",11,"Pat Freiermuth",PIT,"TE27","9","3 out of 5","3 out of 5","2 out of 5 stars","+9","+0.9","37% (6/16)"
"230",11,"Kaytron Allen",WAS,"RB65","7","2 out of 5","4 out of 5","4 out of 5 stars","+55","-","-"
"231",11,"Ja'Kobi Lane",BAL,"WR82","13","4 out of 5","4 out of 5","4 out of 5 stars","-60","-","-"
"232",11,"Buffalo Bills",BUF,"DST16","7","-","-","3 out of 5 stars","-41","-0.3","25% (4/16)"
"233",11,"Cade Otton",TB,"TE28","10","2 out of 5","4 out of 5","2 out of 5 stars","+3","-1.4","33% (5/15)"
"234",11,"Germie Bernard",PIT,"WR83","9","2 out of 5","4 out of 5","3 out of 5 stars","+41","-","-"
"235",11,"Emanuel Wilson",SEA,"RB66","11","2 out of 5","4 out of 5","4 out of 5 stars","+61","+0.8","37% (6/16)"
"236",11,"Zachariah Branch",ATL,"WR84","11","2 out of 5","4 out of 5","3 out of 5 stars","+22","-","-"
"237",11,"Greg Dulcich",MIA,"TE29","6","4 out of 5","4 out of 5","5 out of 5 stars","-24","+1.9","66% (6/9)"
"238",11,"Justice Hill",BAL,"RB67","13","-","-","3 out of 5 stars","+16","+0.2","40% (4/10)"
"239",11,"Antonio Williams",WAS,"WR85","7","4 out of 5","2 out of 5","2 out of 5 stars","+29","-","-"
"240",11,"George Holani",SEA,"RB68","11","3 out of 5","4 out of 5","4 out of 5 stars","+17","+0.4","22% (2/9)"
"241",11,"Caleb Douglas",MIA,"WR86","6","3 out of 5","4 out of 5","3 out of 5 stars","-32","-","-"
"242",11,"Jaylen Wright",MIA,"RB69","6","-","-","3 out of 5 stars","+5","+2.3","54% (6/11)"
"243",11,"Kaelon Black",SF,"RB70","8","3 out of 5","4 out of 5","2 out of 5 stars","-43","-","-"
"244",11,"Malachi Fields",NYG,"WR87","8","4 out of 5","4 out of 5","4 out of 5 stars","-15","-","-"
"245",11,"Harrison Butker",KC,"K14","5","-","-","5 out of 5 stars","-65","+0.7","50% (8/16)"
"246",11,"Evan Engram",DEN,"TE30","10","-","-","4 out of 5 stars","+108","-1.4","26% (4/15)"
"247",11,"Devaughn Vele",NO,"WR88","8","2 out of 5","4 out of 5","3 out of 5 stars","+3","-","-"
"248",11,"Jack Bech",LV,"WR89","13","3 out of 5","4 out of 5","2 out of 5 stars","+45","-1.1","40% (6/15)"
"249",11,"Keon Coleman",BUF,"WR90","7","2 out of 5","4 out of 5","4 out of 5 stars","+45","-1.5","25% (3/12)"
"250",11,"David Njoku",LAC,"TE31","7","4 out of 5","4 out of 5","4 out of 5 stars","-42","-1.1","33% (4/12)"
"251",11,"Chris Boswell",PIT,"K15","9","4 out of 5","2 out of 5","4 out of 5 stars","-46","+1.3","62% (10/16)"
"252",12,"Chris Bell",MIA,"WR91","6","3 out of 5","4 out of 5","3 out of 5 stars","-7","-","-"
"253",12,"Ted Hurst III",TB,"WR92","10","4 out of 5","4 out of 5","4 out of 5 stars","+31","-","-"
"254",12,"Fernando Mendoza",LV,"QB30","13","4 out of 5","3 out of 5","1 out of 5 stars","-33","-","-"
"255",12,"Chimere Dike",TEN,"WR93","9","1 out of 5","5 out of 5","3 out of 5 stars","+34","+0.3","37% (6/16)"
"256",12,"Ollie Gordon II",MIA,"RB71","6","3 out of 5","4 out of 5","3 out of 5 stars","+138","-0.6","25% (4/16)"
"257",12,"Isaiah Davis",NYJ,"RB72","13","2 out of 5","4 out of 5","3 out of 5 stars","+356","-0.1","37% (6/16)"
"258",12,"Demond Claiborne",MIN,"RB73","6","3 out of 5","4 out of 5","4 out of 5 stars","+47","-","-"
"259",12,"Najee Harris",NYG,"RB74","8","2 out of 5","4 out of 5","4 out of 5 stars","-24","-","-"
"260",12,"Elic Ayomanor",TEN,"WR94","9","1 out of 5","5 out of 5","3 out of 5 stars","+50","-0.7","33% (5/15)"
"261",12,"Ty Johnson",BUF,"RB75","7","-","-","2 out of 5 stars","+223","+0.6","37% (6/16)"
"262",12,"Samaje Perine",CIN,"RB76","6","2 out of 5","5 out of 5","2 out of 5 stars","+111","0.0","42% (6/14)"
"263",12,"Colby Parkinson",LAR,"TE32","11","-","-","4 out of 5 stars","+35","+2.9","64% (9/14)"
"264",12,"Cyrus Allen",KC,"WR95","5","4 out of 5","4 out of 5","2 out of 5 stars","-68","-","-"
"265",12,"LeQuint Allen Jr.",JAC,"RB77","7","2 out of 5","4 out of 5","4 out of 5 stars","+150","-0.4","37% (6/16)"
"266",12,"Jordan James",SF,"RB78","8","2 out of 5","4 out of 5","2 out of 5 stars","-36","-0.8","0% (0/1)"
"267",12,"Tory Horton",SEA,"WR96","11","3 out of 5","4 out of 5","3 out of 5 stars","+28","+1.3","50% (4/8)"
"268",12,"Wil Lutz",DEN,"K16","10","-","-","1 out of 5 stars","-65","+0.1","56% (9/16)"
"269",12,"Tua Tagovailoa",ATL,"QB31","11","2 out of 5","5 out of 5","4 out of 5 stars","+14","-1.9","35% (5/14)"
"270",12,"Tyquan Thornton",KC,"WR97","5","2 out of 5","5 out of 5","2 out of 5 stars","+149","-","-"
"271",12,"Will Reichard",MIN,"K17","6","-","-","2 out of 5 stars","-82","+2.1","68% (11/16)"
"272",12,"Darius Slayton",NYG,"WR98","8","2 out of 5","4 out of 5","4 out of 5 stars","+197","-1.2","38% (5/13)"
"273",12,"Chris Brooks",GB,"RB79","11","2 out of 5","4 out of 5","4 out of 5 stars","+137","-0.6","25% (4/16)"
"274",12,"Elijah Sarratt",BAL,"WR99","13","4 out of 5","4 out of 5","4 out of 5 stars","+55","-","-"
"275",12,"Christian Kirk",SF,"WR100","8","2 out of 5","4 out of 5","2 out of 5 stars","-23","-2.3","25% (3/12)"
"276",12,"Mason Taylor",NYJ,"TE33","13","1 out of 5","4 out of 5","4 out of 5 stars","+6","-0.8","30% (4/13)"
"277",12,"Xavier Legette",CAR,"WR101","5","2 out of 5","4 out of 5","2 out of 5 stars","+187","-0.5","28% (4/14)"
"278",12,"Malik Davis",DAL,"RB80","14","-","-","4 out of 5 stars","+128","+2.0","57% (4/7)"
"279",12,"Michael Penix Jr.",ATL,"QB32","11","2 out of 5","5 out of 5","4 out of 5 stars","+1","-","-"
"280",12,"Marvin Mims Jr.",DEN,"WR102","10","3 out of 5","4 out of 5","2 out of 5 stars","+12","-0.5","42% (6/14)"
"281",12,"San Francisco 49ers",SF,"DST17","8","-","-","3 out of 5 stars","-53","-1.3","43% (7/16)"
"282",12,"Theo Johnson",NYG,"TE34","8","1 out of 5","5 out of 5","3 out of 5 stars","+29","+0.2","46% (7/15)"
"283",12,"Atlanta Falcons",ATL,"DST18","11","-","-","4 out of 5 stars","-51","+0.4","43% (7/16)"
"284",12,"Kirk Cousins",LV,"QB33","13","2 out of 5","4 out of 5","1 out of 5 stars","+23","-0.1","33% (5/15)"
"285",12,"DJ Giddens",IND,"RB81","13","2 out of 5","4 out of 5","4 out of 5 stars","+142","-0.6","28% (2/7)"
"286",12,"Devin Neal",NO,"RB82","8","2 out of 5","4 out of 5","3 out of 5 stars","+44","-","-"
"287",12,"Deshaun Watson",CLE,"QB34","11","1 out of 5","5 out of 5","4 out of 5 stars","+91","-","-"
"288",12,"Seth McGowan",IND,"RB83","13","4 out of 5","4 out of 5","4 out of 5 stars","+258","-","-"
"289",12,"New Orleans Saints",NO,"DST19","8","-","-","5 out of 5 stars","-46","+1.1","50% (8/16)"
"290",12,"Eli Stowers",PHI,"TE35","10","4 out of 5","4 out of 5","4 out of 5 stars","-34","-","-"
"291",12,"Shedeur Sanders",CLE,"QB35","11","3 out of 5","4 out of 5","4 out of 5 stars","-45","+1.6","30% (3/10)"
"292",12,"Kendre Miller",NO,"RB84","8","2 out of 5","4 out of 5","3 out of 5 stars","+32","-","-"
"293",12,"Kyle Williams",NE,"WR103","11","3 out of 5","4 out of 5","2 out of 5 stars","-38","-0.1","31% (5/16)"
"294",12,"Brashard Smith",KC,"RB85","5","-","-","3 out of 5 stars","+39","-0.3","37% (6/16)"
"295",12,"Emari Demercado",KC,"RB86","5","1 out of 5","5 out of 5","3 out of 5 stars","+75","-1.1","27% (3/11)"
"296",12,"Hollywood Brown",PHI,"WR104","10","-","-","4 out of 5 stars","+8","+0.3","60% (9/15)"
"297",12,"Adam Randall",BAL,"RB87","13","4 out of 5","4 out of 5","3 out of 5 stars","+346","-","-"
"298",12,"Mike Gesicki",CIN,"TE36","6","-","-","3 out of 5 stars","+59","-0.6","25% (3/12)"
"299",12,"Devin Singletary",NYG,"RB88","8","1 out of 5","5 out of 5","4 out of 5 stars","-13","+1.2","50% (8/16)"
"300",12,"Mack Hollins",NE,"WR105","11","-","-","2 out of 5 stars","+334","+1.1","60% (9/15)"
"301",13,"Isaiah Bond",CLE,"WR106","11","-","-","3 out of 5 stars","+294","-0.8","33% (5/15)"
"302",13,"Trey Benson",ARI,"RB89","14","1 out of 5","5 out of 5","2 out of 5 stars","+12","-","-"
"303",13,"Skyler Bell",BUF,"WR107","7","-","-","4 out of 5 stars","+39","-","-"
"304",13,"Indianapolis Colts",IND,"DST20","13","-","-","5 out of 5 stars","-35","+0.1","37% (6/16)"
"305",13,"Kaleb Johnson",PIT,"RB90","9","2 out of 5","5 out of 5","2 out of 5 stars","+30","-1.3","21% (3/14)"
"306",13,"Darren Waller",CAR,"TE37","5","-","-","2 out of 5 stars","+99","+1.4","33% (3/9)"
"307",13,"Trevor Etienne",CAR,"RB91","5","-","-","1 out of 5 stars","+318","-0.7","20% (3/15)"
"308",13,"Brandon Aiyuk",SF,"WR108","8","2 out of 5","5 out of 5","2 out of 5 stars","-45","-","-"
"309",13,"Jake Tonges",SF,"TE38","8","-","-","3 out of 5 stars","-12","+1.0","42% (6/14)"
"310",13,"Chicago Bears",CHI,"DST21","10","-","-","2 out of 5 stars","-100","+0.3","43% (7/16)"
"311",13,"Jarquez Hunter",MIA,"RB92","6","-","-","3 out of 5 stars","+75","-0.8","0% (0/4)"
"312",13,"Charlie Smyth",NO,"K18","8","-","-","5 out of 5 stars","+75","+4.2","60% (3/5)"
"313",13,"Andrei Iosivas",CIN,"WR109","6","-","-","4 out of 5 stars","+103","-0.1","37% (6/16)"
"314",13,"Isaac Guerendo",SF,"RB93","8","-","-","2 out of 5 stars","+227","-1.3","0% (0/13)"
"315",13,"Jerome Ford",WAS,"RB94","7","2 out of 5","4 out of 5","4 out of 5 stars","+284","-","-"
"316",13,"Jaleel McLaughlin",DEN,"RB95","10","-","-","2 out of 5 stars","+302","-0.9","14% (1/7)"
"317",13,"DeMario Douglas",NE,"WR110","11","-","-","2 out of 5 stars","+284","-0.8","25% (4/16)"
"318",13,"Audric Estime",NO,"RB96","8","-","-","3 out of 5 stars","+8","+1.0","33% (2/6)"
"319",13,"Tahj Brooks",CIN,"RB97","6","-","-","2 out of 5 stars","+160","-0.8","8% (1/12)"
"320",13,"Darnell Washington",PIT,"TE39","9","-","-","2 out of 5 stars","-33","+0.5","43% (7/16)"
"321",13,"Jahan Dotson",ATL,"WR111","11","-","-","3 out of 5 stars","+206","-0.6","25% (4/16)"
"322",13,"Oscar Delp",NO,"TE40","8","4 out of 5","4 out of 5","2 out of 5 stars","+263","-","-"
"323",13,"Tyreek Hill",FA,"WR112","-","1 out of 5","5 out of 5","-","-86","-","-"
"324",13,"Michael Mayer",LV,"TE41","13","-","-","3 out of 5 stars","+148","-0.5","33% (4/12)"
"325",13,"Will Shipley",PHI,"RB98","10","-","-","4 out of 5 stars","+189","-0.6","14% (2/14)"
"326",13,"Elijah Arroyo",SEA,"TE42","11","-","-","3 out of 5 stars","+11","-","-"
"327",13,"Charlie Kolar",LAC,"TE43","7","-","-","4 out of 5 stars","+76","-","-"
"328",13,"Bryce Lance",NO,"WR113","8","-","-","3 out of 5 stars","+55","-","-"
"329",13,"Jalen Tolbert",MIA,"WR114","6","-","-","3 out of 5 stars","+175","-0.3","36% (4/11)"
"330",13,"Xavier Hutchinson",HOU,"WR115","8","-","-","3 out of 5 stars","+311","+0.4","43% (7/16)"
"331",13,"Dallas Cowboys",DAL,"DST22","14","-","-","1 out of 5 stars","-141","-3.1","25% (4/16)"
"332",13,"Carson Beck",ARI,"QB36","14","-","-","2 out of 5 stars","-4","-","-"
"333",13,"Cole Kmet",CHI,"TE44","10","-","-","2 out of 5 stars","-43","+0.2","46% (7/15)"
"334",13,"Erick All Jr.",CIN,"TE45","6","-","-","3 out of 5 stars","-","-","-"
"335",13,"J.J. McCarthy",MIN,"QB37","6","-","-","5 out of 5 stars","-87","-1.0","55% (5/9)"
"336",13,"Tyler Higbee",LAR,"TE46","11","-","-","4 out of 5 stars","-4","-0.4","40% (4/10)"
"337",13,"Tez Johnson",TB,"WR116","10","-","-","4 out of 5 stars","+211","+0.8","42% (6/14)"
"338",13,"Eli Raridon",NE,"TE47","11","-","-","4 out of 5 stars","0","-","-"
"339",13,"Konata Mumpfield",LAR,"WR117","11","-","-","1 out of 5 stars","+13","-0.6","20% (3/15)"
"340",13,"Olamide Zaccheaus",ATL,"WR118","11","-","-","3 out of 5 stars","+220","-0.6","40% (6/15)"
"341",13,"Jalen Royals",KC,"WR119","5","-","-","2 out of 5 stars","+115","-1.9","0% (0/4)"
"342",13,"Kendrick Bourne",ARI,"WR120","14","-","-","2 out of 5 stars","+295","-0.4","33% (5/15)"
"343",13,"Luke McCaffrey",WAS,"WR121","7","-","-","2 out of 5 stars","-27","+0.3","55% (5/9)"
"344",13,"Bam Knight",ARI,"RB99","14","-","-","2 out of 5 stars","-","-","-"
"345",13,"Cedric Tillman",FA,"WR122","-","-","-","-","-","-2.0","33% (4/12)"
"346",13,"Joe Mixon",FA,"RB100","-","-","-","-","-84","-","-"
"347",13,"Kareem Hunt",FA,"RB101","-","-","-","-","+130","+0.4","37% (6/16)"
"348",14,"Dawson Knox",BUF,"TE48","7","-","-","3 out of 5 stars","-40","+1.4","56% (9/16)"
"349",14,"Brenen Thompson",LAC,"WR123","7","-","-","2 out of 5 stars","+259","-","-"
"350",14,"Max Klare",LAR,"TE49","11","-","-","4 out of 5 stars","+1","-","-"
"351",14,"Joshua Palmer",BUF,"WR124","7","-","-","4 out of 5 stars","-15","-1.7","18% (2/11)"
"352",14,"Noah Gray",KC,"TE50","5","-","-","4 out of 5 stars","+7","-1.2","33% (5/15)"
"353",14,"Mac Jones",SF,"QB38","8","-","-","1 out of 5 stars","-8","+0.7","26% (4/15)"
"354",14,"Chris Brazzell II",CAR,"WR125","5","-","-","2 out of 5 stars","+296","-","-"
"355",14,"Jake Elliott",PHI,"K19","10","-","-","5 out of 5 stars","-116","-0.4","37% (6/16)"
"356",14,"Treylon Burks",WAS,"WR126","7","-","-","2 out of 5 stars","+288","-0.5","50% (3/6)"
"357",14,"Ja'Tavion Sanders",CAR,"TE51","5","-","-","2 out of 5 stars","-16","-1.1","30% (4/13)"
"358",14,"New York Giants",NYG,"DST23","8","-","-","1 out of 5 stars","-143","-1.8","25% (4/16)"
"359",14,"Tyler Bass",BUF,"K20","7","-","-","2 out of 5 stars","-137","-","-"
"360",14,"Eli Heidenreich",PIT,"RB102","9","-","-","2 out of 5 stars","+325","-","-"
"361",14,"Carolina Panthers",CAR,"DST24","5","-","-","3 out of 5 stars","-112","+1.0","43% (7/16)"
"362",14,"Trey Smack",GB,"K21","11","-","-","4 out of 5 stars","-150","-","-"
"363",14,"Malik Benson",LV,"WR127","13","-","-","2 out of 5 stars","+158","-","-"
"364",14,"Justin Fields",KC,"QB39","5","-","-","2 out of 5 stars","-37","-","-"
"365",14,"Jawhar Jordan",HOU,"RB103","8","-","-","4 out of 5 stars","+265","+0.1","50% (1/2)"
"366",14,"Justin Joly",DEN,"TE52","10","-","-","4 out of 5 stars","+84","-","-"
"367",14,"Roman Wilson",PIT,"WR128","9","-","-","3 out of 5 stars","+122","-","-"
"368",14,"Tennessee Titans",TEN,"DST25","9","-","-","2 out of 5 stars","-101","-0.2","37% (6/16)"
"369",14,"Ty Simpson",LAR,"QB40","11","-","-","3 out of 5 stars","-110","-","-"
"370",14,"Tampa Bay Buccaneers",TB,"DST26","10","-","-","4 out of 5 stars","-91","-0.7","25% (4/16)"
"371",14,"Cincinnati Bengals",CIN,"DST27","6","-","-","4 out of 5 stars","-120","-1.5","25% (4/16)"
"372",14,"Savion Williams",GB,"WR129","11","-","-","5 out of 5 stars","+252","-0.5","41% (5/12)"
"373",14,"Michael Carter",TEN,"RB104","9","-","-","3 out of 5 stars","+150","+0.3","50% (5/10)"
"374",14,"Zane Gonzalez",FA,"K22","-","-","-","-","+77","+3.0","75% (6/8)"
"375",14,"Kalif Raymond",CHI,"WR130","10","-","-","3 out of 5 stars","+100","+0.9","50% (7/14)"
"376",14,"KaVontae Turpin",DAL,"WR131","14","-","-","2 out of 5 stars","-23","+0.9","42% (6/14)"
"377",14,"Kevin Coleman Jr.",MIA,"WR132","6","-","-","3 out of 5 stars","+225","-","-"
"378",14,"Raheim Sanders",CLE,"RB105","11","-","-","3 out of 5 stars","+227","0.0","33% (1/3)"
"379",14,"Nick Folk",ATL,"K23","11","-","-","0 out of 5 stars","-114","+1.2","50% (8/16)"
"380",14,"Dont'e Thornton Jr.",LV,"WR133","13","-","-","2 out of 5 stars","+125","-2.9","0% (0/14)"
"381",14,"Zavion Thomas",CHI,"WR134","10","-","-","3 out of 5 stars","-25","-","-"
"382",14,"Colbie Young",CIN,"WR135","6","-","-","4 out of 5 stars","-63","-","-"
"383",14,"Noah Fant",NO,"TE53","8","-","-","2 out of 5 stars","+57","-0.3","28% (4/14)"
"384",14,"Kyle Juszczyk",SF,"RB106","8","-","-","2 out of 5 stars","+1","-","-"
"385",14,"Anthony Richardson Sr.",IND,"QB41","13","-","-","4 out of 5 stars","+3","-0.1","16% (1/6)"
"386",14,"Joe Flacco",CIN,"QB42","6","-","-","3 out of 5 stars","-74","+0.9","33% (5/15)"
"387",14,"Tutu Atwell",LAR,"WR136","11","-","-","1 out of 5 stars","+241","-0.6","22% (2/9)"
"388",14,"Blake Grupe",IND,"K24","13","-","-","4 out of 5 stars","-86","+1.0","40% (6/15)"
"389",14,"John Metchie III",CAR,"WR137","5","-","-","2 out of 5 stars","+227","+0.1","33% (5/15)"
"390",14,"Nick Westbrook-Ikhine",IND,"WR138","13","-","-","4 out of 5 stars","+245","-2.9","0% (0/13)"
"391",14,"Phil Mafah",DAL,"RB107","14","-","-","4 out of 5 stars","-","-","-"
"392",14,"J'Mari Taylor",JAC,"RB108","7","-","-","4 out of 5 stars","-","-","-"
"393",14,"Demarcus Robinson",SF,"WR139","8","-","-","2 out of 5 stars","+60","-0.6","38% (5/13)"
"394",14,"CJ Daniels",LAR,"WR140","11","-","-","1 out of 5 stars","-29","-","-"
"395",14,"Joey Slye",TEN,"K25","9","-","-","4 out of 5 stars","-74","+2.7","66% (10/15)"
"396",14,"Jaylin Lane",WAS,"WR141","7","-","-","2 out of 5 stars","+208","-","-"
"397",14,"Devontez Walker",BAL,"WR142","13","-","-","4 out of 5 stars","-84","-","-"
"398",14,"Roschon Johnson",CHI,"RB109","10","-","-","2 out of 5 stars","+272","-0.8","16% (1/6)"
"399",14,"Chad Ryland",ARI,"K26","14","-","-","2 out of 5 stars","-90","+0.8","53% (8/15)"
"400",14,"Luke Musgrave",GB,"TE54","11","-","-","2 out of 5 stars","-4","-1.1","25% (4/16)"
"401",14,"Washington Commanders",WAS,"DST28","7","-","-","2 out of 5 stars","-127","-1.7","37% (6/16)"
"402",14,"Ashton Dulin",IND,"WR143","13","-","-","4 out of 5 stars","+83","-","-"
"403",14,"Brandon McManus",FA,"K27","-","-","-","-","-26","+0.8","61% (8/13)"
"404",14,"Miami Dolphins",MIA,"DST29","6","-","-","3 out of 5 stars","-127","+0.1","56% (9/16)"
"405",14,"Daniel Carlson",NO,"K28","8","-","-","5 out of 5 stars","-","-1.0","31% (5/16)"
"406",14,"Jameis Winston",NYG,"QB43","8","-","-","4 out of 5 stars","-106","+3.1","20% (1/5)"
"407",14,"Tommy Tremble",CAR,"TE55","5","-","-","2 out of 5 stars","-40","-0.3","31% (5/16)"
"408",14,"Ben Sauls",NYG,"K29","8","-","-","2 out of 5 stars","-105","+1.3","50% (1/2)"
"409",14,"Las Vegas Raiders",LV,"DST30","13","-","-","4 out of 5 stars","-148","-2.0","18% (3/16)"
"410",14,"Marcus Mariota",WAS,"QB44","7","-","-","2 out of 5 stars","+88","0.0","33% (5/15)"
"411",14,"Ryan Fitzgerald",CAR,"K30","5","-","-","0 out of 5 stars","-89","+0.1","43% (7/16)"
"412",14,"Jam Miller",NE,"RB110","11","-","-","2 out of 5 stars","+123","-","-"
"413",14,"Jordan Whittington",LAR,"WR144","11","-","-","1 out of 5 stars","-53","-1.2","18% (3/16)"
"414",14,"Barion Brown",NO,"WR145","8","-","-","3 out of 5 stars","-67","-","-"
"415",14,"Rasheen Ali",BAL,"RB111","13","-","-","3 out of 5 stars","-","+0.5","35% (5/14)"
"416",14,"Sione Vaki",DET,"RB112","6","-","-","5 out of 5 stars","+259","-","-"
"417",15,"Cade Klubnik",NYJ,"QB45","13","-","-","4 out of 5 stars","-67","-","-"
"418",15,"New York Jets",NYJ,"DST31","13","-","-","4 out of 5 stars","+3","-2.6","25% (4/16)"
"419",15,"Ben Sinnott",WAS,"TE56","7","-","-","1 out of 5 stars","+190","+0.1","40% (6/15)"
"420",15,"Joe Milton III",DAL,"QB46","14","-","-","2 out of 5 stars","-44","-0.1","7% (1/14)"
"421",15,"John Bates",WAS,"TE57","7","-","-","1 out of 5 stars","+182","-0.8","28% (4/14)"
"422",15,"Elijah Higgins",ARI,"TE58","14","-","-","2 out of 5 stars","-32","+0.1","43% (7/16)"
"423",15,"Austin Hooper",ATL,"TE59","11","-","-","3 out of 5 stars","+164","+0.2","46% (7/15)"
"424",15,"Isaiah Williams",NYJ,"WR146","13","-","-","4 out of 5 stars","+182","-","-"
"425",15,"Mitchell Evans",CAR,"TE60","5","-","-","2 out of 5 stars","-","+0.8","56% (9/16)"
"426",15,"Daniel Bellinger",TEN,"TE61","9","-","-","3 out of 5 stars","+195","-","-"
"427",15,"Spencer Shrader",IND,"K31","13","-","-","4 out of 5 stars","-96","-","-"
"428",15,"Dyami Brown",WAS,"WR147","7","-","-","2 out of 5 stars","-","-1.5","27% (3/11)"
"429",15,"Greg Dortch",DET,"WR148","6","-","-","4 out of 5 stars","+54","+1.4","50% (6/12)"
"430",15,"Tyler Goodson",ATL,"RB113","11","-","-","2 out of 5 stars","-","-","-"
"431",15,"Tommy Myers",FA,"TE62","-","-","-","-","-","-","-"
"432",15,"Odell Beckham Jr.",NYG,"WR149","8","-","-","4 out of 5 stars","-92","-","-"
"433",15,"Hunter Luepke",DAL,"RB114","14","-","-","4 out of 5 stars","+178","-","-"
"434",15,"Dameon Pierce",PHI,"RB115","10","-","-","4 out of 5 stars","-","-0.9","25% (1/4)"
"435",15,"Austin Ekeler",FA,"RB116","-","-","-","-","+128","-","-"
"436",15,"Deion Burks",IND,"WR150","13","-","-","4 out of 5 stars","-","-","-"
"437",15,"Terrell Jennings",FA,"RB117","-","-","-","-","-","-","-"
"438",15,"Drew Stevens",WAS,"K32","7","-","-","5 out of 5 stars","-139","-","-"
"439",15,"Van Jefferson",WAS,"WR151","7","-","-","2 out of 5 stars","+95","-0.1","37% (6/16)"
"440",15,"Jake Moody",FA,"K33","-","-","-","-","-117","+2.9","62% (5/8)"
"441",15,"Jason Sanders",NYJ,"K34","13","-","-","2 out of 5 stars","-140","-","-"
"442",15,"Tai Felton",MIN,"WR152","6","-","-","5 out of 5 stars","+71","-","-"
"443",15,"Marlin Klein",HOU,"TE63","8","-","-","4 out of 5 stars","+67","-","-"
"444",15,"Zach Ertz",FA,"TE64","-","-","-","-","+130","-","-"
"445",15,"Zavier Scott",MIN,"RB118","6","-","-","4 out of 5 stars","-","0.0","40% (6/15)"
"446",15,"Matt Hibner",BAL,"TE65","13","-","-","4 out of 5 stars","-","-","-"
"447",15,"Isaiah Williams",FA,"WR153","-","-","-","-","-","-","-"
"448",15,"Alec Ingold",LAC,"RB119","7","-","-","3 out of 5 stars","-","-","-"
"449",15,"Jeremy McNichols",WAS,"RB120","7","-","-","4 out of 5 stars","-","-1.0","37% (6/16)"
"450",15,"Reggie Gilliam",NE,"RB121","11","-","-","2 out of 5 stars","+182","-","-"
"451",15,"Robert Henry Jr.",WAS,"RB122","7","-","-","4 out of 5 stars","-","-","-"
"452",15,"Jonnu Smith",GB,"TE66","11","-","-","2 out of 5 stars","+30","-1.0","25% (4/16)"
"453",15,"Ronnie Rivers",LAR,"RB123","11","-","-","5 out of 5 stars","+216","-","-"
"454",15,"Josh Williams",TB,"RB124","10","-","-","2 out of 5 stars","-120","-","-"
"455",15,"Dylan Laube",LV,"RB125","13","-","-","2 out of 5 stars","-","-","-"
"456",15,"Arizona Cardinals",ARI,"DST32","14","-","-","2 out of 5 stars","-165","-0.8","31% (5/16)"
"457",15,"Jahdae Walker",CHI,"WR154","10","-","-","3 out of 5 stars","-24","+4.9","100% (2/2)"
"458",15,"Roman Hemby",LV,"RB126","13","-","-","2 out of 5 stars","-","-","-"
"459",15,"Mitch Tinsley",CIN,"WR155","6","-","-","4 out of 5 stars","+158","-","-"
"460",15,"Tyler Badie",DEN,"RB127","10","-","-","2 out of 5 stars","-","-0.6","40% (6/15)"
"461",15,"Patrick Ricard",NYG,"RB128","8","-","-","4 out of 5 stars","+63","-","-"
"462",15,"Elijah Moore",PHI,"WR156","10","-","-","4 out of 5 stars","+198","-","-"
"463",15,"Will Kacmarek",MIA,"TE67","6","-","-","5 out of 5 stars","-61","-","-"
"464",15,"Damien Martinez",GB,"RB129","11","-","-","4 out of 5 stars","-","-","-"
"465",15,"Riley Leonard",IND,"QB47","13","-","-","4 out of 5 stars","+74","-0.4","0% (0/3)"
"466",15,"Khalil Herbert",SF,"RB130","8","-","-","2 out of 5 stars","+196","-","-"
"467",15,"DeAndre Hopkins",BAL,"WR157","13","-","-","4 out of 5 stars","+102","-0.5","31% (5/16)"
"468",15,"Josh Oliver",MIN,"TE68","6","-","-","4 out of 5 stars","-113","+0.6","28% (4/14)"
"469",15,"Max Bredeson",MIN,"RB131","6","-","-","4 out of 5 stars","+109","-","-"
"470",15,"Tanner Koziol",JAC,"TE69","7","-","-","3 out of 5 stars","+62","-","-"
"471",15,"Tyler Lockett",LV,"WR158","13","-","-","2 out of 5 stars","-","-0.5","37% (6/16)"
"472",15,"Adam Prentice",DEN,"RB132","10","-","-","2 out of 5 stars","+142","-","-"
"473",15,"Jordan Watkins",SF,"WR159","8","-","-","2 out of 5 stars","-","-","-"
"474",15,"Antonio Gibson",FA,"RB133","-","-","-","-","+109","-","-"
"475",15,"Xavier Smith",LAR,"WR160","11","-","-","1 out of 5 stars","-39","+0.9","40% (4/10)"
"476",15,"Jacob Cowing",SF,"WR161","8","-","-","2 out of 5 stars","-","-","-"
"477",15,"Quinn Ewers",MIA,"QB48","6","-","-","3 out of 5 stars","-138","-2.6","50% (1/2)"
"478",15,"British Brooks",HOU,"RB134","8","-","-","4 out of 5 stars","-","-","-"
"479",15,"Cade Stover",HOU,"TE70","8","-","-","4 out of 5 stars","+121","-0.4","37% (3/8)"
"480",15,"Jimmy Horn Jr.",CAR,"WR162","5","-","-","2 out of 5 stars","-52","-","-"
"481",15,"Tim Patrick",NYJ,"WR163","13","-","-","4 out of 5 stars","+171","+1.0","46% (6/13)"
"482",15,"Lew Nichols III",PIT,"RB135","9","-","-","2 out of 5 stars","-","-","-"
"483",15,"Drew Allar",PIT,"QB49","9","-","-","2 out of 5 stars","-165","-","-"
"484",15,"Marquez Valdes-Scantling",DAL,"WR164","14","-","-","2 out of 5 stars","-35","-1.4","22% (2/9)"
"485",15,"Jacob Saylors",DET,"RB136","6","-","-","5 out of 5 stars","-","-","-"
"486",16,"Chris Blair",ATL,"WR165","11","-","-","3 out of 5 stars","-","-","-"
"487",16,"Jackson Hawes",BUF,"TE71","7","-","-","3 out of 5 stars","+6","+1.2","56% (9/16)"
"488",16,"Tyrod Taylor",GB,"QB50","11","-","-","4 out of 5 stars","-140","-0.3","30% (4/13)"
"489",16,"Moliki Matavao",NO,"TE72","8","-","-","2 out of 5 stars","-","-","-"
"490",16,"Jake Browning",TB,"QB51","10","-","-","2 out of 5 stars","0","+0.9","27% (3/11)"
"491",16,"Michael Woods II",DEN,"WR166","10","-","-","2 out of 5 stars","-","-","-"
"492",16,"Jalen Reagor",MIA,"WR167","6","-","-","3 out of 5 stars","-","-","-"
"493",16,"Xavier Restrepo",TEN,"WR168","9","-","-","3 out of 5 stars","-","-","-"
"494",16,"Frank Gore Jr.",BUF,"RB137","7","-","-","2 out of 5 stars","+59","-","-"
"495",16,"Drew Sample",CIN,"TE73","6","-","-","3 out of 5 stars","-15","-0.2","25% (4/16)"
"496",16,"Adam Trautman",DEN,"TE74","10","-","-","4 out of 5 stars","-72","-0.4","37% (6/16)"
"497",16,"Dominic Zvada",NYG,"K35","8","-","-","2 out of 5 stars","-133","-","-"
"498",16,"Kene Nwangwu",NYJ,"RB138","13","-","-","3 out of 5 stars","-","-","-"
"499",16,"Reggie Virgil",ARI,"WR169","14","-","-","2 out of 5 stars","+132","-","-"
"500",16,"Sam Roush",CHI,"TE75","10","-","-","2 out of 5 stars","+15","-","-"
"501",16,"Gardner Minshew II",ARI,"QB52","14","-","-","2 out of 5 stars","+21","-","-"
"502",16,"Noah Whittington",HOU,"RB139","8","-","-","4 out of 5 stars","-","-","-"
"503",16,"Cash Jones",ATL,"RB140","11","-","-","2 out of 5 stars","-","-","-"
"504",16,"Michael Burton",CLE,"RB141","11","-","-","3 out of 5 stars","+111","-","-"
"505",16,"Durham Smythe",BAL,"TE76","13","-","-","4 out of 5 stars","+46","-","-"
"506",16,"Tyson Bagent",CHI,"QB53","10","-","-","3 out of 5 stars","+90","-0.2","15% (2/13)"
"507",16,"Nate Boerkircher",JAC,"TE77","7","-","-","3 out of 5 stars","+87","-","-"
"508",16,"Jeremy Ruckert",NYJ,"TE78","13","-","-","4 out of 5 stars","+102","-0.1","43% (7/16)"
"509",16,"KeAndre Lambert-Smith",LAC,"WR170","7","-","-","2 out of 5 stars","-13","-0.2","22% (2/9)"
"510",16,"Tanner Hudson",CIN,"TE79","6","-","-","3 out of 5 stars","+97","-","-"
"511",16,"Tyler Conklin",DET,"TE80","6","-","-","3 out of 5 stars","+111","-1.4","23% (3/13)"
"512",16,"Luke Schoonmaker",DAL,"TE81","14","-","-","2 out of 5 stars","-146","-","-"
"513",16,"Jaret Patterson",LAC,"RB142","7","-","-","3 out of 5 stars","-","+0.3","33% (2/6)"
"514",16,"Josh Cameron",JAC,"WR171","7","-","-","4 out of 5 stars","+30","-","-"
"515",16,"Velus Jones Jr.",SEA,"WR172","11","-","-","3 out of 5 stars","-","-","-"
"516",16,"Jaydn Ott",KC,"RB143","5","-","-","3 out of 5 stars","-","-","-"
"517",16,"Trey Lance",LAC,"QB54","7","-","-","2 out of 5 stars","-125","+0.1","21% (3/14)"
"518",16,"Lil'Jordan Humphrey",DEN,"WR173","10","-","-","2 out of 5 stars","-198","-0.2","37% (3/8)"