player,team,position,salary,origin,origin_evidence,reliability,included_in_market_calibration,notes
Garrett Wilson,Sam,WR,21.0,FRANCHISE_TAG,is_tagged_2025=True (confirmed +$5 franchise-tag escalation delta),0.4,False,tagged 2025
Austin Ekeler,Sam,RB,34.0,UNKNOWN,"$34, no keeper/tag/Paul-Rule marker -- plausibly a competitive-auction result (this is what an unadorned salary in a keeper league usually represents) but NOT independently confirmed by any acquisition-method record in this repo.",0.5,True,
CJ Stroud,Sam,QB,16.0,UNKNOWN,"$16, no keeper/tag/Paul-Rule marker -- plausibly a competitive-auction result (this is what an unadorned salary in a keeper league usually represents) but NOT independently confirmed by any acquisition-method record in this repo.",0.5,True,
David Montgomery,Sam,RB,35.0,UNKNOWN,"$35, no keeper/tag/Paul-Rule marker -- plausibly a competitive-auction result (this is what an unadorned salary in a keeper league usually represents) but NOT independently confirmed by any acquisition-method record in this repo.",0.5,True,
Travis Kelce,Sam,TE,36.0,UNKNOWN,"$36, no keeper/tag/Paul-Rule marker -- plausibly a competitive-auction result (this is what an unadorned salary in a keeper league usually represents) but NOT independently confirmed by any acquisition-method record in this repo.",0.5,True,
DJ Moore,Sam,WR,75.0,UNKNOWN,"$75, no keeper/tag/Paul-Rule marker -- plausibly a competitive-auction result (this is what an unadorned salary in a keeper league usually represents) but NOT independently confirmed by any acquisition-method record in this repo.",0.5,True,
Deebo Samuel,Sam,WR,53.0,UNKNOWN,"$53, no keeper/tag/Paul-Rule marker -- plausibly a competitive-auction result (this is what an unadorned salary in a keeper league usually represents) but NOT independently confirmed by any acquisition-method record in this repo.",0.5,True,
Jaylen Waddle,Sam,WR,77.0,UNKNOWN,"$77, no keeper/tag/Paul-Rule marker -- plausibly a competitive-auction result (this is what an unadorned salary in a keeper league usually represents) but NOT independently confirmed by any acquisition-method record in this repo.",0.5,True,
Cooper Kupp,Sam,WR,55.0,UNKNOWN,"$55, no keeper/tag/Paul-Rule marker -- plausibly a competitive-auction result (this is what an unadorned salary in a keeper league usually represents) but NOT independently confirmed by any acquisition-method record in this repo.",0.5,True,
Tyjae Spears,Sam,RB,3.0,UNKNOWN,"$3, no keeper/tag/Paul-Rule marker -- plausibly a competitive-auction result (this is what an unadorned salary in a keeper league usually represents) but NOT independently confirmed by any acquisition-method record in this repo.",0.5,True,
Jaxson Dart,Sam,QB,1.0,ADMINISTRATIVE_DOLLAR_ONE,$1 salary with no keeper/tag marker -- ambiguous (a genuine uncontested competitive-auction winner also settles at $1 in this league's rules) but NOT confirmed as a real competitive result either; treated as unreliable for calibration by default per the phase-3A instruction 'unknown $1 prices receive zero weight by default.',0.0,False,
Zach Ertz,Sam,TE,1.0,ADMINISTRATIVE_DOLLAR_ONE,$1 salary with no keeper/tag marker -- ambiguous (a genuine uncontested competitive-auction winner also settles at $1 in this league's rules) but NOT confirmed as a real competitive result either; treated as unreliable for calibration by default per the phase-3A instruction 'unknown $1 prices receive zero weight by default.',0.0,False,
Will Shipley,Sam,RB,1.0,ADMINISTRATIVE_DOLLAR_ONE,$1 salary with no keeper/tag marker -- ambiguous (a genuine uncontested competitive-auction winner also settles at $1 in this league's rules) but NOT confirmed as a real competitive result either; treated as unreliable for calibration by default per the phase-3A instruction 'unknown $1 prices receive zero weight by default.',0.0,False,
Michael Carter,Sam,RB,1.0,ADMINISTRATIVE_DOLLAR_ONE,$1 salary with no keeper/tag marker -- ambiguous (a genuine uncontested competitive-auction winner also settles at $1 in this league's rules) but NOT confirmed as a real competitive result either; treated as unreliable for calibration by default per the phase-3A instruction 'unknown $1 prices receive zero weight by default.',0.0,False,
JJ McCarthy,Sam,QB,1.0,ADMINISTRATIVE_DOLLAR_ONE,$1 salary with no keeper/tag marker -- ambiguous (a genuine uncontested competitive-auction winner also settles at $1 in this league's rules) but NOT confirmed as a real competitive result either; treated as unreliable for calibration by default per the phase-3A instruction 'unknown $1 prices receive zero weight by default.',0.0,False,
Van Jefferson,Sam,WR,1.0,ADMINISTRATIVE_DOLLAR_ONE,$1 salary with no keeper/tag marker -- ambiguous (a genuine uncontested competitive-auction winner also settles at $1 in this league's rules) but NOT confirmed as a real competitive result either; treated as unreliable for calibration by default per the phase-3A instruction 'unknown $1 prices receive zero weight by default.',0.0,False,
Jonathan Taylor,Brandon,RB,41.0,UNKNOWN,"$41, no keeper/tag/Paul-Rule marker -- plausibly a competitive-auction result (this is what an unadorned salary in a keeper league usually represents) but NOT independently confirmed by any acquisition-method record in this repo.",0.5,True,
Justin Jefferson,Brandon,WR,36.0,UNKNOWN,"$36, no keeper/tag/Paul-Rule marker -- plausibly a competitive-auction result (this is what an unadorned salary in a keeper league usually represents) but NOT independently confirmed by any acquisition-method record in this repo.",0.5,True,
Nico Collins,Brandon,WR,26.0,FRANCHISE_TAG,is_tagged_2025=True (confirmed +$5 franchise-tag escalation delta),0.4,False,tagged 2025
Breece Hall,Brandon,RB,21.0,UNKNOWN,"$21, no keeper/tag/Paul-Rule marker -- plausibly a competitive-auction result (this is what an unadorned salary in a keeper league usually represents) but NOT independently confirmed by any acquisition-method record in this repo.",0.5,True,
Brock Bowers,Brandon,TE,6.0,UNKNOWN,"$6, no keeper/tag/Paul-Rule marker -- plausibly a competitive-auction result (this is what an unadorned salary in a keeper league usually represents) but NOT independently confirmed by any acquisition-method record in this repo.",0.5,True,
Christian McCaffrey,Brandon,RB,36.0,UNKNOWN,"$36, no keeper/tag/Paul-Rule marker -- plausibly a competitive-auction result (this is what an unadorned salary in a keeper league usually represents) but NOT independently confirmed by any acquisition-method record in this repo.",0.5,True,
Travis Hunter,Brandon,WR,1.0,ADMINISTRATIVE_DOLLAR_ONE,$1 salary with no keeper/tag marker -- ambiguous (a genuine uncontested competitive-auction winner also settles at $1 in this league's rules) but NOT confirmed as a real competitive result either; treated as unreliable for calibration by default per the phase-3A instruction 'unknown $1 prices receive zero weight by default.',0.0,False,
Cam Skattebo,Brandon,RB,18.0,UNKNOWN,"$18, no keeper/tag/Paul-Rule marker -- plausibly a competitive-auction result (this is what an unadorned salary in a keeper league usually represents) but NOT independently confirmed by any acquisition-method record in this repo.",0.5,True,
Theo Johnson,Brandon,TE,1.0,ADMINISTRATIVE_DOLLAR_ONE,$1 salary with no keeper/tag marker -- ambiguous (a genuine uncontested competitive-auction winner also settles at $1 in this league's rules) but NOT confirmed as a real competitive result either; treated as unreliable for calibration by default per the phase-3A instruction 'unknown $1 prices receive zero weight by default.',0.0,False,
Brian Robinson Jr,Brandon,RB,31.0,UNKNOWN,"$31, no keeper/tag/Paul-Rule marker -- plausibly a competitive-auction result (this is what an unadorned salary in a keeper league usually represents) but NOT independently confirmed by any acquisition-method record in this repo.",0.5,True,
Darius Slayton,Brandon,WR,1.0,ADMINISTRATIVE_DOLLAR_ONE,$1 salary with no keeper/tag marker -- ambiguous (a genuine uncontested competitive-auction winner also settles at $1 in this league's rules) but NOT confirmed as a real competitive result either; treated as unreliable for calibration by default per the phase-3A instruction 'unknown $1 prices receive zero weight by default.',0.0,False,
Colby Parkinson,Brandon,TE,1.0,ADMINISTRATIVE_DOLLAR_ONE,$1 salary with no keeper/tag marker -- ambiguous (a genuine uncontested competitive-auction winner also settles at $1 in this league's rules) but NOT confirmed as a real competitive result either; treated as unreliable for calibration by default per the phase-3A instruction 'unknown $1 prices receive zero weight by default.',0.0,False,
Josh Allen,Brandon,QB,64.0,UNKNOWN,"$64, no keeper/tag/Paul-Rule marker -- plausibly a competitive-auction result (this is what an unadorned salary in a keeper league usually represents) but NOT independently confirmed by any acquisition-method record in this repo.",0.5,True,
Derrick Henry,Coby,RB,41.0,UNKNOWN,"$41, no keeper/tag/Paul-Rule marker -- plausibly a competitive-auction result (this is what an unadorned salary in a keeper league usually represents) but NOT independently confirmed by any acquisition-method record in this repo.",0.5,True,
Kyren Williams,Coby,RB,21.0,UNKNOWN,"$21, no keeper/tag/Paul-Rule marker -- plausibly a competitive-auction result (this is what an unadorned salary in a keeper league usually represents) but NOT independently confirmed by any acquisition-method record in this repo.",0.5,True,
Kyler Murray,Coby,QB,16.0,UNKNOWN,"$16, no keeper/tag/Paul-Rule marker -- plausibly a competitive-auction result (this is what an unadorned salary in a keeper league usually represents) but NOT independently confirmed by any acquisition-method record in this repo.",0.5,True,on IR
Brian Thomas Jr,Coby,WR,6.0,UNKNOWN,"$6, no keeper/tag/Paul-Rule marker -- plausibly a competitive-auction result (this is what an unadorned salary in a keeper league usually represents) but NOT independently confirmed by any acquisition-method record in this repo.",0.5,True,
Harold Fannin Jr,Coby,TE,1.0,ADMINISTRATIVE_DOLLAR_ONE,$1 salary with no keeper/tag marker -- ambiguous (a genuine uncontested competitive-auction winner also settles at $1 in this league's rules) but NOT confirmed as a real competitive result either; treated as unreliable for calibration by default per the phase-3A instruction 'unknown $1 prices receive zero weight by default.',0.0,False,
TreVeyon Henderson,Coby,RB,1.0,ADMINISTRATIVE_DOLLAR_ONE,$1 salary with no keeper/tag marker -- ambiguous (a genuine uncontested competitive-auction winner also settles at $1 in this league's rules) but NOT confirmed as a real competitive result either; treated as unreliable for calibration by default per the phase-3A instruction 'unknown $1 prices receive zero weight by default.',0.0,False,
Quinshon Judkins,Coby,RB,1.0,ADMINISTRATIVE_DOLLAR_ONE,$1 salary with no keeper/tag marker -- ambiguous (a genuine uncontested competitive-auction winner also settles at $1 in this league's rules) but NOT confirmed as a real competitive result either; treated as unreliable for calibration by default per the phase-3A instruction 'unknown $1 prices receive zero weight by default.',0.0,False,
Bo Nix,Coby,QB,nan,UNKNOWN,no salary_2025 value recorded at all,0.0,False,no salary on record
Courtland Sutton,Coby,WR,nan,UNKNOWN,no salary_2025 value recorded at all,0.0,False,no salary on record
Mike Evans,Coby,WR,nan,UNKNOWN,no salary_2025 value recorded at all,0.0,False,no salary on record
Stefon Diggs,Coby,WR,nan,UNKNOWN,no salary_2025 value recorded at all,0.0,False,no salary on record
Dallas Goedert,Coby,TE,nan,UNKNOWN,no salary_2025 value recorded at all,0.0,False,no salary on record
Jacoby Brissett,Coby,QB,nan,UNKNOWN,no salary_2025 value recorded at all,0.0,False,no salary on record
Bhayshul Tuten,Coby,RB,nan,UNKNOWN,no salary_2025 value recorded at all,0.0,False,no salary on record
Devaughn Vele,Coby,WR,nan,UNKNOWN,no salary_2025 value recorded at all,0.0,False,no salary on record
Braelon Allen,Coby,RB,nan,UNKNOWN,no salary_2025 value recorded at all,0.0,False,no salary on record; on IR
Patrick Mahomes,Brad,QB,36.0,UNKNOWN,"$36, no keeper/tag/Paul-Rule marker -- plausibly a competitive-auction result (this is what an unadorned salary in a keeper league usually represents) but NOT independently confirmed by any acquisition-method record in this repo.",0.5,True,
Jaxon Smith-Njigba,Brad,WR,21.0,UNKNOWN,"$21, no keeper/tag/Paul-Rule marker -- plausibly a competitive-auction result (this is what an unadorned salary in a keeper league usually represents) but NOT independently confirmed by any acquisition-method record in this repo.",0.5,True,
Davante Adams,Brad,WR,41.0,UNKNOWN,"$41, no keeper/tag/Paul-Rule marker -- plausibly a competitive-auction result (this is what an unadorned salary in a keeper league usually represents) but NOT independently confirmed by any acquisition-method record in this repo.",0.5,True,
Jameson Williams,Brad,WR,31.0,UNKNOWN,"$31, no keeper/tag/Paul-Rule marker -- plausibly a competitive-auction result (this is what an unadorned salary in a keeper league usually represents) but NOT independently confirmed by any acquisition-method record in this repo.",0.5,True,
Marvin Harrison Jr,Brad,WR,6.0,FRANCHISE_TAG,is_tagged_2025=True (confirmed +$5 franchise-tag escalation delta),0.4,False,tagged 2025
Tyler Warren,Brad,TE,1.0,ADMINISTRATIVE_DOLLAR_ONE,$1 salary with no keeper/tag marker -- ambiguous (a genuine uncontested competitive-auction winner also settles at $1 in this league's rules) but NOT confirmed as a real competitive result either; treated as unreliable for calibration by default per the phase-3A instruction 'unknown $1 prices receive zero weight by default.',0.0,False,
Kaleb Johnson,Brad,RB,1.0,ADMINISTRATIVE_DOLLAR_ONE,$1 salary with no keeper/tag marker -- ambiguous (a genuine uncontested competitive-auction winner also settles at $1 in this league's rules) but NOT confirmed as a real competitive result either; treated as unreliable for calibration by default per the phase-3A instruction 'unknown $1 prices receive zero weight by default.',0.0,False,
James Conner,Brad,RB,59.0,UNKNOWN,"$59, no keeper/tag/Paul-Rule marker -- plausibly a competitive-auction result (this is what an unadorned salary in a keeper league usually represents) but NOT independently confirmed by any acquisition-method record in this repo.",0.5,True,
JK Dobbins,Brad,RB,37.0,UNKNOWN,"$37, no keeper/tag/Paul-Rule marker -- plausibly a competitive-auction result (this is what an unadorned salary in a keeper league usually represents) but NOT independently confirmed by any acquisition-method record in this repo.",0.5,True,
Travis Etienne,Brad,RB,39.0,UNKNOWN,"$39, no keeper/tag/Paul-Rule marker -- plausibly a competitive-auction result (this is what an unadorned salary in a keeper league usually represents) but NOT independently confirmed by any acquisition-method record in this repo.",0.5,True,
Jaylen Warren,Brad,RB,54.0,UNKNOWN,"$54, no keeper/tag/Paul-Rule marker -- plausibly a competitive-auction result (this is what an unadorned salary in a keeper league usually represents) but NOT independently confirmed by any acquisition-method record in this repo.",0.5,True,
Khalil Shakir,Brad,WR,53.0,UNKNOWN,"$53, no keeper/tag/Paul-Rule marker -- plausibly a competitive-auction result (this is what an unadorned salary in a keeper league usually represents) but NOT independently confirmed by any acquisition-method record in this repo.",0.5,True,
Christian Kirk,Brad,WR,19.0,UNKNOWN,"$19, no keeper/tag/Paul-Rule marker -- plausibly a competitive-auction result (this is what an unadorned salary in a keeper league usually represents) but NOT independently confirmed by any acquisition-method record in this repo.",0.5,True,
Alec Pierce,Brad,WR,1.0,ADMINISTRATIVE_DOLLAR_ONE,$1 salary with no keeper/tag marker -- ambiguous (a genuine uncontested competitive-auction winner also settles at $1 in this league's rules) but NOT confirmed as a real competitive result either; treated as unreliable for calibration by default per the phase-3A instruction 'unknown $1 prices receive zero weight by default.',0.0,False,
Ollie Gordon,Brad,RB,1.0,ADMINISTRATIVE_DOLLAR_ONE,$1 salary with no keeper/tag marker -- ambiguous (a genuine uncontested competitive-auction winner also settles at $1 in this league's rules) but NOT confirmed as a real competitive result either; treated as unreliable for calibration by default per the phase-3A instruction 'unknown $1 prices receive zero weight by default.',0.0,False,
Kenneth Gainwell,Brad,RB,1.0,ADMINISTRATIVE_DOLLAR_ONE,$1 salary with no keeper/tag marker -- ambiguous (a genuine uncontested competitive-auction winner also settles at $1 in this league's rules) but NOT confirmed as a real competitive result either; treated as unreliable for calibration by default per the phase-3A instruction 'unknown $1 prices receive zero weight by default.',0.0,False,
Jaydon Blue,Brad,RB,4.0,UNKNOWN,"$4, no keeper/tag/Paul-Rule marker -- plausibly a competitive-auction result (this is what an unadorned salary in a keeper league usually represents) but NOT independently confirmed by any acquisition-method record in this repo.",0.5,True,
Jordan Love,Reid,QB,17.0,UNKNOWN,"$17, no keeper/tag/Paul-Rule marker -- plausibly a competitive-auction result (this is what an unadorned salary in a keeper league usually represents) but NOT independently confirmed by any acquisition-method record in this repo.",0.5,True,
Tucker Kraft,Reid,TE,11.0,UNKNOWN,"$11, no keeper/tag/Paul-Rule marker -- plausibly a competitive-auction result (this is what an unadorned salary in a keeper league usually represents) but NOT independently confirmed by any acquisition-method record in this repo.",0.5,True,
Drake Maye,Reid,QB,20.0,UNKNOWN,"$20, no keeper/tag/Paul-Rule marker -- plausibly a competitive-auction result (this is what an unadorned salary in a keeper league usually represents) but NOT independently confirmed by any acquisition-method record in this repo.",0.5,True,
Chris Olave,Reid,WR,31.0,UNKNOWN,"$31, no keeper/tag/Paul-Rule marker -- plausibly a competitive-auction result (this is what an unadorned salary in a keeper league usually represents) but NOT independently confirmed by any acquisition-method record in this repo.",0.5,True,
Chuba Hubbard,Reid,RB,27.0,UNKNOWN,"$27, no keeper/tag/Paul-Rule marker -- plausibly a competitive-auction result (this is what an unadorned salary in a keeper league usually represents) but NOT independently confirmed by any acquisition-method record in this repo.",0.5,True,
Javonte Williams,Reid,RB,24.0,UNKNOWN,"$24, no keeper/tag/Paul-Rule marker -- plausibly a competitive-auction result (this is what an unadorned salary in a keeper league usually represents) but NOT independently confirmed by any acquisition-method record in this repo.",0.5,True,
Terry McLaurin,Reid,WR,83.0,UNKNOWN,"$83, no keeper/tag/Paul-Rule marker -- plausibly a competitive-auction result (this is what an unadorned salary in a keeper league usually represents) but NOT independently confirmed by any acquisition-method record in this repo.",0.5,True,
Rashee Rice,Reid,WR,55.0,UNKNOWN,"$55, no keeper/tag/Paul-Rule marker -- plausibly a competitive-auction result (this is what an unadorned salary in a keeper league usually represents) but NOT independently confirmed by any acquisition-method record in this repo.",0.5,True,
Rashod Bateman,Reid,WR,15.0,UNKNOWN,"$15, no keeper/tag/Paul-Rule marker -- plausibly a competitive-auction result (this is what an unadorned salary in a keeper league usually represents) but NOT independently confirmed by any acquisition-method record in this repo.",0.5,True,
Kyle Pitts Sr,Reid,TE,6.0,UNKNOWN,"$6, no keeper/tag/Paul-Rule marker -- plausibly a competitive-auction result (this is what an unadorned salary in a keeper league usually represents) but NOT independently confirmed by any acquisition-method record in this repo.",0.5,True,
Cedric Tillman,Reid,WR,5.0,UNKNOWN,"$5, no keeper/tag/Paul-Rule marker -- plausibly a competitive-auction result (this is what an unadorned salary in a keeper league usually represents) but NOT independently confirmed by any acquisition-method record in this repo.",0.5,True,
Najee Harris,Reid,RB,8.0,UNKNOWN,"$8, no keeper/tag/Paul-Rule marker -- plausibly a competitive-auction result (this is what an unadorned salary in a keeper league usually represents) but NOT independently confirmed by any acquisition-method record in this repo.",0.5,True,
Jalen Coker,Reid,WR,3.0,UNKNOWN,"$3, no keeper/tag/Paul-Rule marker -- plausibly a competitive-auction result (this is what an unadorned salary in a keeper league usually represents) but NOT independently confirmed by any acquisition-method record in this repo.",0.5,True,
Chris Rodriguez Jr,Reid,RB,2.0,UNKNOWN,"$2, no keeper/tag/Paul-Rule marker -- plausibly a competitive-auction result (this is what an unadorned salary in a keeper league usually represents) but NOT independently confirmed by any acquisition-method record in this repo.",0.5,True,
Kimani Vidal,Reid,RB,1.0,ADMINISTRATIVE_DOLLAR_ONE,$1 salary with no keeper/tag marker -- ambiguous (a genuine uncontested competitive-auction winner also settles at $1 in this league's rules) but NOT confirmed as a real competitive result either; treated as unreliable for calibration by default per the phase-3A instruction 'unknown $1 prices receive zero weight by default.',0.0,False,
Mason Taylor,Reid,TE,1.0,ADMINISTRATIVE_DOLLAR_ONE,$1 salary with no keeper/tag marker -- ambiguous (a genuine uncontested competitive-auction winner also settles at $1 in this league's rules) but NOT confirmed as a real competitive result either; treated as unreliable for calibration by default per the phase-3A instruction 'unknown $1 prices receive zero weight by default.',0.0,False,
Malik Washington,Reid,WR,1.0,ADMINISTRATIVE_DOLLAR_ONE,$1 salary with no keeper/tag marker -- ambiguous (a genuine uncontested competitive-auction winner also settles at $1 in this league's rules) but NOT confirmed as a real competitive result either; treated as unreliable for calibration by default per the phase-3A instruction 'unknown $1 prices receive zero weight by default.',0.0,False,
Isaiah Davis,Reid,RB,1.0,ADMINISTRATIVE_DOLLAR_ONE,$1 salary with no keeper/tag marker -- ambiguous (a genuine uncontested competitive-auction winner also settles at $1 in this league's rules) but NOT confirmed as a real competitive result either; treated as unreliable for calibration by default per the phase-3A instruction 'unknown $1 prices receive zero weight by default.',0.0,False,
Amon-Ra St Brown,Evan,WR,36.0,UNKNOWN,"$36, no keeper/tag/Paul-Rule marker -- plausibly a competitive-auction result (this is what an unadorned salary in a keeper league usually represents) but NOT independently confirmed by any acquisition-method record in this repo.",0.5,True,
Drake London,Evan,WR,26.0,UNKNOWN,"$26, no keeper/tag/Paul-Rule marker -- plausibly a competitive-auction result (this is what an unadorned salary in a keeper league usually represents) but NOT independently confirmed by any acquisition-method record in this repo.",0.5,True,
Saquon Barkley,Evan,RB,36.0,FRANCHISE_TAG,is_tagged_2025=True (confirmed +$5 franchise-tag escalation delta),0.4,False,tagged 2025
George Pickens,Evan,WR,31.0,UNKNOWN,"$31, no keeper/tag/Paul-Rule marker -- plausibly a competitive-auction result (this is what an unadorned salary in a keeper league usually represents) but NOT independently confirmed by any acquisition-method record in this repo.",0.5,True,
Puka Nacua,Evan,WR,21.0,UNKNOWN,"$21, no keeper/tag/Paul-Rule marker -- plausibly a competitive-auction result (this is what an unadorned salary in a keeper league usually represents) but NOT independently confirmed by any acquisition-method record in this repo.",0.5,True,
Lamar Jackson,Evan,QB,63.0,UNKNOWN,"$63, no keeper/tag/Paul-Rule marker -- plausibly a competitive-auction result (this is what an unadorned salary in a keeper league usually represents) but NOT independently confirmed by any acquisition-method record in this repo.",0.5,True,
Emeka Egbuka,Evan,WR,1.0,ADMINISTRATIVE_DOLLAR_ONE,$1 salary with no keeper/tag marker -- ambiguous (a genuine uncontested competitive-auction winner also settles at $1 in this league's rules) but NOT confirmed as a real competitive result either; treated as unreliable for calibration by default per the phase-3A instruction 'unknown $1 prices receive zero weight by default.',0.0,False,
Tony Pollard,Evan,RB,70.0,UNKNOWN,"$70, no keeper/tag/Paul-Rule marker -- plausibly a competitive-auction result (this is what an unadorned salary in a keeper league usually represents) but NOT independently confirmed by any acquisition-method record in this repo.",0.5,True,
RJ Harvey,Evan,RB,70.0,UNKNOWN,"$70, no keeper/tag/Paul-Rule marker -- plausibly a competitive-auction result (this is what an unadorned salary in a keeper league usually represents) but NOT independently confirmed by any acquisition-method record in this repo.",0.5,True,
Dalton Kincaid,Evan,TE,6.0,UNKNOWN,"$6, no keeper/tag/Paul-Rule marker -- plausibly a competitive-auction result (this is what an unadorned salary in a keeper league usually represents) but NOT independently confirmed by any acquisition-method record in this repo.",0.5,True,
Josh Jacobs,Evan,RB,89.0,UNKNOWN,"$89, no keeper/tag/Paul-Rule marker -- plausibly a competitive-auction result (this is what an unadorned salary in a keeper league usually represents) but NOT independently confirmed by any acquisition-method record in this repo.",0.5,True,
Matthew Stafford,Evan,QB,1.0,ADMINISTRATIVE_DOLLAR_ONE,$1 salary with no keeper/tag marker -- ambiguous (a genuine uncontested competitive-auction winner also settles at $1 in this league's rules) but NOT confirmed as a real competitive result either; treated as unreliable for calibration by default per the phase-3A instruction 'unknown $1 prices receive zero weight by default.',0.0,False,
Dalton Schultz,Evan,TE,1.0,ADMINISTRATIVE_DOLLAR_ONE,$1 salary with no keeper/tag marker -- ambiguous (a genuine uncontested competitive-auction winner also settles at $1 in this league's rules) but NOT confirmed as a real competitive result either; treated as unreliable for calibration by default per the phase-3A instruction 'unknown $1 prices receive zero weight by default.',0.0,False,
Emanuel Wilson,Evan,RB,1.0,ADMINISTRATIVE_DOLLAR_ONE,$1 salary with no keeper/tag marker -- ambiguous (a genuine uncontested competitive-auction winner also settles at $1 in this league's rules) but NOT confirmed as a real competitive result either; treated as unreliable for calibration by default per the phase-3A instruction 'unknown $1 prices receive zero weight by default.',0.0,False,
Jayden Daniels,James,QB,26.0,FRANCHISE_TAG,is_tagged_2025=True (confirmed +$5 franchise-tag escalation delta),0.4,False,tagged 2025
Trey Benson,James,RB,11.0,UNKNOWN,"$11, no keeper/tag/Paul-Rule marker -- plausibly a competitive-auction result (this is what an unadorned salary in a keeper league usually represents) but NOT independently confirmed by any acquisition-method record in this repo.",0.5,True,
Jordan Addison,James,WR,21.0,UNKNOWN,"$21, no keeper/tag/Paul-Rule marker -- plausibly a competitive-auction result (this is what an unadorned salary in a keeper league usually represents) but NOT independently confirmed by any acquisition-method record in this repo.",0.5,True,
Zay Flowers,James,WR,21.0,UNKNOWN,"$21, no keeper/tag/Paul-Rule marker -- plausibly a competitive-auction result (this is what an unadorned salary in a keeper league usually represents) but NOT independently confirmed by any acquisition-method record in this repo.",0.5,True,
Colston Loveland,James,TE,1.0,ADMINISTRATIVE_DOLLAR_ONE,$1 salary with no keeper/tag marker -- ambiguous (a genuine uncontested competitive-auction winner also settles at $1 in this league's rules) but NOT confirmed as a real competitive result either; treated as unreliable for calibration by default per the phase-3A instruction 'unknown $1 prices receive zero weight by default.',0.0,False,
Alvin Kamara,James,RB,88.0,UNKNOWN,"$88, no keeper/tag/Paul-Rule marker -- plausibly a competitive-auction result (this is what an unadorned salary in a keeper league usually represents) but NOT independently confirmed by any acquisition-method record in this repo.",0.5,True,
Aaron Jones Sr,James,RB,66.0,UNKNOWN,"$66, no keeper/tag/Paul-Rule marker -- plausibly a competitive-auction result (this is what an unadorned salary in a keeper league usually represents) but NOT independently confirmed by any acquisition-method record in this repo.",0.5,True,
Keenan Allen,James,WR,29.0,UNKNOWN,"$29, no keeper/tag/Paul-Rule marker -- plausibly a competitive-auction result (this is what an unadorned salary in a keeper league usually represents) but NOT independently confirmed by any acquisition-method record in this repo.",0.5,True,
Zach Charbonnet,James,RB,40.0,UNKNOWN,"$40, no keeper/tag/Paul-Rule marker -- plausibly a competitive-auction result (this is what an unadorned salary in a keeper league usually represents) but NOT independently confirmed by any acquisition-method record in this repo.",0.5,True,
Jordan Mason,James,RB,43.0,UNKNOWN,"$43, no keeper/tag/Paul-Rule marker -- plausibly a competitive-auction result (this is what an unadorned salary in a keeper league usually represents) but NOT independently confirmed by any acquisition-method record in this repo.",0.5,True,
Michael Pittman Jr,James,WR,30.0,UNKNOWN,"$30, no keeper/tag/Paul-Rule marker -- plausibly a competitive-auction result (this is what an unadorned salary in a keeper league usually represents) but NOT independently confirmed by any acquisition-method record in this repo.",0.5,True,
Wan'Dale Robinson,James,WR,1.0,ADMINISTRATIVE_DOLLAR_ONE,$1 salary with no keeper/tag marker -- ambiguous (a genuine uncontested competitive-auction winner also settles at $1 in this league's rules) but NOT confirmed as a real competitive result either; treated as unreliable for calibration by default per the phase-3A instruction 'unknown $1 prices receive zero weight by default.',0.0,False,
Trevor Lawrence,James,QB,1.0,ADMINISTRATIVE_DOLLAR_ONE,$1 salary with no keeper/tag marker -- ambiguous (a genuine uncontested competitive-auction winner also settles at $1 in this league's rules) but NOT confirmed as a real competitive result either; treated as unreliable for calibration by default per the phase-3A instruction 'unknown $1 prices receive zero weight by default.',0.0,False,
Rico Dowdle,James,RB,3.0,UNKNOWN,"$3, no keeper/tag/Paul-Rule marker -- plausibly a competitive-auction result (this is what an unadorned salary in a keeper league usually represents) but NOT independently confirmed by any acquisition-method record in this repo.",0.5,True,
Darren Waller,James,TE,1.0,ADMINISTRATIVE_DOLLAR_ONE,$1 salary with no keeper/tag marker -- ambiguous (a genuine uncontested competitive-auction winner also settles at $1 in this league's rules) but NOT confirmed as a real competitive result either; treated as unreliable for calibration by default per the phase-3A instruction 'unknown $1 prices receive zero weight by default.',0.0,False,
Juwan Johnson,James,TE,1.0,ADMINISTRATIVE_DOLLAR_ONE,$1 salary with no keeper/tag marker -- ambiguous (a genuine uncontested competitive-auction winner also settles at $1 in this league's rules) but NOT confirmed as a real competitive result either; treated as unreliable for calibration by default per the phase-3A instruction 'unknown $1 prices receive zero weight by default.',0.0,False,
DK Metcalf,Ryan J,WR,36.0,UNKNOWN,"$36, no keeper/tag/Paul-Rule marker -- plausibly a competitive-auction result (this is what an unadorned salary in a keeper league usually represents) but NOT independently confirmed by any acquisition-method record in this repo.",0.5,True,
Keon Coleman,Ryan J,WR,6.0,FRANCHISE_TAG,is_tagged_2025=True (confirmed +$5 franchise-tag escalation delta),0.4,False,tagged 2025
Jajuan Jennings,Ryan J,WR,11.0,UNKNOWN,"$11, no keeper/tag/Paul-Rule marker -- plausibly a competitive-auction result (this is what an unadorned salary in a keeper league usually represents) but NOT independently confirmed by any acquisition-method record in this repo.",0.5,True,
DeVon Achane,Ryan J,RB,16.0,UNKNOWN,"$16, no keeper/tag/Paul-Rule marker -- plausibly a competitive-auction result (this is what an unadorned salary in a keeper league usually represents) but NOT independently confirmed by any acquisition-method record in this repo.",0.5,True,
Ashton Jeanty,Ryan J,RB,1.0,ADMINISTRATIVE_DOLLAR_ONE,$1 salary with no keeper/tag marker -- ambiguous (a genuine uncontested competitive-auction winner also settles at $1 in this league's rules) but NOT confirmed as a real competitive result either; treated as unreliable for calibration by default per the phase-3A instruction 'unknown $1 prices receive zero weight by default.',0.0,False,
Tee Higgins,Ryan J,WR,72.0,UNKNOWN,"$72, no keeper/tag/Paul-Rule marker -- plausibly a competitive-auction result (this is what an unadorned salary in a keeper league usually represents) but NOT independently confirmed by any acquisition-method record in this repo.",0.5,True,
Bucky Irving,Ryan J,RB,77.0,UNKNOWN,"$77, no keeper/tag/Paul-Rule marker -- plausibly a competitive-auction result (this is what an unadorned salary in a keeper league usually represents) but NOT independently confirmed by any acquisition-method record in this repo.",0.5,True,
Jakobi Meyers,Ryan J,WR,39.0,UNKNOWN,"$39, no keeper/tag/Paul-Rule marker -- plausibly a competitive-auction result (this is what an unadorned salary in a keeper league usually represents) but NOT independently confirmed by any acquisition-method record in this repo.",0.5,True,
Brock Purdy,Ryan J,QB,5.0,UNKNOWN,"$5, no keeper/tag/Paul-Rule marker -- plausibly a competitive-auction result (this is what an unadorned salary in a keeper league usually represents) but NOT independently confirmed by any acquisition-method record in this repo.",0.5,True,
Michael Wilson,Ryan J,WR,1.0,ADMINISTRATIVE_DOLLAR_ONE,$1 salary with no keeper/tag marker -- ambiguous (a genuine uncontested competitive-auction winner also settles at $1 in this league's rules) but NOT confirmed as a real competitive result either; treated as unreliable for calibration by default per the phase-3A instruction 'unknown $1 prices receive zero weight by default.',0.0,False,
Oronde Gadsden,Ryan J,TE,1.0,ADMINISTRATIVE_DOLLAR_ONE,$1 salary with no keeper/tag marker -- ambiguous (a genuine uncontested competitive-auction winner also settles at $1 in this league's rules) but NOT confirmed as a real competitive result either; treated as unreliable for calibration by default per the phase-3A instruction 'unknown $1 prices receive zero weight by default.',0.0,False,
Brenton Strange,Ryan J,TE,1.0,ADMINISTRATIVE_DOLLAR_ONE,$1 salary with no keeper/tag marker -- ambiguous (a genuine uncontested competitive-auction winner also settles at $1 in this league's rules) but NOT confirmed as a real competitive result either; treated as unreliable for calibration by default per the phase-3A instruction 'unknown $1 prices receive zero weight by default.',0.0,False,
Kareem Hunt,Ryan J,RB,1.0,ADMINISTRATIVE_DOLLAR_ONE,$1 salary with no keeper/tag marker -- ambiguous (a genuine uncontested competitive-auction winner also settles at $1 in this league's rules) but NOT confirmed as a real competitive result either; treated as unreliable for calibration by default per the phase-3A instruction 'unknown $1 prices receive zero weight by default.',0.0,False,
Tre Harris,Ryan J,WR,1.0,ADMINISTRATIVE_DOLLAR_ONE,$1 salary with no keeper/tag marker -- ambiguous (a genuine uncontested competitive-auction winner also settles at $1 in this league's rules) but NOT confirmed as a real competitive result either; treated as unreliable for calibration by default per the phase-3A instruction 'unknown $1 prices receive zero weight by default.',0.0,False,
Jalen McMillan,Ryan J,WR,2.0,UNKNOWN,"$2, no keeper/tag/Paul-Rule marker -- plausibly a competitive-auction result (this is what an unadorned salary in a keeper league usually represents) but NOT independently confirmed by any acquisition-method record in this repo.",0.5,True,
Devin Neal,Ryan J,RB,1.0,ADMINISTRATIVE_DOLLAR_ONE,$1 salary with no keeper/tag marker -- ambiguous (a genuine uncontested competitive-auction winner also settles at $1 in this league's rules) but NOT confirmed as a real competitive result either; treated as unreliable for calibration by default per the phase-3A instruction 'unknown $1 prices receive zero weight by default.',0.0,False,
Daniel Jones,Ryan J,QB,1.0,ADMINISTRATIVE_DOLLAR_ONE,$1 salary with no keeper/tag marker -- ambiguous (a genuine uncontested competitive-auction winner also settles at $1 in this league's rules) but NOT confirmed as a real competitive result either; treated as unreliable for calibration by default per the phase-3A instruction 'unknown $1 prices receive zero weight by default.',0.0,False,
Ladd McConkey,Ryan J,WR,57.0,UNKNOWN,"$57, no keeper/tag/Paul-Rule marker -- plausibly a competitive-auction result (this is what an unadorned salary in a keeper league usually represents) but NOT independently confirmed by any acquisition-method record in this repo.",0.5,True,
Tyrone Tracy Jr,CJ,RB,11.0,UNKNOWN,"$11, no keeper/tag/Paul-Rule marker -- plausibly a competitive-auction result (this is what an unadorned salary in a keeper league usually represents) but NOT independently confirmed by any acquisition-method record in this repo.",0.5,True,
Ja'Marr Chase,CJ,WR,36.0,FRANCHISE_TAG,is_tagged_2025=True (confirmed +$5 franchise-tag escalation delta),0.4,False,tagged 2025
Chase Brown,CJ,RB,21.0,UNKNOWN,"$21, no keeper/tag/Paul-Rule marker -- plausibly a competitive-auction result (this is what an unadorned salary in a keeper league usually represents) but NOT independently confirmed by any acquisition-method record in this repo.",0.5,True,
Sam LaPorta,CJ,TE,21.0,UNKNOWN,"$21, no keeper/tag/Paul-Rule marker -- plausibly a competitive-auction result (this is what an unadorned salary in a keeper league usually represents) but NOT independently confirmed by any acquisition-method record in this repo.",0.5,True,
Ricky Pearsall,CJ,WR,16.0,UNKNOWN,"$16, no keeper/tag/Paul-Rule marker -- plausibly a competitive-auction result (this is what an unadorned salary in a keeper league usually represents) but NOT independently confirmed by any acquisition-method record in this repo.",0.5,True,
Omarion Hampton,CJ,RB,1.0,ADMINISTRATIVE_DOLLAR_ONE,$1 salary with no keeper/tag marker -- ambiguous (a genuine uncontested competitive-auction winner also settles at $1 in this league's rules) but NOT confirmed as a real competitive result either; treated as unreliable for calibration by default per the phase-3A instruction 'unknown $1 prices receive zero weight by default.',0.0,False,
D'Andre Swift,CJ,RB,42.0,UNKNOWN,"$42, no keeper/tag/Paul-Rule marker -- plausibly a competitive-auction result (this is what an unadorned salary in a keeper league usually represents) but NOT independently confirmed by any acquisition-method record in this repo.",0.5,True,
Jalen Hurts,CJ,QB,57.0,UNKNOWN,"$57, no keeper/tag/Paul-Rule marker -- plausibly a competitive-auction result (this is what an unadorned salary in a keeper league usually represents) but NOT independently confirmed by any acquisition-method record in this repo.",0.5,True,
DeVonta Smith,CJ,WR,85.0,UNKNOWN,"$85, no keeper/tag/Paul-Rule marker -- plausibly a competitive-auction result (this is what an unadorned salary in a keeper league usually represents) but NOT independently confirmed by any acquisition-method record in this repo.",0.5,True,
Matthew Golden,CJ,WR,70.0,UNKNOWN,"$70, no keeper/tag/Paul-Rule marker -- plausibly a competitive-auction result (this is what an unadorned salary in a keeper league usually represents) but NOT independently confirmed by any acquisition-method record in this repo.",0.5,True,
Justin Herbert,CJ,QB,4.0,UNKNOWN,"$4, no keeper/tag/Paul-Rule marker -- plausibly a competitive-auction result (this is what an unadorned salary in a keeper league usually represents) but NOT independently confirmed by any acquisition-method record in this repo.",0.5,True,
Tory Horton,CJ,WR,1.0,ADMINISTRATIVE_DOLLAR_ONE,$1 salary with no keeper/tag marker -- ambiguous (a genuine uncontested competitive-auction winner also settles at $1 in this league's rules) but NOT confirmed as a real competitive result either; treated as unreliable for calibration by default per the phase-3A instruction 'unknown $1 prices receive zero weight by default.',0.0,False,
Jake Ferguson,CJ,TE,6.0,UNKNOWN,"$6, no keeper/tag/Paul-Rule marker -- plausibly a competitive-auction result (this is what an unadorned salary in a keeper league usually represents) but NOT independently confirmed by any acquisition-method record in this repo.",0.5,True,
Elic Ayomanor,CJ,WR,1.0,ADMINISTRATIVE_DOLLAR_ONE,$1 salary with no keeper/tag marker -- ambiguous (a genuine uncontested competitive-auction winner also settles at $1 in this league's rules) but NOT confirmed as a real competitive result either; treated as unreliable for calibration by default per the phase-3A instruction 'unknown $1 prices receive zero weight by default.',0.0,False,
Parker Washington,CJ,WR,1.0,ADMINISTRATIVE_DOLLAR_ONE,$1 salary with no keeper/tag marker -- ambiguous (a genuine uncontested competitive-auction winner also settles at $1 in this league's rules) but NOT confirmed as a real competitive result either; treated as unreliable for calibration by default per the phase-3A instruction 'unknown $1 prices receive zero weight by default.',0.0,False,
Cade Otton,CJ,TE,1.0,ADMINISTRATIVE_DOLLAR_ONE,$1 salary with no keeper/tag marker -- ambiguous (a genuine uncontested competitive-auction winner also settles at $1 in this league's rules) but NOT confirmed as a real competitive result either; treated as unreliable for calibration by default per the phase-3A instruction 'unknown $1 prices receive zero weight by default.',0.0,False,
Dontayavion Wicks,CJ,WR,1.0,ADMINISTRATIVE_DOLLAR_ONE,$1 salary with no keeper/tag marker -- ambiguous (a genuine uncontested competitive-auction winner also settles at $1 in this league's rules) but NOT confirmed as a real competitive result either; treated as unreliable for calibration by default per the phase-3A instruction 'unknown $1 prices receive zero weight by default.',0.0,False,
CeeDee Lamb,Jason,WR,36.0,FRANCHISE_TAG,is_tagged_2025=True (confirmed +$5 franchise-tag escalation delta),0.4,False,tagged 2025
Trey McBride,Jason,TE,21.0,UNKNOWN,"$21, no keeper/tag/Paul-Rule marker -- plausibly a competitive-auction result (this is what an unadorned salary in a keeper league usually represents) but NOT independently confirmed by any acquisition-method record in this repo.",0.5,True,
AJ Brown,Jason,WR,36.0,UNKNOWN,"$36, no keeper/tag/Paul-Rule marker -- plausibly a competitive-auction result (this is what an unadorned salary in a keeper league usually represents) but NOT independently confirmed by any acquisition-method record in this repo.",0.5,True,
Bijan Robinson,Jason,RB,16.0,UNKNOWN,"$16, no keeper/tag/Paul-Rule marker -- plausibly a competitive-auction result (this is what an unadorned salary in a keeper league usually represents) but NOT independently confirmed by any acquisition-method record in this repo.",0.5,True,
Jahmyr Gibbs,Jason,RB,21.0,UNKNOWN,"$21, no keeper/tag/Paul-Rule marker -- plausibly a competitive-auction result (this is what an unadorned salary in a keeper league usually represents) but NOT independently confirmed by any acquisition-method record in this repo.",0.5,True,
Kenneth Walker,Jason,RB,31.0,UNKNOWN,"$31, no keeper/tag/Paul-Rule marker -- plausibly a competitive-auction result (this is what an unadorned salary in a keeper league usually represents) but NOT independently confirmed by any acquisition-method record in this repo.",0.5,True,
Joe Burrow,Jason,QB,69.0,UNKNOWN,"$69, no keeper/tag/Paul-Rule marker -- plausibly a competitive-auction result (this is what an unadorned salary in a keeper league usually represents) but NOT independently confirmed by any acquisition-method record in this repo.",0.5,True,
Dak Prescott,Jason,QB,8.0,UNKNOWN,"$8, no keeper/tag/Paul-Rule marker -- plausibly a competitive-auction result (this is what an unadorned salary in a keeper league usually represents) but NOT independently confirmed by any acquisition-method record in this repo.",0.5,True,
Chris Godwin Jr,Jason,WR,41.0,UNKNOWN,"$41, no keeper/tag/Paul-Rule marker -- plausibly a competitive-auction result (this is what an unadorned salary in a keeper league usually represents) but NOT independently confirmed by any acquisition-method record in this repo.",0.5,True,
Nick Chubb,Jason,RB,37.0,UNKNOWN,"$37, no keeper/tag/Paul-Rule marker -- plausibly a competitive-auction result (this is what an unadorned salary in a keeper league usually represents) but NOT independently confirmed by any acquisition-method record in this repo.",0.5,True,
Josh Downs,Jason,WR,26.0,UNKNOWN,"$26, no keeper/tag/Paul-Rule marker -- plausibly a competitive-auction result (this is what an unadorned salary in a keeper league usually represents) but NOT independently confirmed by any acquisition-method record in this repo.",0.5,True,
Troy Franklin,Jason,WR,1.0,ADMINISTRATIVE_DOLLAR_ONE,$1 salary with no keeper/tag marker -- ambiguous (a genuine uncontested competitive-auction winner also settles at $1 in this league's rules) but NOT confirmed as a real competitive result either; treated as unreliable for calibration by default per the phase-3A instruction 'unknown $1 prices receive zero weight by default.',0.0,False,
Quentin Johnston,Jason,WR,1.0,ADMINISTRATIVE_DOLLAR_ONE,$1 salary with no keeper/tag marker -- ambiguous (a genuine uncontested competitive-auction winner also settles at $1 in this league's rules) but NOT confirmed as a real competitive result either; treated as unreliable for calibration by default per the phase-3A instruction 'unknown $1 prices receive zero weight by default.',0.0,False,
Romeo Doubs,Jason,WR,1.0,ADMINISTRATIVE_DOLLAR_ONE,$1 salary with no keeper/tag marker -- ambiguous (a genuine uncontested competitive-auction winner also settles at $1 in this league's rules) but NOT confirmed as a real competitive result either; treated as unreliable for calibration by default per the phase-3A instruction 'unknown $1 prices receive zero weight by default.',0.0,False,
Luther Burden,Jason,WR,1.0,ADMINISTRATIVE_DOLLAR_ONE,$1 salary with no keeper/tag marker -- ambiguous (a genuine uncontested competitive-auction winner also settles at $1 in this league's rules) but NOT confirmed as a real competitive result either; treated as unreliable for calibration by default per the phase-3A instruction 'unknown $1 prices receive zero weight by default.',0.0,False,
James Cook,Shane,RB,79.0,UNKNOWN,"$79, no keeper/tag/Paul-Rule marker -- plausibly a competitive-auction result (this is what an unadorned salary in a keeper league usually represents) but NOT independently confirmed by any acquisition-method record in this repo.",0.5,True,
Rome Odunze,Shane,WR,6.0,FRANCHISE_TAG,is_tagged_2025=True (confirmed +$5 franchise-tag escalation delta),0.4,False,tagged 2025
Caleb Williams,Shane,QB,11.0,UNKNOWN,"$11, no keeper/tag/Paul-Rule marker -- plausibly a competitive-auction result (this is what an unadorned salary in a keeper league usually represents) but NOT independently confirmed by any acquisition-method record in this repo.",0.5,True,
George Kittle,Shane,TE,64.0,UNKNOWN,"$64, no keeper/tag/Paul-Rule marker -- plausibly a competitive-auction result (this is what an unadorned salary in a keeper league usually represents) but NOT independently confirmed by any acquisition-method record in this repo.",0.5,True,
Kyle Monangai,Shane,RB,1.0,ADMINISTRATIVE_DOLLAR_ONE,$1 salary with no keeper/tag marker -- ambiguous (a genuine uncontested competitive-auction winner also settles at $1 in this league's rules) but NOT confirmed as a real competitive result either; treated as unreliable for calibration by default per the phase-3A instruction 'unknown $1 prices receive zero weight by default.',0.0,False,
Jayden Higgins,Shane,WR,10.0,UNKNOWN,"$10, no keeper/tag/Paul-Rule marker -- plausibly a competitive-auction result (this is what an unadorned salary in a keeper league usually represents) but NOT independently confirmed by any acquisition-method record in this repo.",0.5,True,
AD Mitchell,Shane,WR,11.0,UNKNOWN,"$11, no keeper/tag/Paul-Rule marker -- plausibly a competitive-auction result (this is what an unadorned salary in a keeper league usually represents) but NOT independently confirmed by any acquisition-method record in this repo.",0.5,True,
AJ Barner,Shane,TE,1.0,ADMINISTRATIVE_DOLLAR_ONE,$1 salary with no keeper/tag marker -- ambiguous (a genuine uncontested competitive-auction winner also settles at $1 in this league's rules) but NOT confirmed as a real competitive result either; treated as unreliable for calibration by default per the phase-3A instruction 'unknown $1 prices receive zero weight by default.',0.0,False,
Blake Corum,Shane,RB,1.0,ADMINISTRATIVE_DOLLAR_ONE,$1 salary with no keeper/tag marker -- ambiguous (a genuine uncontested competitive-auction winner also settles at $1 in this league's rules) but NOT confirmed as a real competitive result either; treated as unreliable for calibration by default per the phase-3A instruction 'unknown $1 prices receive zero weight by default.',0.0,False,
Tre Tucker,Shane,WR,1.0,ADMINISTRATIVE_DOLLAR_ONE,$1 salary with no keeper/tag marker -- ambiguous (a genuine uncontested competitive-auction winner also settles at $1 in this league's rules) but NOT confirmed as a real competitive result either; treated as unreliable for calibration by default per the phase-3A instruction 'unknown $1 prices receive zero weight by default.',0.0,False,
Christian Watson,Shane,WR,1.0,ADMINISTRATIVE_DOLLAR_ONE,$1 salary with no keeper/tag marker -- ambiguous (a genuine uncontested competitive-auction winner also settles at $1 in this league's rules) but NOT confirmed as a real competitive result either; treated as unreliable for calibration by default per the phase-3A instruction 'unknown $1 prices receive zero weight by default.',0.0,False,
Kayshon Boutte,Shane,WR,1.0,ADMINISTRATIVE_DOLLAR_ONE,$1 salary with no keeper/tag marker -- ambiguous (a genuine uncontested competitive-auction winner also settles at $1 in this league's rules) but NOT confirmed as a real competitive result either; treated as unreliable for calibration by default per the phase-3A instruction 'unknown $1 prices receive zero weight by default.',0.0,False,
Pat Bryant,Shane,WR,7.0,UNKNOWN,"$7, no keeper/tag/Paul-Rule marker -- plausibly a competitive-auction result (this is what an unadorned salary in a keeper league usually represents) but NOT independently confirmed by any acquisition-method record in this repo.",0.5,True,
Bill Croskey-Merritt,Shane,RB,46.0,UNKNOWN,"$46, no keeper/tag/Paul-Rule marker -- plausibly a competitive-auction result (this is what an unadorned salary in a keeper league usually represents) but NOT independently confirmed by any acquisition-method record in this repo.",0.5,True,
Keaton Mitchell,Shane,RB,21.0,UNKNOWN,"$21, no keeper/tag/Paul-Rule marker -- plausibly a competitive-auction result (this is what an unadorned salary in a keeper league usually represents) but NOT independently confirmed by any acquisition-method record in this repo.",0.5,True,
Evan Hull,Shane,RB,1.0,ADMINISTRATIVE_DOLLAR_ONE,$1 salary with no keeper/tag marker -- ambiguous (a genuine uncontested competitive-auction winner also settles at $1 in this league's rules) but NOT confirmed as a real competitive result either; treated as unreliable for calibration by default per the phase-3A instruction 'unknown $1 prices receive zero weight by default.',0.0,False,
Jayden Reed,Travis,WR,16.0,UNKNOWN,"$16, no keeper/tag/Paul-Rule marker -- plausibly a competitive-auction result (this is what an unadorned salary in a keeper league usually represents) but NOT independently confirmed by any acquisition-method record in this repo.",0.5,True,
Malik Nabers,Travis,WR,6.0,FRANCHISE_TAG,is_tagged_2025=True (confirmed +$5 franchise-tag escalation delta),0.4,False,tagged 2025
Woody Marks,Travis,RB,1.0,ADMINISTRATIVE_DOLLAR_ONE,$1 salary with no keeper/tag marker -- ambiguous (a genuine uncontested competitive-auction winner also settles at $1 in this league's rules) but NOT confirmed as a real competitive result either; treated as unreliable for calibration by default per the phase-3A instruction 'unknown $1 prices receive zero weight by default.',0.0,False,
Xavier Worthy,Travis,WR,11.0,UNKNOWN,"$11, no keeper/tag/Paul-Rule marker -- plausibly a competitive-auction result (this is what an unadorned salary in a keeper league usually represents) but NOT independently confirmed by any acquisition-method record in this repo.",0.5,True,
Baker Mayfield,Travis,QB,11.0,UNKNOWN,"$11, no keeper/tag/Paul-Rule marker -- plausibly a competitive-auction result (this is what an unadorned salary in a keeper league usually represents) but NOT independently confirmed by any acquisition-method record in this repo.",0.5,True,
Tet McMillan,Travis,WR,1.0,ADMINISTRATIVE_DOLLAR_ONE,$1 salary with no keeper/tag marker -- ambiguous (a genuine uncontested competitive-auction winner also settles at $1 in this league's rules) but NOT confirmed as a real competitive result either; treated as unreliable for calibration by default per the phase-3A instruction 'unknown $1 prices receive zero weight by default.',0.0,False,
Mark Andrews,Travis,TE,43.0,UNKNOWN,"$43, no keeper/tag/Paul-Rule marker -- plausibly a competitive-auction result (this is what an unadorned salary in a keeper league usually represents) but NOT independently confirmed by any acquisition-method record in this repo.",0.5,True,
Rashid Shaheed,Travis,WR,10.0,UNKNOWN,"$10, no keeper/tag/Paul-Rule marker -- plausibly a competitive-auction result (this is what an unadorned salary in a keeper league usually represents) but NOT independently confirmed by any acquisition-method record in this repo.",0.5,True,
Isiah Pacheco,Travis,RB,66.0,UNKNOWN,"$66, no keeper/tag/Paul-Rule marker -- plausibly a competitive-auction result (this is what an unadorned salary in a keeper league usually represents) but NOT independently confirmed by any acquisition-method record in this repo.",0.5,True,
Jared Goff,Travis,QB,27.0,UNKNOWN,"$27, no keeper/tag/Paul-Rule marker -- plausibly a competitive-auction result (this is what an unadorned salary in a keeper league usually represents) but NOT independently confirmed by any acquisition-method record in this repo.",0.5,True,
Rhamondre Stevenson,Travis,RB,32.0,UNKNOWN,"$32, no keeper/tag/Paul-Rule marker -- plausibly a competitive-auction result (this is what an unadorned salary in a keeper league usually represents) but NOT independently confirmed by any acquisition-method record in this repo.",0.5,True,
Tyler Allgeier,Travis,RB,15.0,UNKNOWN,"$15, no keeper/tag/Paul-Rule marker -- plausibly a competitive-auction result (this is what an unadorned salary in a keeper league usually represents) but NOT independently confirmed by any acquisition-method record in this repo.",0.5,True,
Hunter Henry,Travis,TE,2.0,UNKNOWN,"$2, no keeper/tag/Paul-Rule marker -- plausibly a competitive-auction result (this is what an unadorned salary in a keeper league usually represents) but NOT independently confirmed by any acquisition-method record in this repo.",0.5,True,
Xavier Legette,Travis,WR,1.0,ADMINISTRATIVE_DOLLAR_ONE,$1 salary with no keeper/tag marker -- ambiguous (a genuine uncontested competitive-auction winner also settles at $1 in this league's rules) but NOT confirmed as a real competitive result either; treated as unreliable for calibration by default per the phase-3A instruction 'unknown $1 prices receive zero weight by default.',0.0,False,
TJ Hockenson,Travis,TE,48.0,UNKNOWN,"$48, no keeper/tag/Paul-Rule marker -- plausibly a competitive-auction result (this is what an unadorned salary in a keeper league usually represents) but NOT independently confirmed by any acquisition-method record in this repo.",0.5,True,
