seed,team,archetype,starting_auction_budget,players_needed,starter_slots_needed,bench_slots_needed,total_spend,unused_cash,number_of_bids,number_of_wins,number_of_blocked_bids,zero_utility_blocks,feasibility_blocks,budget_blocks,roster_cap_blocks,highest_price_paid,starter_spend,bench_spend,QB_spend,RB_spend,WR_spend,TE_spend
0,Brad,price_enforcer,281,9,9,6,226.34684219513457,54.66,266,9,0,0,0,0,0,48.740799909856065,243.44388775069012,101.90295444444445,14.18,175.94388775069012,23.613566666666667,12.609387777777776
0,Brandon,positional_extremist_wr,184,9,9,6,184.0,0.0,167,9,430,0,0,430,0,116.0,399.0,6.0,2.0,2.0,178.0,2.0
0,CJ,positional_extremist_rb,264,9,9,6,264.00111111111113,0.0,194,9,465,0,0,465,0,234.36111111111114,384.00111111111113,16.0,2.0,259.00111111111113,3.0,0.0
0,Coby,value_purist,274,9,9,6,273.9971111111111,0.0,221,9,134,0,0,134,0,61.0,240.4271111111111,159.57,9.19,218.01711111111112,46.79,0.0
0,Evan,value_purist,184,9,9,6,183.99286666666669,0.0,226,9,253,0,0,253,0,72.5398888888889,283.53988888888887,106.45297777777778,5.19,116.1372,61.66566666666667,1.0
0,James,stars_and_scrubs,297,9,9,6,292.1776,4.83,139,9,420,0,0,420,0,256.32,386.64222222222224,8.535377777777779,1.5358933333333333,262.1083733333333,1.211111111111111,27.322222222222223
0,Jason,stars_and_scrubs,209,9,9,6,208.99888888888887,0.0,264,9,346,0,0,346,0,177.0,387.9122222222222,7.086666666666667,2.9188888888888886,23.64,180.44,2.0
0,Reid,stars_and_scrubs,260,9,9,6,260.0,0.0,214,9,465,0,0,465,0,202.0,404.0,6.0,1.0,256.0,2.0,1.0
0,Ryan J,balanced,257,9,9,6,228.43129234798656,28.58,213,9,5,0,0,5,0,69.79463678576761,237.75817178576762,126.67312056221894,26.021366666666665,168.04585012576433,34.36407555555556,0.0
0,Sam,price_enforcer,223,9,9,6,172.38423333333336,50.61,189,9,33,0,0,33,0,47.52377777777778,252.9268088888889,81.45742444444446,1.0,11.0,158.12867777777777,2.2555555555555555
0,Shane,positional_extremist_wr,324,9,9,6,322.33162744444445,1.66,203,9,130,0,0,130,0,202.0,361.93309922222227,36.39852822222222,0.0,3.005304888888889,305.08074922222227,14.245573333333335
0,Travis,emotional,264,9,9,6,264.0,0.0,70,9,619,0,0,619,0,256.0,371.0,6.0,2.0,260.0,2.0,0.0
1,Brad,positional_extremist_rb,281,9,9,6,281.0052777777778,0.0,92,9,531,0,0,531,0,266.0,376.0730555555556,23.932222222222222,2.0,277.00527777777774,0.0,2.0
1,Brandon,positional_extremist_rb,184,9,9,6,183.99622833333333,0.0,182,9,427,0,0,427,0,165.08333333333334,396.9898916666667,8.006336666666666,2.0,175.98989166666667,4.006336666666666,2.0
1,CJ,tier_controller,264,9,9,6,260.5769344444444,3.43,203,9,225,0,0,225,0,191.33333333333334,339.3169637777778,57.25997066666667,3.192222222222222,28.611711999999997,222.4982837777778,6.2747164444444445
1,Coby,emotional,274,9,9,6,274.0,0.0,143,9,522,0,0,522,0,258.0,394.0,6.0,2.5999999999999996,260.0,9.4,2.0
1,Evan,stars_and_scrubs,184,9,9,6,184.0011,0.0,192,9,495,0,0,495,0,88.99,296.99,93.01110000000001,2.0,180.0011,1.0,1.0
1,James,balanced,297,9,9,6,270.63652877777776,26.36,293,9,0,0,0,0,0,77.0,289.3532261111111,84.28330266666667,28.781333333333333,69.6209288888889,172.23426655555556,0.0
1,Jason,price_enforcer,209,9,9,6,176.3628068888889,32.64,218,9,54,0,0,54,0,43.564888888888895,264.38900555555557,97.97380133333334,25.569061333333334,129.62364555555558,21.1701,0.0
1,Reid,emotional,260,9,9,6,259.7013111111111,0.3,298,9,311,0,0,311,0,177.0,319.37665555555554,90.32465555555555,3.344844444444444,2.621111111111111,251.95878888888888,1.7765666666666668
1,Ryan J,value_purist,257,9,9,6,256.9932711111111,0.0,174,9,267,0,0,267,0,112.056,381.2932711111111,11.7,1.0,188.07816,67.91511111111112,0.0
1,Sam,value_purist,223,9,9,6,223.0094,0.0,223,9,216,0,0,216,0,77.0,330.3946666666667,54.614733333333334,4.474666666666667,171.53473333333335,45.0,2.0
1,Shane,price_enforcer,324,9,9,6,263.72054055555554,60.27,244,9,0,0,0,0,0,63.92,208.77685333333335,130.94368722222222,1.0,128.5937888888889,97.27818666666667,36.84856500000001
1,Travis,anchor,264,9,9,6,263.9980777777778,0.0,156,9,464,0,0,464,0,253.0,359.41446666666667,17.58361111111111,2.38,255.39249999999998,3.1719444444444442,3.053633333333333
2,Brad,price_enforcer,281,9,9,6,238.82792207449017,42.17,279,9,0,0,0,0,0,57.82042707449014,214.21324833333335,143.61467374115682,31.359474999999996,155.24116707449014,52.22728000000001,0.0
2,Brandon,value_purist,184,9,9,6,183.99534222222223,0.0,227,9,278,0,0,278,0,70.449,329.5463422222222,75.449,6.220000000000001,126.90754222222222,50.8678,0.0
2,CJ,stars_and_scrubs,264,9,9,6,264.00241777777774,0.0,114,9,541,0,0,541,0,236.0,383.9824177777778,16.02,2.0,258.78797333333335,2.1944444444444446,1.0199999999999996
2,Coby,value_purist,274,9,9,6,274.0,0.0,146,9,305,0,0,305,0,129.46,323.46000000000004,76.54,1.0,270.0,1.0,2.0
2,Evan,anchor,184,9,9,6,171.45627805555554,12.55,311,9,86,0,0,86,0,99.57833333333332,319.1564563888889,58.29982166666667,7.195799166666666,31.15263055555556,125.77038833333332,7.337459999999998
2,James,price_enforcer,297,9,9,6,244.02471023588325,52.97,241,9,0,0,0,0,0,53.322264427368694,222.8258791418479,124.19883109403537,1.0,170.72031468032773,56.70932888888889,15.595066666666668
2,Jason,positional_extremist_rb,209,9,9,6,205.581425081444,3.41,235,9,92,0,0,92,0,73.53818841477734,360.21818841477733,31.36323666666667,30.0,167.716305081444,5.21,2.65512
2,Reid,stars_and_scrubs,260,9,9,6,259.99555555555554,0.0,129,9,525,0,0,525,0,250.0,403.09833333333336,6.897222222222222,1.0,253.86833333333334,3.567222222222222,1.56
2,Ryan J,anchor,257,9,9,6,242.290939766303,14.71,330,9,38,0,0,38,0,176.01167976630302,323.699221016303,54.59171874999999,1.0,0.0,235.94142726630304,5.349512499999999
2,Sam,positional_extremist_wr,223,9,9,6,223.0,0.0,138,9,469,0,0,469,0,190.0,379.0,6.0,1.0,5.0,216.0,1.0
2,Shane,price_enforcer,324,9,9,6,266.69996400714,57.3,256,9,0,0,0,0,0,61.91667956269555,234.89537331269554,107.80459069444443,25.0,37.44988124999999,196.21232234047332,8.037760416666668
2,Travis,tier_controller,264,9,9,6,263.9964835555556,0.0,77,9,575,0,0,575,0,252.0,360.0859057777778,16.910577777777778,3.4481280000000005,255.91057777777777,1.0,3.637777777777778
3,Brad,price_enforcer,281,9,9,6,240.68815283333336,40.32,267,9,0,0,0,0,0,58.702777777777776,279.08463172222224,80.60352111111112,45.36952333333334,105.00051283333335,79.40175666666669,10.916360000000001
3,Brandon,stars_and_scrubs,184,9,9,6,176.27596000000003,7.73,142,9,412,0,0,412,0,166.83333333333334,389.9555555555556,7.320404444444444,2.0,167.9611111111111,4.314848888888889,2.0
3,CJ,balanced,264,9,9,6,242.76559993156698,21.23,266,9,0,0,0,0,0,66.14200000000001,291.8333017031999,86.93229822836709,33.88438859208877,5.729000000000001,182.4071793394782,20.745032000000002
3,Coby,value_purist,274,9,9,6,274.00173333333333,0.0,257,9,187,0,0,187,0,84.0,322.0,78.00173333333333,2.0,128.0,141.75173333333333,2.25
3,Evan,balanced,184,9,9,6,161.97878702829018,22.01,232,9,56,0,0,56,0,47.973335421773456,252.37691462518467,115.60187240310553,28.0,18.19842586562715,84.51904542177346,31.261315740889593
3,James,price_enforcer,297,9,9,6,252.3438601743878,44.66,256,9,0,0,0,0,0,57.77841104900656,216.97278104900656,138.37107912538121,0.0,157.82839906327666,65.18952222222222,29.325938888888892
3,Jason,price_enforcer,209,9,9,6,174.48606222222224,34.51,219,9,36,0,0,36,0,41.1737588888889,266.0517811111111,94.43428111111112,6.701422222222223,121.95792666666668,45.82671333333334,0.0
3,Reid,positional_extremist_wr,260,9,9,6,260.0001111111111,0.0,240,9,368,0,0,368,0,215.32833333333332,404.0001111111111,6.0,1.0,217.32833333333332,40.67177777777778,1.0
3,Ryan J,stars_and_scrubs,257,9,9,6,249.2489648888889,7.76,121,9,394,0,0,394,0,235.18055555555557,352.0429075555555,33.206057333333334,1.1111111111111112,242.197304,1.612086666666667,4.328463111111111
3,Sam,stars_and_scrubs,223,9,9,6,222.99405164353564,0.0,211,9,358,0,0,358,0,116.02977386575782,263.52872222222226,121.46532942131337,1.0,219.99405164353564,0.0,2.0
3,Shane,value_purist,324,9,9,6,324.001278182354,0.0,230,9,219,0,0,219,0,99.27355221008969,301.76507818235405,98.2362,2.2199999999999998,259.781278182354,61.0,1.0
3,Travis,anchor,264,9,9,6,262.752005,1.25,44,9,549,0,0,549,0,252.0,359.05283833333334,16.699166666666667,3.0720077777777774,255.4597222222222,1.9799999999999998,2.240275
4,Brad,tier_controller,281,9,9,6,281.00116444444444,0.0,119,9,415,0,0,415,0,257.0,373.0804888888889,26.920675555555558,6.742542222222222,264.6570222222222,8.6016,1.0
4,Brandon,emotional,184,9,9,6,184.01330292180785,0.0,262,9,312,0,0,312,0,118.4049085918184,343.95194859181845,61.06135432998949,2.533333333333333,171.25422958847454,7.212033333333334,3.0137066666666668
4,CJ,price_enforcer,264,9,9,6,204.61316333333335,59.39,248,9,3,0,0,3,0,38.0,236.9094922222222,103.70367111111112,38.0,106.61316333333335,60.0,0.0
4,Coby,positional_extremist_rb,274,9,9,6,270.4001355548223,3.6,276,9,5,0,0,5,0,109.06666666666665,228.04623252772208,168.3539030271003,26.12775586105541,181.34850999999998,56.52653636043364,6.397333333333333
4,Evan,emotional,184,9,9,6,184.0,0.0,137,9,490,0,0,490,0,176.0,384.0,6.0,2.0,179.0,1.0,2.0
4,James,emotional,297,9,9,6,297.0,0.0,118,9,492,0,0,492,0,256.0,361.0,39.0,1.0,5.0,290.0,1.0
4,Jason,emotional,209,9,9,6,208.99136888888887,0.0,203,9,399,0,0,399,0,177.0,387.6226222222222,7.368746666666667,3.7270000000000003,180.36874666666668,23.895622222222222,1.0
4,Reid,stars_and_scrubs,260,9,9,6,260.00166666666667,0.0,117,9,475,0,0,475,0,238.33333333333334,403.33333333333337,6.668333333333333,1.0,3.0,254.33333333333334,1.6683333333333332
4,Ryan J,positional_extremist_rb,257,9,9,6,257.00343164790684,0.0,173,9,423,0,0,423,0,202.0,377.00343164790684,16.0,1.0,249.36343164790685,5.640000000000001,1.0
4,Sam,positional_extremist_wr,223,9,9,6,222.99063957764255,0.0,218,9,186,0,0,186,0,159.03979624430923,373.67486735542036,11.315772222222224,0.0,2.0,217.26556846653145,3.725071111111111
4,Shane,value_purist,324,9,9,6,323.9943530789799,0.0,211,9,144,0,0,144,0,62.0,214.63909333333334,185.35525974564655,0.0,284.9552597456466,38.03909333333335,1.0
4,Travis,anchor,264,9,9,6,263.3350083333333,0.67,129,9,405,0,0,405,0,249.375,356.7980111111111,19.536997222222222,1.0,251.69529166666666,7.732772222222221,2.906944444444444
5,Brad,tier_controller,281,9,9,6,278.3153422222222,2.69,327,9,96,0,0,96,0,216.0,367.13788088888884,30.177461333333337,23.0,228.47901866666666,19.096323555555557,7.74
5,Brandon,price_enforcer,184,9,9,6,151.3857688888889,32.62,221,9,98,0,0,98,0,32.31033888888889,280.8520277777778,91.53374111111111,3.0,76.85647888888889,54.06929,17.46
5,CJ,stars_and_scrubs,264,9,9,6,262.7458777777778,1.25,104,9,497,0,0,497,0,251.12500000000003,380.24809999999997,18.497777777777777,3.2186555555555554,255.47388888888892,1.211111111111111,2.8422222222222224
5,Coby,price_enforcer,274,9,9,6,231.09108497499471,42.91,266,9,5,0,0,5,0,43.49629764166133,197.55871,159.5323749749947,15.845931111111112,102.96119097499466,112.28396288888891,0.0
5,Evan,positional_extremist_rb,184,9,9,6,183.9990778177475,0.0,249,9,346,0,0,346,0,106.43922170663637,314.89922170663635,75.09985611111111,2.46,179.5390778177475,1.0,1.0
5,James,positional_extremist_rb,297,9,9,6,297.0,0.0,134,9,520,0,0,520,0,273.0,394.0,6.0,1.0,275.0,20.0,1.0
5,Jason,positional_extremist_wr,209,9,9,6,207.16182550049584,1.84,173,9,99,0,0,99,0,71.56,275.0013199449403,118.16050555555556,13.0,75.28,116.39600883382919,2.4858166666666666
5,Reid,value_purist,260,9,9,6,259.99810489044404,0.0,239,9,174,0,0,174,0,77.19726044599956,312.37943822377736,97.61866666666667,25.530520000000006,227.667584890444,5.8,1.0
5,Ryan J,emotional,257,9,9,6,257.0095733333333,0.0,193,9,463,0,0,463,0,233.54166666666666,362.87957333333327,30.13,1.0,252.9063511111111,0.0,3.103222222222222
5,Sam,stars_and_scrubs,223,9,9,6,222.9962688888889,0.0,278,9,398,0,0,398,0,177.0,378.7684911111111,6.227777777777778,1.0,180.0,39.428491111111114,2.5677777777777777
5,Shane,value_purist,324,9,9,6,324.0048506644741,0.0,208,9,214,0,0,214,0,96.62175589411426,299.1142003385587,100.89065032591537,0.0,173.07240622002962,149.93244444444446,1.0
5,Travis,anchor,264,9,9,6,264.0,0.0,31,9,664,0,0,664,0,256.0,371.0,6.0,2.0,2.0,260.0,0.0
6,Brad,positional_extremist_rb,281,9,9,6,280.9984,0.0,97,9,513,0,0,513,0,266.0,380.9984,19.0,8.8384,268.16,2.0,2.0
6,Brandon,positional_extremist_rb,184,9,9,6,184.00088333333335,0.0,141,9,466,0,0,466,0,165.08333333333334,389.08333333333337,15.917549999999999,2.0,177.97088333333335,2.0,2.0300000000000002
6,CJ,positional_extremist_rb,264,9,9,6,263.9990822222222,0.0,155,9,479,0,0,479,0,252.0,383.9990822222222,16.0,2.3099999999999996,255.0,6.689082222222222,0.0
6,Coby,anchor,274,9,9,6,273.00215138888893,1.01,132,9,423,0,0,423,0,257.0,386.9883888888889,12.013762499999999,1.3863888888888887,261.80444444444447,8.018180555555555,1.7931374999999994
6,Evan,emotional,184,9,9,6,182.87225555555557,1.12,381,9,146,0,0,146,0,89.762,301.0456,87.82665555555555,1.4600000000000002,164.66558888888892,10.37488,6.371786666666667
6,James,anchor,297,9,9,6,290.73003500000004,6.26,75,9,387,0,0,387,0,252.0,341.7426804166667,51.98735458333333,9.20325,264.11829500000005,17.408489999999997,0.0
6,Jason,positional_extremist_wr,209,9,9,6,209.00643116666666,0.0,226,9,292,0,0,292,0,177.0,368.3441466666667,26.662284500000002,4.674146666666667,22.662284500000002,180.67,1.0
6,Reid,anchor,260,9,9,6,247.01269333333335,12.99,379,9,65,0,0,65,0,177.0,324.87269166666664,72.14000166666666,6.786149999999999,212.32237666666666,27.90416666666666,0.0
6,Ryan J,positional_extremist_rb,257,9,9,6,257.0,0.0,217,9,388,0,0,388,0,248.0,377.0,16.0,1.0,250.0,4.0,2.0
6,Sam,emotional,223,9,9,6,223.0033333333333,0.0,158,9,474,0,0,474,0,189.33333333333331,190.67,194.33333333333331,1.0,27.0,192.33333333333331,2.67
6,Shane,balanced,324,9,9,6,261.3551772222222,62.64,210,9,0,0,0,0,0,88.24,234.7596666666667,102.59551055555553,1.0,80.55063555555554,168.954875,10.849666666666666
6,Travis,positional_extremist_wr,264,9,9,6,264.0016777777778,0.0,124,9,420,0,0,420,0,249.77777777777777,361.0016777777778,16.0,3.4800000000000004,9.7439,250.77777777777777,0.0
7,Brad,emotional,281,9,9,6,280.7477666666667,0.26,111,9,491,0,0,491,0,267.0,380.00998888888887,19.73777777777778,4.902222222222222,272.07255555555554,1.5841,2.188888888888889
7,Brandon,positional_extremist_wr,184,9,9,6,182.94253954096376,1.06,253,9,126,0,0,126,0,79.353,366.83338676318596,37.10915277777778,9.501902222222224,2.0,166.83520676318597,4.6054305555555555
7,CJ,tier_controller,264,9,9,6,259.4026142222222,4.6,336,9,23,0,0,23,0,176.0933333333333,187.1755071111111,208.2271071111111,12.0,19.04054711111111,224.6230804444444,3.7389866666666673
7,Coby,emotional,274,9,9,6,273.9965755555555,0.0,176,9,406,0,0,406,0,257.0,385.9448533333333,14.051722222222223,2.917075555555556,257.0,10.26281111111111,3.8166888888888897
7,Evan,positional_extremist_wr,184,9,9,6,183.99661333333333,0.0,139,9,466,0,0,466,0,87.78666666666666,297.7666133333333,92.23,2.2300000000000004,176.78666666666666,2.0,2.979946666666667
7,James,tier_controller,297,9,9,6,296.8547911111111,0.14,115,9,346,0,0,346,0,267.0,375.29517511111106,24.559616000000002,3.333148444444445,270.9548728888889,5.58336,16.98340977777778
7,Jason,price_enforcer,209,9,9,6,175.76947421184593,33.22,212,9,50,0,0,50,0,42.0,239.27880555555555,122.4906686562904,7.429916666666668,91.22591333333332,77.11364421184595,0.0
7,Reid,value_purist,260,9,9,6,260.00667571538435,0.0,225,9,192,0,0,192,0,63.68068039144833,338.0326803914483,71.97399532393601,1.0,234.66667571538434,23.34,1.0
7,Ryan J,stars_and_scrubs,257,9,9,6,255.84191893528515,1.16,235,9,342,0,0,342,0,210.0,360.0280300463962,31.81388888888889,1.4046442686185003,212.91777777777776,38.83838577777777,2.681111111111111
7,Sam,value_purist,223,9,9,6,223.0077777777778,0.0,212,9,274,0,0,274,0,87.17333333333333,368.4077777777778,16.6,1.0,165.26666666666668,15.741111111111111,41.0
7,Shane,value_purist,324,9,9,6,324.0044198016242,0.0,220,9,187,0,0,187,0,65.37766666666667,255.17435969294996,144.83006010867422,1.0,169.012637886452,152.99178191517217,1.0
7,Travis,price_enforcer,264,9,9,6,221.602281904541,42.4,207,9,13,0,0,13,0,45.702777777777776,210.76607333333334,123.83620857120766,42.985168571207666,90.85586666666667,87.76124666666666,0.0
8,Brad,tier_controller,281,9,9,6,281.00622400000003,0.0,112,9,435,0,0,435,0,256.0,368.7949013333333,31.211322666666668,3.3808,6.414101333333334,265.84999999999997,5.361322666666667
8,Brandon,value_purist,184,9,9,6,184.00126892755765,0.0,244,9,275,0,0,275,0,75.13573938018047,362.2574022608909,42.743866666666676,2.0199999999999996,77.13573938018047,104.84552954737714,0.0
8,CJ,value_purist,264,9,9,6,263.99914622222224,0.0,283,9,189,0,0,189,0,99.78888888888889,304.55259622222223,95.44655,2.0,183.23543888888892,78.76370733333334,0.0
8,Coby,emotional,274,9,9,6,269.6968684444444,4.31,274,9,225,0,0,225,0,122.27499999999999,255.8991573333333,139.79771111111108,9.585912888888888,256.6239111111111,1.1916666666666667,2.2953777777777775
8,Evan,balanced,184,9,9,6,165.76201933333334,18.23,257,9,58,0,0,58,0,46.92,243.52575800000002,128.23626133333335,25.72501833333333,25.70233966666667,110.99697244444445,3.337688888888889
8,James,value_purist,297,9,9,6,296.9983507224439,0.0,222,9,223,0,0,223,0,84.88251365026618,335.03713294466604,64.96121777777779,18.35640666666667,210.7719440557772,67.87,0.0
8,Jason,positional_extremist_wr,209,9,9,6,205.23420591315255,3.76,208,9,94,0,0,94,0,75.17986035759701,270.13232222222223,121.10188369093035,1.0,79.61598035759701,114.3953325,10.222893055555556
8,Reid,price_enforcer,260,9,9,6,217.8190591260175,42.18,237,9,3,0,0,3,0,53.75893333333333,263.0291035704619,104.78995555555557,11.366222222222222,198.4328369037953,8.02,0.0
8,Ryan J,positional_extremist_wr,257,9,9,6,255.07712499999997,1.92,181,9,208,0,0,208,0,127.82,243.78669999999997,147.29042499999997,1.0,99.57833333333332,151.9604583333333,2.538333333333333
8,Sam,price_enforcer,223,9,9,6,187.80429251539195,35.2,208,9,28,0,0,28,0,44.14999111111111,229.99768322480554,119.80660929058642,22.616528888888894,51.940734444444445,53.87457111111111,59.3724580709475
8,Shane,stars_and_scrubs,324,9,9,6,317.3498396561683,6.65,168,9,417,0,0,417,0,251.12500000000003,375.8294173333333,17.52042232283491,1.1055555555555556,254.62663654505718,58.86331911111111,2.754328444444445
8,Travis,anchor,264,9,9,6,261.4967329061906,2.49,147,9,444,0,0,444,0,247.53563665619055,355.03894776730164,19.457785138888887,2.2394444444444446,251.5701433228572,2.4792555555555555,5.207889583333333
9,Brad,anchor,281,9,9,6,275.61744633333336,5.39,168,9,346,0,0,346,0,257.0,373.00077966666663,21.616666666666667,5.730688000000001,263.6698583333333,3.4333333333333336,2.7835666666666663
9,Brandon,price_enforcer,184,9,9,6,151.9958347222222,32.0,209,9,92,0,0,92,0,29.0,270.41459583333335,102.58123888888889,26.157458333333334,73.92809777777778,32.140635277777776,19.769643333333335
9,CJ,emotional,264,9,9,6,264.0,0.0,121,9,531,0,0,531,0,256.0,384.0,16.0,2.0,258.0,3.0,1.0
9,Coby,value_purist,274,9,9,6,274.00549944444447,0.0,166,9,238,0,0,238,0,53.950088888888885,238.1926666666667,161.81283277777777,2.0,193.77549944444445,78.23,0.0
9,Evan,balanced,184,9,9,6,167.73015400000003,16.27,225,9,94,0,0,94,0,40.21244444444444,255.91925277777779,117.81090122222224,5.619166666666666,75.63145066666667,81.96256166666667,4.5169749999999995
9,James,positional_extremist_wr,297,9,9,6,297.0,0.0,120,9,531,0,0,531,0,273.0,394.0,6.0,1.0,275.0,21.0,0.0
9,Jason,tier_controller,209,9,9,6,204.56824488888887,4.43,333,9,73,0,0,73,0,116.13194444444444,236.83567822222224,153.73256666666666,6.876789333333335,171.3776777777778,11.74496,14.568817777777777
9,Reid,tier_controller,260,9,9,6,257.30732977777774,2.7,216,9,137,0,0,137,0,189.33333333333331,181.78295466666668,225.5243751111111,26.63473777777778,11.351546666666666,209.55438933333335,9.766656000000001
9,Ryan J,positional_extremist_wr,257,9,9,6,250.93467889192777,6.08,267,9,32,0,0,32,0,75.62564555859444,298.2314944474833,88.70318444444446,0.0,67.60503444444446,183.32964444748333,0.0
9,Sam,tier_controller,223,9,9,6,220.25737144444446,2.75,270,9,108,0,0,108,0,164.71666666666667,351.7497752222223,30.50759622222222,19.634758333333338,176.11001066666668,18.749283333333334,5.763319111111111
9,Shane,emotional,324,9,9,6,324.0047933333333,0.0,85,9,538,0,0,538,0,289.0,383.9147933333333,16.09,1.0,319.02315999999996,2.0,1.9816333333333336
9,Travis,emotional,264,9,9,6,264.00333333333333,0.0,227,9,417,0,0,417,0,235.83333333333331,361.00333333333333,16.0,2.0,23.17,237.83333333333331,1.0
10,Brad,tier_controller,281,9,9,6,272.73398895398566,8.27,194,9,29,0,0,29,0,177.0,334.0661333441799,57.6678556098058,55.006070137688496,30.37706666666667,178.80992,8.540932149630526
10,Brandon,emotional,184,9,9,6,182.89905643089887,1.1,222,9,309,0,0,309,0,96.12017643089887,396.1201764308989,7.778880000000001,2.0,78.0,101.1391897642322,1.7598666666666667
10,CJ,value_purist,264,9,9,6,263.99744444444445,0.0,158,9,317,0,0,317,0,81.81333333333333,369.95744444444443,30.04,2.0,246.95744444444446,15.04,0.0
10,Coby,balanced,274,9,9,6,245.30654761111114,28.7,276,9,0,0,0,0,0,70.31466666666667,241.64286083333332,129.6636867777778,9.753937500000003,91.388694,121.2300322777778,22.933883833333333
10,Evan,price_enforcer,184,9,9,6,151.21810277777777,32.79,219,9,15,0,0,15,0,37.709520000000005,278.9018022222222,78.31630055555556,53.749520000000004,37.7645988888889,53.41210388888889,6.29188
10,James,price_enforcer,297,9,9,6,251.93401,45.07,275,9,0,0,0,0,0,55.52377333333334,222.0536488888889,132.8803611111111,0.0,182.96126222222222,68.97274777777778,0.0
10,Jason,positional_extremist_rb,209,9,9,6,206.93340892374889,2.05,121,9,297,0,0,297,0,96.16600000000001,379.2134018440687,13.720007079680178,4.0,199.5756311459711,3.3577777777777778,0.0
10,Reid,balanced,260,9,9,6,232.06592860844782,27.93,258,9,0,0,0,0,0,64.756,308.5510918360238,73.51483677242406,2.2616355555555554,198.04976638622563,18.179299444444446,13.575227222222223
10,Ryan J,price_enforcer,257,9,9,6,217.28673222222224,39.72,223,9,0,0,0,0,0,53.339380000000006,268.59370222222225,84.69303000000001,12.400095555555557,78.15299111111112,118.98021222222225,7.7534333333333345
10,Sam,positional_extremist_rb,223,9,9,6,222.83177800921337,0.15,100,9,344,0,0,344,0,201.69614444444446,369.69998927533203,15.13178873388141,1.0,205.9030731837048,11.470039994621049,4.458664830887507
10,Shane,balanced,324,9,9,6,287.4515957395184,36.55,250,9,0,0,0,0,0,81.88,271.1462777777778,92.30531796174057,1.0,124.82204444444444,102.83791796174057,58.79163333333334
10,Travis,balanced,264,9,9,6,239.0257304262042,24.97,250,9,0,0,0,0,0,69.06533333333333,273.9480621111111,78.07766831509312,21.96407461111111,74.15616703731534,142.90548877777775,0.0
11,Brad,balanced,281,9,9,6,258.2111141111111,22.79,268,9,7,0,0,7,0,59.49333333333333,262.4711388888889,114.73997522222223,11.391111111111112,172.5720818888889,74.24792111111111,0.0
11,Brandon,balanced,184,9,9,6,169.27995533333336,14.72,224,9,104,0,0,104,0,51.07805377777779,309.8945708333333,80.3853845,14.712304833333336,94.84220211111112,59.72544838888889,0.0
11,CJ,price_enforcer,264,9,9,6,224.3773705555556,39.62,216,9,16,0,0,16,0,53.75893333333333,183.02161166666667,177.3557588888889,6.610453333333334,136.028335,64.23348666666666,17.505095555555556
11,Coby,positional_extremist_rb,274,9,9,6,274.0073444444444,0.0,223,9,242,0,0,242,0,189.33333333333331,384.45599999999996,15.551344444444446,4.040000000000001,11.944122222222223,255.45599999999996,2.567222222222222
11,Evan,positional_extremist_wr,184,9,9,6,183.9962417150077,0.0,223,9,322,0,0,322,0,163.83822727056327,380.18713393722993,9.809107777777779,3.0,168.7447128261188,3.902622222222223,8.348906666666668
11,James,positional_extremist_wr,297,9,9,6,296.99608555555557,0.0,168,9,513,0,0,513,0,257.0,393.55608555555557,6.44,1.0,261.44,34.556085555555555,0.0
11,Jason,tier_controller,209,9,9,6,204.379692,4.61,390,9,67,0,0,67,0,83.03170555555556,273.1618322222222,117.21785977777779,33.33932355555555,92.3347028888889,66.97449399999999,11.731171555555557
11,Reid,stars_and_scrubs,260,9,9,6,260.0,0.0,196,9,497,0,0,497,0,237.5,404.0,6.0,1.0,19.5,238.5,1.0
11,Ryan J,positional_extremist_rb,257,9,9,6,257.0032388888889,0.0,218,9,396,0,0,396,0,201.56323888888892,387.0032388888889,6.0,1.0,253.00323888888892,3.0,0.0
11,Sam,balanced,223,9,9,6,206.25538244444445,16.74,214,9,56,0,0,56,0,64.63655,244.5025845555556,123.75279788888888,28.36914666666667,116.34068577777778,56.28877222222222,5.256777777777779
11,Shane,anchor,324,9,9,6,318.45488250000005,5.56,72,9,401,0,0,401,0,290.0,364.532625,29.922257499999997,0.0,294.0638666666667,14.858390833333333,9.532625
11,Travis,emotional,264,9,9,6,264.0046888888889,0.0,111,9,560,0,0,560,0,252.0,357.79468888888886,19.21,2.1500000000000004,256.21000000000004,3.0000000000000004,2.644688888888889
12,Brad,positional_extremist_wr,281,9,9,6,281.0034,0.0,126,9,499,0,0,499,0,267.0,381.0034,19.0,4.970000000000001,274.0334,1.0,1.0
12,Brandon,value_purist,184,9,9,6,184.00145555555557,0.0,196,9,258,0,0,258,0,59.794311111111114,330.7363,74.26515555555557,2.0,169.10145555555556,11.9,1.0
12,CJ,emotional,264,9,9,6,264.0032633333333,0.0,269,9,304,0,0,304,0,216.075,379.7318544444444,20.27140888888889,1.15,218.48055555555553,37.46358777777778,6.90912
12,Coby,emotional,274,9,9,6,273.9984933333334,0.0,189,9,426,0,0,426,0,234.36111111111114,363.36111111111114,36.63738222222222,3.5599999999999996,236.36111111111114,2.0,32.07738222222223
12,Evan,stars_and_scrubs,184,9,9,6,184.00111111111113,0.0,266,9,317,0,0,317,0,129.0,337.18888888888887,52.812222222222225,1.0,179.08611111111114,2.726111111111111,1.1888888888888889
12,James,balanced,297,9,9,6,271.6099763536171,25.38,272,9,0,0,0,0,0,69.79577777777779,221.6425315758393,152.96744477777779,14.18718,130.53786444444444,118.50251146472817,8.382420444444445
12,Jason,balanced,209,9,9,6,188.93991053873,20.06,214,9,48,0,0,48,0,53.75,221.34745777777775,153.59245276095223,38.95618242761891,139.4869081111111,10.49682,0.0
12,Reid,balanced,260,9,9,6,234.3268713888889,25.68,204,9,15,0,0,15,0,70.0,324.62134,59.705531388888886,1.0,15.58852777777778,210.2937036111111,7.44464
12,Ryan J,positional_extremist_wr,257,9,9,6,257.00010777777777,0.0,176,9,337,0,0,337,0,181.0,385.96906777777775,7.031040000000001,1.0,5.031040000000001,250.96906777777778,0.0
12,Sam,anchor,223,9,9,6,215.16691597222223,7.84,204,9,218,0,0,218,0,177.0,341.53175000000005,35.635165972222225,8.0,191.95627708333336,13.499597222222222,1.7110416666666668
12,Shane,positional_extremist_rb,324,9,9,6,324.00189777777774,0.0,108,9,512,0,0,512,0,274.0,384.00189777777774,16.0,1.0,275.0,44.54189777777778,3.460000000000001
12,Travis,value_purist,264,9,9,6,263.99605555555553,0.0,121,9,318,0,0,318,0,93.67672222222222,354.15605555555555,22.84,2.0,182.67672222222222,78.31933333333333,1.0
13,Brad,emotional,281,9,9,6,281.0,0.0,113,9,431,0,0,431,0,257.0,381.0,19.0,2.0,277.0,2.0,0.0
13,Brandon,price_enforcer,184,9,9,6,151.99947831797815,32.0,234,9,39,0,0,39,0,36.31920000000001,294.0013611111111,78.99811720686704,29.886384984644792,73.21234111111112,6.03,42.87075222222223
13,CJ,price_enforcer,264,9,9,6,219.1954139116916,44.82,260,9,2,0,0,2,0,56.39376,253.30662222222222,101.88879168946937,3.2819622222222224,148.23932133333335,51.8610500228027,15.813080333333334
13,Coby,price_enforcer,274,9,9,6,233.38409777777778,40.62,249,9,0,0,0,0,0,57.87733333333333,172.03509222222226,187.34900555555555,27.08247888888889,176.8761966666667,29.425422222222224,0.0
13,Evan,stars_and_scrubs,184,9,9,6,184.00680386072702,0.0,208,9,353,0,0,353,0,77.75280386072701,350.816803860727,39.19,2.0,79.75280386072701,101.254,1.0
13,James,price_enforcer,297,9,9,6,253.191572769593,43.79,243,9,0,0,0,0,0,60.458000000000006,211.72296905298626,144.46860371660676,9.289000000000001,60.42151888888889,183.48105388070408,0.0
13,Jason,emotional,209,9,9,6,209.0023666666667,0.0,195,9,360,0,0,360,0,176.0,387.6723666666667,7.33,2.0,179.0,24.67236666666667,3.33
13,Reid,value_purist,260,9,9,6,260.00168444444444,0.0,171,9,232,0,0,232,0,100.25,390.97168444444446,19.03,1.0,216.72433333333336,42.277351111111116,0.0
13,Ryan J,balanced,257,9,9,6,231.68242069888979,25.32,220,9,5,0,0,5,0,65.0,307.0962948141656,60.58612588472417,25.33307893313418,9.835285384724163,170.40470716666667,26.109349214364787
13,Sam,stars_and_scrubs,223,9,9,6,215.06967555555556,7.93,123,9,332,0,0,332,0,202.0,366.82878222222223,10.240893333333334,1.4805555555555556,204.89337777777777,5.86696,2.8287822222222223
13,Shane,price_enforcer,324,9,9,6,271.5802262618934,52.42,212,9,0,0,0,0,0,70.5956982899391,247.99567745660576,99.58454880528764,51.22532666666667,66.76593333333334,149.8953662618934,3.6936000000000004
13,Travis,emotional,264,9,9,6,264.0015422222222,0.0,129,9,440,0,0,440,0,216.0,361.0015422222222,16.0,1.0,258.6315422222222,2.0,2.37
14,Brad,balanced,281,9,9,6,252.62754366666667,28.36,284,9,0,0,0,0,0,61.95538888888888,254.71109333333334,116.91645033333333,1.0,127.65916000000001,123.96838366666667,0.0
14,Brandon,price_enforcer,184,9,9,6,156.81554082490214,27.19,204,9,86,0,0,86,0,37.14732333333334,262.4575688888889,115.35797193601324,38.26054526934658,56.49688888888889,62.058106666666674,0.0
14,CJ,positional_extremist_wr,264,9,9,6,263.9985416666667,0.0,248,9,249,0,0,249,0,216.0,381.6965,18.302041666666668,2.0,40.8065,220.19204166666665,1.0
14,Coby,anchor,274,9,9,6,269.1995254123525,4.79,206,9,326,0,0,326,0,249.0,382.07425,13.12527541235252,6.770833333333333,254.53127541235253,3.54925,4.348166666666667
14,Evan,stars_and_scrubs,184,9,9,6,184.0035,0.0,265,9,393,0,0,393,0,87.0,295.0,95.0035,2.0,164.0435,16.96,1.0
14,James,tier_controller,297,9,9,6,293.8439343333334,3.16,114,9,333,0,0,333,0,256.0,369.66170500000004,27.182229333333336,1.0,23.88413866666667,259.8248106666667,9.134985000000002
14,Jason,anchor,209,9,9,6,199.63887875,9.36,230,9,204,0,0,204,0,165.66666666666666,367.75204208333327,17.886836666666664,7.390041666666667,177.08274999999998,2.3170199999999994,12.849067083333333
14,Reid,price_enforcer,260,9,9,6,219.4045598888889,40.58,225,9,3,0,0,3,0,45.225122222222225,270.6388404444445,98.76571944444444,9.360975555555555,133.36689544444445,76.67668888888889,0.0
14,Ryan J,anchor,257,9,9,6,247.36650166666664,9.64,227,9,163,0,0,163,0,202.0,335.211765,48.15473666666667,6.534375,221.05153666666664,7.958399999999999,11.82219
14,Sam,positional_extremist_wr,223,9,9,6,221.37425670153695,1.62,202,9,65,0,0,65,0,95.0,283.6647433333333,99.7095133682036,0.0,95.0,119.78958670153693,6.584669999999999
14,Shane,balanced,324,9,9,6,301.0938499796447,22.92,244,9,0,0,0,0,0,91.0,250.77482305555557,126.31902692408912,12.13611111111111,216.01066992408911,41.60275227777778,31.344316666666668
14,Travis,positional_extremist_rb,264,9,9,6,263.995,0.0,52,9,591,0,0,591,0,251.12500000000003,370.995,6.0,6.0,255.99500000000003,0.0,2.0
15,Brad,emotional,281,9,9,6,281.00333333333333,0.0,240,9,377,0,0,377,0,251.5533333333333,394.0033333333333,6.0,2.0,255.5533333333333,23.45,0.0
15,Brandon,tier_controller,184,9,9,6,179.7986865635406,4.19,294,9,111,0,0,111,0,105.0,349.1810702222222,51.617616341318374,3.6470400000000005,149.45346138888888,12.034176,14.664009174651714
15,CJ,tier_controller,264,9,9,6,263.8796311111111,0.12,120,9,363,0,0,363,0,235.18055555555557,377.4994177777778,22.380213333333334,1.0,241.02944444444447,13.751271111111112,8.098915555555557
15,Coby,price_enforcer,274,9,9,6,230.77315111111113,43.23,219,9,11,0,0,11,0,55.24088888888889,215.60846222222222,141.16468888888892,8.390816666666666,109.79316,89.13917444444445,23.45
15,Evan,value_purist,184,9,9,6,183.99345888888888,0.0,226,9,258,0,0,258,0,62.0,275.2175088888889,114.77595,2.73,176.2634588888889,4.0,1.0
15,James,anchor,297,9,9,6,292.55457750000005,4.42,187,9,306,0,0,306,0,273.0,378.88508333333334,16.669494166666663,4.566666666666666,285.1028275,0.0,2.885083333333333
15,Jason,balanced,209,9,9,6,190.9886615071989,18.0,189,9,71,0,0,71,0,47.3065969326968,272.81487817386557,104.17378333333333,38.4552545745021,89.07544026603013,41.0,22.457966666666664
15,Reid,stars_and_scrubs,260,9,9,6,260.00333333333333,0.0,110,9,465,0,0,465,0,192.0,402.43,7.573333333333334,1.4661111111111111,62.52444444444444,196.01277777777779,0.0
15,Ryan J,anchor,257,9,9,6,248.89254652777777,8.12,278,9,136,0,0,136,0,215.64444444444445,340.6414331944444,44.25111333333333,7.258330416666665,10.216416666666666,227.4404661111111,3.9773333333333327
15,Sam,positional_extremist_wr,223,9,9,6,220.8830413888889,2.12,218,9,62,0,0,62,0,89.0,344.0228247777777,38.86021661111113,0.0,89.0,124.08060388888889,7.802437499999999
15,Shane,emotional,324,9,9,6,324.0,0.0,126,9,492,0,0,492,0,290.0,384.0,16.0,1.0,292.0,30.0,1.0
15,Travis,balanced,264,9,9,6,242.7563786666667,21.23,207,9,19,0,0,19,0,63.0,267.32201722222226,88.43436144444445,25.32789333333334,99.95249777777778,117.47598755555556,0.0
16,Brad,positional_extremist_rb,281,9,9,6,280.9991733333334,0.0,135,9,524,0,0,524,0,267.0,380.9991733333334,19.0,2.0,276.9991733333334,0.0,2.0
16,Brandon,positional_extremist_wr,184,9,9,6,182.78389096472912,1.22,276,9,125,0,0,125,0,58.0,269.14442,134.6394709647291,1.7622222222222224,106.10894957584021,74.91271916666666,0.0
16,CJ,price_enforcer,264,9,9,6,218.52375555555557,45.48,180,9,26,0,0,26,0,49.0,190.2214277777778,164.30232777777778,11.472261111111113,138.74916666666667,68.30232777777778,0.0
16,Coby,anchor,274,9,9,6,268.1931629166666,5.81,173,9,333,0,0,333,0,233.54166666666666,140.8562,253.33696291666664,1.4459499999999998,252.76887499999998,13.978337916666666,0.0
16,Evan,tier_controller,184,9,9,6,184.00201777777778,0.0,314,9,348,0,0,348,0,174.51,372.90999999999997,17.092017777777777,1.0,3.0,176.60201777777777,3.4000000000000004
16,James,stars_and_scrubs,297,9,9,6,296.9952611111111,0.0,118,9,518,0,0,518,0,274.0,379.7188888888889,20.27637222222222,1.2888888888888888,276.12,3.0,16.58637222222222
16,Jason,positional_extremist_rb,209,9,9,6,208.99660555555553,0.0,301,9,323,0,0,323,0,176.0,385.6066055555556,9.39,19.09691666666667,186.89968888888887,1.0,2.0
16,Reid,anchor,260,9,9,6,259.99920041666667,0.0,202,9,463,0,0,463,0,249.78666666666666,374.78920041666663,35.21,1.88395875,252.99666666666667,4.118575,1.0
16,Ryan J,stars_and_scrubs,257,9,9,6,256.99978723370106,0.0,298,9,358,0,0,358,0,201.99867612258993,362.71645390036764,30.28333333333333,1.0199999999999996,203.28200945592326,50.69777777777777,2.0
16,Sam,positional_extremist_wr,223,9,9,6,223.004,0.0,160,9,345,0,0,345,0,177.49333333333334,378.86400000000003,6.14,1.0,0.0,219.004,3.0
16,Shane,positional_extremist_rb,324,9,9,6,324.0,0.0,85,9,601,0,0,601,0,290.0,384.0,16.0,1.0,320.0,2.0,1.0
16,Travis,stars_and_scrubs,264,9,9,6,264.0027777777778,0.0,156,9,472,0,0,472,0,253.0,358.9111111111111,18.09166666666667,1.661111111111111,258.40166666666664,1.6900000000000002,2.25
17,Brad,tier_controller,281,9,9,6,279.7319946666667,1.27,159,9,345,0,0,345,0,250.25000000000003,358.6611111111111,40.070883555555554,1.0,253.64048888888894,12.848483555555555,12.243022222222223
17,Brandon,price_enforcer,184,9,9,6,158.02925666666667,25.98,187,9,107,0,0,107,0,36.0,278.4856022222222,100.54365444444446,26.981305555555558,55.88184444444445,65.42266666666667,9.743440000000001
17,CJ,stars_and_scrubs,264,9,9,6,264.0,0.0,123,9,569,0,0,569,0,256.0,384.0,16.0,2.0,260.0,2.0,0.0
17,Coby,balanced,274,9,9,6,251.84992861111112,22.15,261,9,11,0,0,11,0,65.40487777777778,212.1788575,165.6710711111111,7.398499166666667,144.74923611111112,99.70219333333334,0.0
17,Evan,positional_extremist_rb,184,9,9,6,184.00132222222223,0.0,260,9,223,0,0,223,0,80.70355555555557,291.32133333333337,98.6799888888889,3.0,177.38840555555558,0.0,3.612916666666667
17,James,positional_extremist_wr,297,9,9,6,296.9993072222222,0.0,137,9,534,0,0,534,0,257.0,393.9393072222222,6.06,1.0,291.9393072222222,4.06,0.0
17,Jason,tier_controller,209,9,9,6,209.00708844444443,0.0,312,9,225,0,0,225,0,177.0,381.6082777777778,13.398810666666668,13.37431111111111,179.18333333333334,11.932750666666669,4.516693333333334
17,Reid,anchor,260,9,9,6,250.95630055555557,9.05,328,9,104,0,0,104,0,201.0,331.9147383333334,69.04156222222221,9.278633333333334,24.945365,208.39495555555555,8.337346666666665
17,Ryan J,stars_and_scrubs,257,9,9,6,256.9848333333333,0.01,262,9,363,0,0,363,0,188.66666666666666,188.1603888888889,204.82444444444445,1.0,62.343722222222226,190.96666666666664,2.6744444444444446
17,Sam,balanced,223,9,9,6,204.85941633333334,18.15,207,9,63,0,0,63,0,55.0,271.0941111111111,95.76530522222224,0.0,41.761710222222234,158.0977061111111,5.0
17,Shane,positional_extremist_rb,324,9,9,6,324.0023533333333,0.0,101,9,574,0,0,574,0,289.0,383.8523533333333,16.15,1.0,316.8623333333333,5.14002,1.0
17,Travis,anchor,264,9,9,6,263.4461073554561,0.56,174,9,438,0,0,438,0,252.0,358.5355555555555,17.910551799900553,2.28,254.32335735545612,4.587194444444444,2.2555555555555555
18,Brad,emotional,281,9,9,6,280.15158333333335,0.85,173,9,447,0,0,447,0,266.0,377.5045166666667,21.647066666666664,2.0,271.70585,4.134622222222222,2.311111111111111
18,Brandon,anchor,184,9,9,6,175.58497333333335,8.42,166,9,327,0,0,327,0,142.0,233.42687333333333,163.1581,4.5545333333333335,148.1087025,20.620510833333334,2.3012266666666665
18,CJ,balanced,264,9,9,6,242.7235211111111,21.28,277,9,14,0,0,14,0,62.0,231.64,147.0835211111111,7.0,135.20120500000002,100.52231611111111,0.0
18,Coby,tier_controller,274,9,9,6,274.00794666666667,0.0,187,9,393,0,0,393,0,249.78666666666666,383.02696888888886,16.98097777777778,2.74,265.76764444444444,5.500302222222222,0.0
18,Evan,price_enforcer,184,9,9,6,153.38518305555556,30.61,177,9,110,0,0,110,0,36.0,248.706785,110.67839805555556,6.0,57.67250666666667,73.0328113888889,16.679865
18,James,value_purist,297,9,9,6,297.0031111111111,0.0,194,9,243,0,0,243,0,76.93,302.8631111111111,97.14,1.0,240.73000000000002,55.27311111111111,0.0
18,Jason,anchor,209,9,9,6,205.57549291666666,3.42,196,9,347,0,0,347,0,187.33333333333334,376.48757777777786,15.087915138888887,2.764652777777778,7.114083333333333,188.6238888888889,7.072867916666667
18,Reid,stars_and_scrubs,260,9,9,6,259.9905555555556,0.0,54,9,617,0,0,617,0,251.12500000000003,403.99055555555555,6.0,1.0,255.12500000000003,2.3200000000000003,1.5455555555555556
18,Ryan J,emotional,257,9,9,6,256.99802,0.0,268,9,380,0,0,380,0,215.0,360.77330000000006,32.22472,31.61955555555556,218.76613333333333,5.512331111111111,1.0999999999999996
18,Sam,emotional,223,9,9,6,222.9974111111111,0.0,307,9,319,0,0,319,0,133.928,291.0407666666666,93.95664444444445,2.0722666666666667,135.40797777777777,81.9805,3.5366666666666666
18,Shane,tier_controller,324,9,9,6,321.8272875833333,2.17,92,9,348,0,0,348,0,273.0,371.83091144444444,25.996376138888884,1.0,283.12082058333334,31.051448333333337,6.655018666666668
18,Travis,positional_extremist_wr,264,9,9,6,263.9991591666667,0.0,227,9,279,0,0,279,0,212.07111111111112,360.8291591666666,16.17,5.8066724999999995,41.66688888888889,215.5255977777778,1.0
19,Brad,positional_extremist_wr,281,9,9,6,281.0,0.0,101,9,553,0,0,553,0,271.0,381.0,19.0,2.0,275.0,2.0,2.0
19,Brandon,anchor,184,9,9,6,184.0,0.0,213,9,466,0,0,466,0,176.0,399.0,6.0,2.0,178.0,2.0,2.0
19,CJ,anchor,264,9,9,6,263.9967122222222,0.0,173,9,452,0,0,452,0,252.0,381.65777777777777,18.338934444444444,1.0,253.25555555555556,8.741156666666665,1.0
19,Coby,emotional,274,9,9,6,274.0,0.0,139,9,519,0,0,519,0,257.0,394.0,6.0,11.0,261.0,2.0,0.0
19,Evan,anchor,184,9,9,6,166.3898144095615,17.61,336,9,118,0,0,118,0,78.0,248.2677244095615,124.12209,26.492174409561525,28.590000000000003,106.63209,4.67555
19,James,value_purist,297,9,9,6,296.9890831639192,0.0,251,9,132,0,0,132,0,63.0861292224012,304.5894398305859,95.39964333333333,0.0,169.42178316391917,119.50729999999999,8.06
19,Jason,price_enforcer,209,9,9,6,173.7369563888889,35.25,178,9,85,0,0,85,0,44.86533333333333,218.6993888888889,141.0375675,7.778888888888889,99.31094166666666,66.64712583333333,0.0
19,Reid,stars_and_scrubs,260,9,9,6,259.9944053729696,0.0,297,9,337,0,0,337,0,176.0,399.4192553729696,10.57515,1.0,178.08,75.4192553729696,5.49515
19,Ryan J,anchor,257,9,9,6,253.82624938888893,3.18,233,9,273,0,0,273,0,231.90277777777777,365.8254774444444,24.000771944444438,4.7246983333333334,237.41028305555557,11.691268,0.0
19,Sam,value_purist,223,9,9,6,222.99975833333335,0.0,228,9,209,0,0,209,0,77.74000000000001,308.89000000000004,76.10975833333333,2.05,105.10975833333333,113.84,2.0
19,Shane,stars_and_scrubs,324,9,9,6,323.9991166666667,0.0,152,9,490,0,0,490,0,273.0,368.9991166666667,31.0,1.0,283.04,38.95911666666667,1.0
19,Travis,tier_controller,264,9,9,6,264.0011111111111,0.0,156,9,458,0,0,458,0,252.266,357.6694133333333,19.331697777777777,2.04,258.5976977777778,1.0,2.363413333333333
20,Brad,emotional,281,9,9,6,280.995,0.0,138,9,502,0,0,502,0,251.12500000000003,380.995,19.0,2.0,277.995,0.0,1.0
20,Brandon,value_purist,184,9,9,6,184.0017458119712,0.0,290,9,155,0,0,155,0,81.23047181197119,351.0717458119712,53.93000000000001,38.36,131.1004718119712,14.541274000000001,0.0
20,CJ,value_purist,264,9,9,6,263.99572199525477,0.0,276,9,108,0,0,108,0,79.25949999999999,274.11907183949575,125.876650155759,2.4000000000000004,112.876650155759,147.71907183949577,1.0
20,Coby,positional_extremist_rb,274,9,9,6,274.0,0.0,143,9,385,0,0,385,0,180.0,394.0,6.0,2.0,1.0,270.0,1.0
20,Evan,emotional,184,9,9,6,181.26916888888888,2.73,288,9,264,0,0,264,0,100.0,313.0235466666666,74.24562222222222,4.800000000000001,168.3292444444444,3.5163777777777776,4.623546666666666
20,James,balanced,297,9,9,6,270.01776766252334,26.99,236,9,0,0,0,0,0,67.31403252321638,237.28651539615996,135.73125226636338,12.54,123.83693772172407,124.27287794079928,9.367952
20,Jason,value_purist,209,9,9,6,209.005145,0.0,230,9,208,0,0,208,0,90.0,353.64,41.365145000000005,1.0,180.50494999999998,2.04,25.460195000000002
20,Reid,positional_extremist_rb,260,9,9,6,260.00109305555554,0.0,161,9,465,0,0,465,0,234.36111111111114,402.72109305555557,7.28,1.0,251.3921527777778,6.608940277777778,1.0
20,Ryan J,value_purist,257,9,9,6,257.0024401842767,0.0,178,9,219,0,0,219,0,80.31399131888956,363.2224401842767,29.78,0.0,62.20349944444445,193.79894073983226,1.0
20,Sam,anchor,223,9,9,6,215.9876495833333,7.02,211,9,236,0,0,236,0,176.75466666666665,346.9874166666666,31.000232916666665,8.4,182.27613166666666,18.158009999999997,7.1535079166666655
20,Shane,anchor,324,9,9,6,316.57271472222226,7.42,82,9,334,0,0,334,0,273.216,354.1027597222223,38.469955,12.409362499999997,282.7027722222223,14.19143,7.26915
20,Travis,stars_and_scrubs,264,9,9,6,263.9931449516467,0.0,228,9,365,0,0,365,0,216.93675000000002,359.4642560627578,17.52888888888889,2.216666666666667,259.1731449516467,1.6033333333333335,1.0
21,Brad,value_purist,281,9,9,6,281.00261327881486,0.0,306,9,118,0,0,118,0,82.61846252620526,351.77261327881484,48.230000000000004,1.0,110.15415075260958,167.84846252620525,2.0
21,Brandon,price_enforcer,184,9,9,6,148.4691138888889,35.53,202,9,73,0,0,73,0,28.04,278.5039111111111,90.96520277777779,35.375555555555565,22.256275000000002,74.47228333333334,16.365000000000002
21,CJ,anchor,264,9,9,6,264.00575000000003,0.0,159,9,466,0,0,466,0,253.0,382.1833333333333,17.822416666666665,3.9627499999999998,255.44,3.6029999999999998,1.0
21,Coby,positional_extremist_wr,274,9,9,6,274.0079122222223,0.0,95,9,523,0,0,523,0,255.11111111111114,391.5428677777778,8.465044444444445,2.0,9.431756666666667,260.5761555555556,2.0
21,Evan,positional_extremist_rb,184,9,9,6,183.99791472222222,0.0,268,9,246,0,0,246,0,91.17,313.5477791666667,76.45013555555555,13.7710625,166.62013555555552,0.0,3.6067166666666672
21,James,tier_controller,297,9,9,6,295.1460444444445,1.87,101,9,388,0,0,388,0,257.0,375.75244444444445,22.393600000000003,1.0,279.0908515555556,13.866304000000003,1.1888888888888889
21,Jason,anchor,209,9,9,6,203.81845675,5.18,213,9,301,0,0,301,0,177.0,371.048608,18.769848749999998,2.845475,179.941625,12.923930916666666,8.107425833333332
21,Reid,stars_and_scrubs,260,9,9,6,260.0,0.0,307,9,368,0,0,368,0,202.0,365.0,45.0,1.0,256.0,2.0,1.0
21,Ryan J,value_purist,257,9,9,6,256.99802066046186,0.0,238,9,185,0,0,185,0,78.0,305.61975111111116,87.37826954935075,7.300000000000001,246.69802066046185,1.0,2.0
21,Sam,positional_extremist_wr,223,9,9,6,223.0,0.0,166,9,393,0,0,393,0,188.0,379.0,6.0,1.0,31.0,190.0,1.0
21,Shane,positional_extremist_wr,324,9,9,6,318.9354180555555,5.07,232,9,51,0,0,51,0,93.17,291.4971136111111,103.43830444444444,0.0,93.11289777777777,217.22927027777783,8.59325
21,Travis,emotional,264,9,9,6,263.9976311111111,0.0,182,9,462,0,0,462,0,166.83333333333334,359.94672,17.050911111111112,3.8767199999999997,255.74333333333337,1.5575777777777777,2.8200000000000003
22,Brad,tier_controller,281,9,9,6,279.11243800000005,1.89,132,9,301,0,0,301,0,236.0,361.00361666666663,37.10882133333333,14.030469333333333,239.48842666666667,24.31020866666667,1.2833333333333332
22,Brandon,anchor,184,9,9,6,184.0,0.0,155,9,462,0,0,462,0,176.0,399.0,6.0,2.0,179.0,1.0,2.0
22,CJ,positional_extremist_wr,264,9,9,6,260.9998821617125,2.99,271,9,0,0,0,0,0,95.24800000000002,354.87362716171253,42.126255,34.379500495045804,102.05438888888891,124.56599277777778,0.0
22,Coby,balanced,274,9,9,6,242.75143472222226,31.25,276,9,0,0,0,0,0,71.16388888888889,258.3547780555555,110.39665666666667,1.0,122.89146138888889,102.05331666666667,16.80665666666667
22,Evan,emotional,184,9,9,6,184.00703333333337,0.0,232,9,376,0,0,376,0,99.912,372.3346666666667,17.672366666666665,1.0,103.28200000000001,77.72503333333334,2.0
22,James,stars_and_scrubs,297,9,9,6,297.0,0.0,167,9,415,0,0,415,0,253.0,394.0,6.0,1.0,256.0,38.0,2.0
22,Jason,value_purist,209,9,9,6,209.006146,0.0,188,9,242,0,0,242,0,91.374,351.78614600000003,43.22,4.3698,163.416346,40.22,1.0
22,Reid,positional_extremist_wr,260,9,9,6,260.0,0.0,127,9,486,0,0,486,0,249.4,404.0,6.0,1.0,256.0,3.0,0.0
22,Ryan J,stars_and_scrubs,257,9,9,6,256.9980541439718,0.0,246,9,318,0,0,318,0,189.33333333333331,362.3369430328607,30.66111111111111,1.04,1.0,251.67194303286064,3.2861111111111114
22,Sam,positional_extremist_rb,223,9,9,6,223.00259666666668,0.0,199,9,301,0,0,301,0,180.0,367.19,17.812596666666668,1.0,212.40259666666668,4.6,5.0
22,Shane,balanced,324,9,9,6,294.10743344444444,29.89,267,9,0,0,0,0,0,77.94022222222222,207.7419172222222,162.36551622222223,11.882097777777778,240.0858078888889,31.651944444444446,10.487583333333335
22,Travis,emotional,264,9,9,6,264.00111111111113,0.0,50,9,563,0,0,563,0,255.11111111111114,371.00111111111113,6.0,2.0,0.0,260.00111111111113,2.0
23,Brad,stars_and_scrubs,281,9,9,6,269.62112448381004,11.38,166,9,371,0,0,371,0,257.0,367.17195555555554,21.449168928254476,2.722342222222222,262.98544892825447,0.0,3.913333333333333
23,Brandon,tier_controller,184,9,9,6,182.47054246476293,1.54,190,9,253,0,0,253,0,142.0138888888889,377.4588637777778,26.01167868698514,22.37636688888889,149.45403503595767,7.854960095471917,2.785180444444445
23,CJ,anchor,264,9,9,6,251.24953527777777,12.75,228,9,108,0,0,108,0,179.0,337.08553333333333,50.16400194444444,26.67854333333333,202.77234444444446,3.4002,18.398447499999996
23,Coby,positional_extremist_wr,274,9,9,6,270.402277513121,3.59,289,9,1,0,0,1,0,102.14533333333333,360.43542445756543,35.96685305555555,22.690416666666668,176.6875271111111,64.26982262423213,6.754511111111112
23,Evan,value_purist,184,9,9,6,183.99470666666667,0.0,156,9,347,0,0,347,0,79.0,314.88902666666667,75.10568,2.0,152.10568,1.0,28.88902666666667
23,James,balanced,297,9,9,6,270.2588672687795,26.75,271,9,0,0,0,0,0,68.7625,261.61892226877956,111.639945,31.07,196.4582078243351,33.871606666666665,8.859052777777778
23,Jason,positional_extremist_wr,209,9,9,6,208.99524916666667,0.0,117,9,360,0,0,360,0,189.33333333333331,379.3333333333333,15.661915833333335,4.0,6.477986666666668,197.5172625,1.0
23,Reid,balanced,260,9,9,6,239.70175488888893,20.31,283,9,5,0,0,5,0,74.0,291.62311555555556,98.07863933333333,0.0,124.9162548888889,114.7855,0.0
23,Ryan J,balanced,257,9,9,6,235.2530931111111,21.75,256,9,6,0,0,6,0,57.056,265.300712,105.95238111111111,0.0,146.1358847777778,89.11720833333334,0.0
23,Sam,positional_extremist_wr,223,9,9,6,220.401034,2.59,195,9,62,0,0,62,0,91.0,346.4707333333333,35.930300666666675,0.0,92.80555555555556,106.53569511111112,21.059783333333336
23,Shane,positional_extremist_wr,324,9,9,6,323.99154188888895,0.01,193,9,197,0,0,197,0,165.78107022222224,378.49244188888895,21.499100000000002,1.0,132.85625000000002,182.85404244444445,7.281249444444445
23,Travis,price_enforcer,264,9,9,6,224.97833833333337,39.03,200,9,3,0,0,3,0,47.80489166666667,237.74821722222225,100.23012111111112,18.96011,65.28613166666668,140.7320966666667,0.0
24,Brad,anchor,281,9,9,6,278.33881444444444,2.66,142,9,513,0,0,513,0,266.0,388.73,8.608814444444445,2.0,266.0,7.999925555555556,2.338888888888889
24,Brandon,value_purist,184,9,9,6,184.00341999999998,0.0,219,9,336,0,0,336,0,121.07149999999999,383.30342,21.7,2.0,162.30342,3.0,16.7
24,CJ,tier_controller,264,9,9,6,263.9917271111111,0.0,203,9,471,0,0,471,0,249.375,379.79534666666666,20.196380444444447,8.139847111111111,252.60188,3.25,0.0
24,Coby,anchor,274,9,9,6,270.8226561111111,3.17,181,9,432,0,0,432,0,252.0,381.8566833333333,14.965972777777777,5.706683333333332,255.929895,2.7908,6.3952777777777765
24,Evan,price_enforcer,184,9,9,6,156.95689555555558,27.05,194,9,126,0,0,126,0,34.65746666666667,281.97152,80.98537555555555,29.550933333333337,65.39684000000001,51.92100222222222,10.08812
24,James,positional_extremist_wr,297,9,9,6,297.0,0.0,85,9,642,0,0,642,0,273.0,394.0,6.0,1.0,293.0,3.0,0.0
24,Jason,balanced,209,9,9,6,192.08775769444446,16.91,234,9,87,0,0,87,0,56.84,269.3266834722222,108.76107422222223,26.019473333333337,128.60597736111112,37.462307,0.0
24,Reid,positional_extremist_rb,260,9,9,6,259.84680145714094,0.15,339,9,156,0,0,156,0,152.76993867936318,388.7283261793632,21.11847527777778,0.0,257.8697181238076,1.9770833333333335,0.0
24,Ryan J,anchor,257,9,9,6,251.47380027777777,5.52,241,9,267,0,0,267,0,220.96800000000002,347.1768152777778,40.296985,1.2393333333333334,235.26498500000002,4.041511111111111,10.927970833333331
24,Sam,positional_extremist_wr,223,9,9,6,222.99715693779845,0.0,248,9,274,0,0,274,0,97.4275,346.9971569377984,38.0,1.0,3.0,216.15715693779845,2.84
24,Shane,positional_extremist_wr,324,9,9,6,317.3825814722222,6.63,340,9,0,0,0,0,0,66.14439444444444,262.0536485555556,131.32893291666667,0.0,130.50591666666668,183.72424813888887,3.1524166666666664
24,Travis,positional_extremist_wr,264,9,9,6,264.0002,0.0,136,9,403,0,0,403,0,246.497075,360.9902,16.009999999999998,2.01,8.0,251.9902,2.0
25,Brad,positional_extremist_rb,281,9,9,6,280.63150467998526,0.37,108,9,471,0,0,471,0,266.0,378.5126388888889,21.11886579109639,2.0,276.25928245776305,1.3722222222222222,1.0
25,Brandon,balanced,184,9,9,6,168.08030366666668,15.92,265,9,73,0,0,73,0,44.9,271.51460233333336,117.56570133333335,7.31731,115.19077322222225,34.58055377777778,10.991666666666667
25,CJ,price_enforcer,264,9,9,6,223.62616388888893,40.38,248,9,5,0,0,5,0,54.74,274.9308355555556,84.69532833333334,16.0,59.74099555555556,147.88516833333333,0.0
25,Coby,stars_and_scrubs,274,9,9,6,265.2058361769304,8.8,150,9,384,0,0,384,0,252.93066666666667,381.6730431111111,9.532793065819282,2.647932,252.93066666666667,6.340650843597061,3.2865866666666665
25,Evan,value_purist,184,9,9,6,183.99761833333335,0.0,167,9,398,0,0,398,0,123.256,331.256,58.74161833333334,2.0,174.25761833333334,5.74,2.0
25,James,balanced,297,9,9,6,275.2221482222222,21.79,280,9,0,0,0,0,0,85.64,296.8325977777778,81.38955044444444,15.5726,193.23657744444444,59.72853111111112,6.684439666666667
25,Jason,positional_extremist_rb,209,9,9,6,209.00418000000002,0.0,237,9,278,0,0,278,0,117.3611111111111,379.5418333333333,15.462346666666665,6.616722222222223,197.8674577777778,1.52,3.0
25,Reid,anchor,260,9,9,6,250.6974825,9.3,196,9,214,0,0,214,0,216.0,374.69821666666667,25.999265833333332,4.0,226.93733333333336,17.760149166666665,2.0
25,Ryan J,balanced,257,9,9,6,236.2663866605236,20.75,260,9,12,0,0,12,0,60.672,303.95940921607917,68.30697744444444,27.158788049412482,96.38002005555556,97.44411744444444,15.283461111111112
25,Sam,stars_and_scrubs,223,9,9,6,222.99599999999998,0.0,175,9,458,0,0,458,0,201.166,378.996,6.0,1.0,218.99599999999998,2.0,1.0
25,Shane,positional_extremist_wr,324,9,9,6,315.9201313888889,8.09,194,9,0,0,0,0,0,87.70255000000002,323.6480166666667,68.27211472222223,0.0,0.0,287.05083138888887,28.869300000000003
25,Travis,balanced,264,9,9,6,243.16245075513842,20.83,251,9,6,0,0,6,0,70.07,224.6770298662495,131.48542088888888,44.062422107943384,87.91945086941723,98.81,12.370577777777779
26,Brad,price_enforcer,281,9,9,6,239.15391333333335,41.84,259,9,9,0,0,9,0,56.870666666666665,187.88654444444447,170.2673688888889,8.727999999999998,176.20605333333333,54.219860000000004,0.0
26,Brandon,positional_extremist_rb,184,9,9,6,182.09753083333334,1.9,289,9,138,0,0,138,0,68.0,324.7423488888889,78.35518194444445,10.540782222222223,134.3531486111111,32.63626666666667,4.567333333333334
26,CJ,positional_extremist_rb,264,9,9,6,264.00466666666665,0.0,151,9,518,0,0,518,0,252.0,380.81,19.194666666666667,2.8099999999999996,257.19466666666665,2.0,2.0
26,Coby,value_purist,274,9,9,6,274.0060022222222,0.0,187,9,238,0,0,238,0,61.0,269.35486333333336,130.65113888888888,2.0,161.24140888888888,109.76459333333334,1.0
26,Evan,anchor,184,9,9,6,181.86438152777774,2.12,280,9,310,0,0,310,0,163.91666666666666,373.63255555555554,14.231825972222222,1.4055555555555557,166.77207930555554,11.376413333333332,2.310333333333333
26,James,stars_and_scrubs,297,9,9,6,297.0,0.0,174,9,545,0,0,545,0,253.0,394.0,6.0,1.0,3.0,292.0,1.0
26,Jason,anchor,209,9,9,6,203.91214541666665,5.09,268,9,271,0,0,271,0,177.0,370.96666666666664,18.94547875,3.2741999999999996,194.94257208333335,0.0,5.6953733333333325
26,Reid,tier_controller,260,9,9,6,259.99828444444444,0.0,192,9,487,0,0,487,0,248.5,403.90828444444446,6.09,1.0,253.59,1.5483733333333332,3.8599111111111117
26,Ryan J,tier_controller,257,9,9,6,254.63303466666667,2.38,312,9,152,0,0,152,0,202.0,350.42833422222225,40.204700444444455,10.424049777777778,4.092330666666667,236.12304,3.993614222222223
26,Sam,price_enforcer,223,9,9,6,185.03131000000002,37.98,208,9,79,0,0,79,0,38.0,251.33651,95.69479999999999,19.751900000000003,49.96512666666667,99.69226666666667,15.622016666666669
26,Shane,positional_extremist_rb,324,9,9,6,324.0031122222222,0.0,117,9,558,0,0,558,0,289.0,384.0031122222222,16.0,1.0,315.57244444444444,5.600667777777778,1.83
26,Travis,positional_extremist_rb,264,9,9,6,264.0,0.0,72,9,621,0,0,621,0,256.0,371.0,6.0,2.0,257.0,5.0,0.0
27,Brad,stars_and_scrubs,281,9,9,6,274.59395333333333,6.41,153,9,371,0,0,371,0,251.0,372.8397577777778,20.754195555555555,2.0,267.3167311111111,2.9827777777777778,2.2944444444444443
27,Brandon,tier_controller,184,9,9,6,176.69763227777779,7.3,310,9,57,0,0,57,0,87.61746666666667,363.15637050000004,34.541261777777784,24.577777777777776,55.00601627777778,89.32336000000001,7.790478222222223
27,CJ,balanced,264,9,9,6,237.69309005555556,26.3,258,9,0,0,0,0,0,68.91712216666667,307.71339572222223,65.97969433333333,36.130094444444445,83.92022566666668,106.7956791111111,10.847090833333336
27,Coby,value_purist,274,9,9,6,273.996688909229,0.0,202,9,217,0,0,217,0,123.06266666666667,251.06266666666667,148.93402224256235,2.0,268.686688909229,1.0,2.3099999999999996
27,Evan,emotional,184,9,9,6,184.0,0.0,143,9,499,0,0,499,0,176.0,384.0,6.0,2.0,179.0,2.0,1.0
27,James,balanced,297,9,9,6,263.4686687777778,33.52,264,9,0,0,0,0,0,77.52040000000001,271.50424011111113,94.96442866666666,1.0,91.77610166666666,170.69256711111112,0.0
27,Jason,positional_extremist_wr,209,9,9,6,209.0,0.0,127,9,410,0,0,410,0,177.0,388.0,7.0,2.0,26.0,181.0,0.0
27,Reid,value_purist,260,9,9,6,259.9990788888889,0.0,206,9,198,0,0,198,0,66.4,345.7590788888889,64.24000000000001,2.24,225.7590788888889,32.0,0.0
27,Ryan J,anchor,257,9,9,6,249.55411000000004,7.44,139,9,275,0,0,275,0,215.0,345.3764916666667,40.17761833333333,9.24,226.24776333333335,6.080946666666667,7.9854
27,Sam,emotional,223,9,9,6,223.00011111111112,0.0,173,9,423,0,0,423,0,177.0,376.3276666666667,8.672444444444444,2.522222222222222,179.78688888888888,37.01,3.681
27,Shane,balanced,324,9,9,6,290.3790882548743,33.62,253,9,0,0,0,0,0,87.99130981042987,255.81484758820767,110.56424066666668,1.0,152.6949906993188,104.68409755555557,32.0
27,Travis,price_enforcer,264,9,9,6,225.7439372298146,38.24,204,9,0,0,0,0,0,56.056,237.8747762298146,100.86916099999999,18.837742222222225,90.01559999999999,101.11364933333336,15.776945674259032
28,Brad,positional_extremist_wr,281,9,9,6,281.00152,0.0,143,9,417,0,0,417,0,254.0,381.00152,19.0,19.83152,258.0,1.17,2.0
28,Brandon,price_enforcer,184,9,9,6,150.50923666666668,33.48,218,9,51,0,0,51,0,38.21066666666667,283.9528888888889,87.55634777777777,2.0,25.352693333333335,123.15654333333333,0.0
28,CJ,balanced,264,9,9,6,238.1229938888889,25.87,283,9,0,0,0,0,0,75.49145000000001,268.46106944444443,105.66192444444444,9.976302222222223,170.02080111111113,50.55020888888889,7.575681666666668
28,Coby,price_enforcer,274,9,9,6,222.28306172222221,51.71,251,9,0,0,0,0,0,55.35145333333333,261.90068394444444,86.38237777777778,11.096520555555557,68.3248122777778,142.86172888888888,0.0
28,Evan,price_enforcer,184,9,9,6,152.45594387744197,31.53,199,9,51,0,0,51,0,38.06755555555556,236.03730721077528,122.41863666666669,3.532133877441931,66.82252111111112,43.884687777777785,38.21660111111112
28,James,tier_controller,297,9,9,6,293.03924622222223,3.95,187,9,200,0,0,200,0,252.0,365.034768,31.004478222222225,11.850176,267.8711466666667,5.351873777777779,7.966049777777778
28,Jason,tier_controller,209,9,9,6,203.58099788075967,5.42,276,9,40,0,0,40,0,88.82642222222223,346.0171009918708,43.563896888888884,37.392278769648556,113.06837066666668,49.84994844444445,3.2704000000000004
28,Reid,stars_and_scrubs,260,9,9,6,259.5484357584417,0.45,206,9,362,0,0,362,0,165.82,402.5804444444444,6.967991313997222,1.0,254.6256579806639,2.4783333333333335,1.4444444444444446
28,Ryan J,balanced,257,9,9,6,235.09042744444446,21.92,240,9,7,0,0,7,0,67.78488888888889,271.15956522222217,99.93086222222222,26.72714666666667,126.04326666666667,71.21336522222222,11.10664888888889
28,Sam,stars_and_scrubs,223,9,9,6,222.99666666666667,0.0,153,9,456,0,0,456,0,190.66666666666669,378.99666666666667,6.0,1.0,28.33,192.66666666666669,1.0
28,Shane,price_enforcer,324,9,9,6,272.2993164779208,51.71,221,9,0,0,0,0,0,70.81200000000001,214.1975709223652,134.10174555555557,19.100708888888892,174.57541666666668,59.011925555555564,19.611265366809608
28,Travis,value_purist,264,9,9,6,264.0081333333334,0.0,148,9,294,0,0,294,0,78.34320000000001,312.18831111111115,64.81982222222223,2.0,185.63160000000002,71.81333333333333,4.5632
29,Brad,emotional,281,9,9,6,281.0,0.0,222,9,438,0,0,438,0,177.0,381.0,19.0,2.0,276.0,2.0,1.0
29,Brandon,stars_and_scrubs,184,9,9,6,182.27833333333336,1.73,271,9,305,0,0,305,0,125.25,349.0772222222222,54.20111111111112,2.8438888888888894,175.8288888888889,1.1888888888888889,2.416666666666667
29,CJ,positional_extremist_wr,264,9,9,6,261.99360222222225,2.01,276,9,48,0,0,48,0,121.36166666666666,301.80350000000004,96.19010222222224,37.553333333333335,126.50182333333333,90.85994555555557,7.078500000000001
29,Coby,positional_extremist_rb,274,9,9,6,271.50334793763375,2.49,252,9,31,0,0,31,0,125.52,242.75262571541148,154.7507222222222,34.24563265985594,201.9695833333333,33.21174305555555,2.076388888888889
29,Evan,value_purist,184,9,9,6,183.99911306070814,0.0,211,9,249,0,0,249,0,69.48036306070816,331.66022417181927,58.33888888888889,2.0,109.48036306070816,71.04875,1.4699999999999998
29,James,positional_extremist_rb,297,9,9,6,296.99533333333335,0.0,178,9,481,0,0,481,0,273.48533333333336,392.48533333333336,7.51,1.0,292.99533333333335,2.0,1.0
29,Jason,positional_extremist_wr,209,9,9,6,208.99808222222222,0.0,122,9,422,0,0,422,0,188.0,386.25777999999997,8.740302222222223,3.1399999999999997,12.11778,192.74030222222223,1.0
29,Reid,value_purist,260,9,9,6,259.99879999999996,0.0,214,9,151,0,0,151,0,58.70744444444445,306.39744444444443,103.60135555555556,0.0,113.44,113.73744444444445,32.821355555555556
29,Ryan J,positional_extremist_wr,257,9,9,6,257.00031333333334,0.0,205,9,227,0,0,227,0,142.48,364.09868000000006,28.901633333333336,0.0,89.03658666666666,165.98372666666666,1.98
29,Sam,balanced,223,9,9,6,200.9413750489027,22.05,206,9,50,0,0,50,0,53.67983248247613,279.8132250489027,83.12815000000002,8.97,37.48684444444445,147.03725560445827,7.447275000000003
29,Shane,emotional,324,9,9,6,323.9938466666666,0.0,112,9,483,0,0,483,0,289.0,365.5532622222222,34.44058444444445,2.86104,295.4405844444445,23.51,2.1822222222222223
29,Travis,stars_and_scrubs,264,9,9,6,263.43666666666667,0.55,104,9,476,0,0,476,0,235.18055555555557,358.3411111111111,18.095555555555556,19.51,238.19222222222226,4.203333333333334,1.5311111111111113
30,Brad,stars_and_scrubs,281,9,9,6,278.0243911111111,2.97,140,9,481,0,0,481,0,267.0,376.397,20.62739111111111,3.062222222222222,268.5022222222222,4.063111111111112,2.3968355555555556
30,Brandon,value_purist,184,9,9,6,184.00244444444445,0.0,184,9,333,0,0,333,0,100.69866666666667,351.47866666666664,53.52377777777778,2.0,103.69866666666667,78.30377777777778,0.0
30,CJ,tier_controller,264,9,9,6,260.4563381227863,3.55,333,9,94,0,0,94,0,189.33333333333331,362.6471221227863,33.809216,29.810819900564084,20.913607111111112,207.81191111111107,1.92
30,Coby,anchor,274,9,9,6,270.1527738888889,3.85,173,9,408,0,0,408,0,257.0,386.61220444444444,9.540569444444445,3.612204444444444,261.88698611111107,1.0,3.6535833333333336
30,Evan,anchor,184,9,9,6,172.7251432777778,11.29,321,9,123,0,0,123,0,115.59425,329.87970333333334,48.84543994444444,5.200693333333334,137.15730222222223,27.28238772222222,3.0847599999999997
30,James,stars_and_scrubs,297,9,9,6,296.3088888888889,0.69,116,9,507,0,0,507,0,256.0,391.47333333333336,7.8355555555555565,1.15,1.4733333333333334,291.0161111111111,2.6694444444444443
30,Jason,positional_extremist_wr,209,9,9,6,209.00302333333335,0.0,207,9,405,0,0,405,0,177.10933333333332,387.7630233333333,7.24,3.24,25.65369,180.10933333333332,0.0
30,Reid,positional_extremist_wr,260,9,9,6,259.9912791666667,0.0,263,9,373,0,0,373,0,210.0,400.66358333333335,9.327695833333333,1.0,248.86723333333333,10.124045833333334,0.0
30,Ryan J,value_purist,257,9,9,6,257.0004840783321,0.0,195,9,220,0,0,220,0,69.21895407833209,362.6304840783321,30.37,38.30977444444444,158.5889540783321,60.101755555555556,0.0
30,Sam,price_enforcer,223,9,9,6,191.18951341666667,31.83,190,9,40,0,0,40,0,45.993433333333336,236.540581,116.64893241666668,0.0,111.29077947222223,72.92414227777779,6.974591666666665
30,Shane,balanced,324,9,9,6,300.4555659612131,23.54,256,9,0,0,0,0,0,85.68,238.7482138888889,137.7073520723242,0.0,229.6900959612131,48.62037222222223,22.145097777777778
30,Travis,price_enforcer,264,9,9,6,225.30866668497015,38.69,198,9,10,0,0,10,0,52.097526684970134,191.5847977777778,146.72386890719235,18.91,137.02287779608125,60.496055555555564,8.879733333333334
31,Brad,positional_extremist_rb,281,9,9,6,281.0024,0.0,69,9,488,0,0,488,0,267.0,381.0024,19.0,2.0,270.55,6.4524,2.0
31,Brandon,emotional,184,9,9,6,180.12847000000002,3.87,362,9,115,0,0,115,0,93.0,269.5405333333333,131.58793666666665,1.8644000000000003,111.55883333333334,66.70523666666668,0.0
31,CJ,positional_extremist_rb,264,9,9,6,260.3946373333333,3.6,221,9,194,0,0,194,0,165.66666666666666,346.1188462222222,50.27579111111111,7.463955555555556,240.22661333333335,12.704068444444445,0.0
31,Coby,stars_and_scrubs,274,9,9,6,274.00333333333333,0.0,137,9,438,0,0,438,0,253.33333333333331,384.5933333333333,15.41,2.0,7.26,254.33333333333331,10.41
31,Evan,positional_extremist_wr,184,9,9,6,184.0,0.0,196,9,324,0,0,324,0,176.0,384.0,6.0,2.0,178.0,3.0,1.0
31,James,tier_controller,297,9,9,6,297.0031064444444,0.0,129,9,327,0,0,327,0,267.0,380.33596866666664,19.66713777777778,4.722801777777779,276.6506655555556,12.438528000000002,3.1911111111111112
31,Jason,stars_and_scrubs,209,9,9,6,209.00212,0.0,284,9,299,0,0,299,0,177.0,371.41,23.592119999999998,2.0,0.0,205.00212,2.0
31,Reid,positional_extremist_rb,260,9,9,6,259.99177499999996,0.0,222,9,278,0,0,278,0,216.0,401.13644444444446,8.855330555555556,1.0,250.85533055555555,7.136444444444446,1.0
31,Ryan J,anchor,257,9,9,6,250.73253427777777,6.27,206,9,219,0,0,219,0,215.5,338.7119509444444,48.020583333333335,4.152083333333334,18.64278844444445,225.67206666666664,2.2655958333333333
31,Sam,tier_controller,223,9,9,6,223.00689244444445,0.0,226,9,248,0,0,248,0,204.0,359.70378666666664,25.30310577777778,1.6593422222222223,210.41243911111113,7.890666666666667,3.0444444444444443
31,Shane,tier_controller,324,9,9,6,323.99497066666663,0.0,70,9,369,0,0,369,0,290.0,364.48149333333333,35.513477333333334,7.957617777777778,302.4773333333333,9.542241777777779,4.017777777777778
31,Travis,stars_and_scrubs,264,9,9,6,264.0,0.0,143,9,446,0,0,446,0,252.0,361.0,16.0,2.0,254.0,7.0,1.0
32,Brad,price_enforcer,281,9,9,6,220.6898377777778,60.31,250,9,0,0,0,0,0,57.46666666666666,216.91866000000002,122.77117777777778,1.0,168.27351111111113,50.41632666666667,1.0
32,Brandon,balanced,184,9,9,6,162.28312231785586,21.71,234,9,68,0,0,68,0,50.55705076230027,326.43363965118914,56.84948266666667,26.126588888888893,50.55705076230027,67.29598311111111,18.303499555555558
32,CJ,price_enforcer,264,9,9,6,220.5575090355978,43.44,252,9,4,0,0,4,0,50.28901333333334,252.9850301467089,103.57247888888891,33.89662444444444,74.27765666666667,73.1070488888889,39.27617903559778
32,Coby,positional_extremist_wr,274,9,9,6,270.1068546917497,3.89,255,9,21,0,0,21,0,122.09702222222222,354.8912424139719,41.21561227777779,33.04618056632313,122.09702222222222,113.96365190320434,1.0
32,Evan,anchor,184,9,9,6,170.21009166666667,13.79,225,9,191,0,0,191,0,125.25,224.61486666666667,151.595225,7.727166666666668,156.29535833333333,2.7909666666666664,3.3966
32,James,anchor,297,9,9,6,279.0435270833333,17.96,241,9,117,0,0,117,0,216.0,344.3030416666666,37.74048541666666,12.653666666666664,220.70086666666666,33.267625,12.421368749999997
32,Jason,value_purist,209,9,9,6,208.99413630127907,0.0,182,9,320,0,0,320,0,94.62748358910686,378.99413630127907,16.0,2.76,96.62748358910686,108.60665271217223,1.0
32,Reid,value_purist,260,9,9,6,260.0027111111111,0.0,209,9,206,0,0,206,0,63.08266666666666,335.2267111111111,74.776,1.0,168.16733333333332,89.11537777777778,1.7200000000000002
32,Ryan J,positional_extremist_wr,257,9,9,6,255.48549722222222,1.51,184,9,223,0,0,223,0,145.63266666666667,234.6245638888889,156.86093333333332,0.0,91.10996111111112,163.3755361111111,1.0
32,Sam,tier_controller,223,9,9,6,217.62654575,5.38,201,9,232,0,0,232,0,177.0,350.5512035277778,29.075342222222226,1.0,201.1319111111111,2.9434311111111118,12.551203527777776
32,Shane,anchor,324,9,9,6,310.40333252489387,13.6,160,9,244,0,0,244,0,268.9529587748939,335.4032221082272,51.00011041666667,2.76,279.7805587748939,20.059910416666668,7.802863333333332
32,Travis,emotional,264,9,9,6,264.0002666666667,0.0,72,9,599,0,0,599,0,236.0,360.91026666666664,16.09,3.083111111111111,257.49,2.0,1.4271555555555557
33,Brad,price_enforcer,281,9,9,6,239.30992311578774,41.68,275,9,0,0,0,0,0,52.80027311578771,245.54149867134328,112.76842444444445,57.64425333333334,62.96402555555556,118.70164422689882,0.0
33,Brandon,anchor,184,9,9,6,172.93196738028564,11.07,241,9,166,0,0,166,0,117.91875738028564,355.879390713619,38.05257666666667,18.486566666666665,139.11664738028563,3.0246533333333327,12.3041
33,CJ,anchor,264,9,9,6,262.68539111111113,1.3,201,9,420,0,0,420,0,249.60666666666668,379.01416333333333,19.671227777777784,1.0,255.6488188888889,3.316111111111111,2.7204611111111108
33,Coby,positional_extremist_wr,274,9,9,6,273.4008027777778,0.6,227,9,128,0,0,128,0,130.11,370.18721500000004,29.213587777777775,9.077214999999999,106.0,155.51358000000002,2.810007777777778
33,Evan,price_enforcer,184,9,9,6,151.1368527777778,32.85,222,9,75,0,0,75,0,34.697652222222224,262.9850622222222,94.15179055555555,21.268396666666668,45.93288722222222,63.9193688888889,20.0162
33,James,emotional,297,9,9,6,297.00276541666665,0.0,146,9,498,0,0,498,0,256.0,382.82196541666667,17.180799999999998,3.0,33.76009875,259.22266666666667,1.0199999999999996
33,Jason,value_purist,209,9,9,6,208.99086690259224,0.0,163,9,388,0,0,388,0,100.29519190259225,312.6451919025923,82.345675,2.0,179.64086690259225,26.35,1.0
33,Reid,value_purist,260,9,9,6,260.0001991929678,0.0,233,9,226,0,0,226,0,74.0,352.1399304429678,57.86026875,1.0,255.03019919296779,3.9699999999999998,0.0
33,Ryan J,positional_extremist_rb,257,9,9,6,256.9994299032118,0.0,244,9,407,0,0,407,0,177.0,368.8362299032118,24.1632,1.0,186.16320000000002,68.83622990321183,1.0
33,Sam,positional_extremist_wr,223,9,9,6,220.07112795176977,2.94,205,9,63,0,0,63,0,86.8893375351031,270.92788809065866,111.14323986111111,1.0,88.41322642399199,114.24798249999999,16.40991902777778
33,Shane,value_purist,324,9,9,6,324.0098675212378,0.0,250,9,50,0,0,50,0,60.21003418790451,220.42793333333333,179.5819341879045,0.0,179.9100341879045,141.41983333333332,2.68
33,Travis,anchor,264,9,9,6,264.0,0.0,75,9,622,0,0,622,0,256.0,371.0,6.0,2.0,259.0,2.0,1.0
34,Brad,stars_and_scrubs,281,9,9,6,280.8833333333334,0.12,136,9,440,0,0,440,0,253.0,379.6588888888889,20.224444444444444,1.1277777777777778,254.5311111111111,22.538888888888888,2.6855555555555557
34,Brandon,stars_and_scrubs,184,9,9,6,177.11716855601634,6.89,254,9,302,0,0,302,0,104.69672766712745,388.1809498893497,9.936218666666667,4.015885333333333,168.54928322268302,1.4733333333333334,3.078666666666667
34,CJ,balanced,264,9,9,6,235.71376242237136,28.31,268,9,0,0,0,0,0,73.3,254.32088481126024,117.39287761111112,9.89359592237132,80.84154583333333,144.97862066666664,0.0
34,Coby,price_enforcer,274,9,9,6,231.5574716715055,42.45,240,9,0,0,0,0,0,58.49333333333333,217.4331638937277,140.1243077777778,50.16124555555556,85.94659500483883,95.44963111111112,0.0
34,Evan,balanced,184,9,9,6,160.26412681475142,23.74,228,9,64,0,0,64,0,46.08948111111111,265.7123502036403,100.55177661111111,1.0,23.35073855555556,111.98908061111112,23.92430764808473
34,James,value_purist,297,9,9,6,297.0069445132497,0.0,227,9,197,0,0,197,0,127.09014444444445,354.0069445132497,46.0,6.82,251.71312284658308,36.473821666666666,2.0
34,Jason,stars_and_scrubs,209,9,9,6,208.9422888888889,0.05,234,9,339,0,0,339,0,176.89173333333335,387.3772888888889,7.565000000000001,2.2333333333333334,201.47173333333333,2.575555555555556,2.6616666666666666
34,Reid,positional_extremist_wr,260,9,9,6,260.0011111111111,0.0,83,9,534,0,0,534,0,249.0,401.78,8.221111111111112,1.0,256.2211111111111,1.7800000000000002,1.0
34,Ryan J,stars_and_scrubs,257,9,9,6,257.0,0.0,197,9,414,0,0,414,0,206.0,387.0,6.0,1.0,3.0,251.0,2.0
34,Sam,positional_extremist_rb,223,9,9,6,222.99868416666666,0.0,147,9,398,0,0,398,0,202.0,375.87113555555555,9.127548611111111,0.0,208.0475486111111,5.503322222222223,9.447813333333333
34,Shane,value_purist,324,9,9,6,324.0058577777778,0.0,203,9,220,0,0,220,0,52.0,234.0839955555556,165.92186222222222,0.0,231.37403555555557,91.63182222222223,1.0
34,Travis,price_enforcer,264,9,9,6,212.4596526060642,51.54,198,9,0,0,0,0,0,54.75820149495311,204.58381333333335,120.8758392727309,28.0,110.85756149495312,46.18209111111111,27.42
35,Brad,stars_and_scrubs,281,9,9,6,280.99444444444447,0.0,162,9,407,0,0,407,0,256.0,380.3277777777778,19.666666666666668,2.0,276.35,1.3166666666666667,1.3277777777777777
35,Brandon,anchor,184,9,9,6,164.23883999999998,19.77,329,9,102,0,0,102,0,88.4,233.23417333333333,152.00466666666665,2.0,5.123333333333333,157.11550666666665,0.0
35,CJ,price_enforcer,264,9,9,6,221.00728444444442,42.99,204,9,23,0,0,23,0,41.0,209.7368611111111,147.27042333333333,33.76042777777778,116.6,39.807501111111115,30.83935555555556
35,Coby,positional_extremist_rb,274,9,9,6,265.2827777777778,8.72,238,9,74,0,0,74,0,179.6,361.6522222222223,29.630555555555556,5.762222222222222,15.39,241.39,2.7405555555555554
35,Evan,emotional,184,9,9,6,184.0,0.0,214,9,398,0,0,398,0,176.0,384.0,6.0,2.0,178.0,1.0,3.0
35,James,emotional,297,9,9,6,297.0,0.0,106,9,486,0,0,486,0,274.0,394.0,6.0,1.0,277.0,17.0,2.0
35,Jason,value_purist,209,9,9,6,208.9960829212636,0.0,155,9,254,0,0,254,0,58.08266666666666,265.72333333333336,129.2727495879303,1.0,178.64541625459694,29.350666666666665,0.0
35,Reid,emotional,260,9,9,6,260.0022222222222,0.0,169,9,424,0,0,424,0,232.7222222222222,404.00222222222214,6.0,1.0,233.7222222222222,24.28,1.0
35,Ryan J,stars_and_scrubs,257,9,9,6,257.00193416897713,0.0,229,9,328,0,0,328,0,215.39515639119935,362.05415639119934,30.94777777777778,1.2888888888888888,249.0536008356438,3.243333333333333,3.4161111111111113
35,Sam,stars_and_scrubs,223,9,9,6,223.0,0.0,215,9,393,0,0,393,0,176.0,379.0,6.0,1.0,218.0,1.0,3.0
35,Shane,positional_extremist_rb,324,9,9,6,323.9956266666667,0.0,82,9,533,0,0,533,0,290.0,383.9956266666667,16.0,1.0,318.20562666666666,3.789999999999999,1.0
35,Travis,stars_and_scrubs,264,9,9,6,264.0011111111111,0.0,111,9,437,0,0,437,0,253.33333333333331,368.59999999999997,8.40111111111111,2.0,2.8577777777777778,257.4822222222222,1.661111111111111
36,Brad,anchor,281,9,9,6,280.54208777777785,0.47,135,9,392,0,0,392,0,266.0,377.78013333333337,21.761954444444445,4.131976666666667,272.4567777777778,1.2722222222222221,2.681111111111111
36,Brandon,balanced,184,9,9,6,166.96498358333332,17.03,172,9,134,0,0,134,0,36.0,270.2371356666667,117.72784791666665,7.0,80.94137733333334,79.02360625,0.0
36,CJ,anchor,264,9,9,6,264.0,0.0,126,9,500,0,0,500,0,256.0,384.0,16.0,2.0,257.0,4.0,1.0
36,Coby,anchor,274,9,9,6,272.8189556944444,1.19,152,9,358,0,0,358,0,256.0,134.1646,264.65435569444446,2.7399999999999998,261.2344444444444,6.875337499999999,1.9691737499999997
36,Evan,anchor,184,9,9,6,168.46427444444444,15.52,352,9,135,0,0,135,0,49.13644444444444,272.2155744444444,102.24870000000001,10.656680000000001,79.01984111111112,71.18177833333334,7.605975
36,James,emotional,297,9,9,6,297.00141666666667,0.0,101,9,521,0,0,521,0,274.0,394.00141666666667,6.0,1.0,291.2914166666667,3.0,1.71
36,Jason,emotional,209,9,9,6,208.99777777777777,0.0,228,9,394,0,0,394,0,199.65777777777777,388.99777777777774,6.0,2.0,201.65777777777777,2.0,3.34
36,Reid,anchor,260,9,9,6,256.67996736111115,3.33,223,9,244,0,0,244,0,235.0,382.85424166666667,23.825725694444444,1.2555555555555555,1.8542416666666668,252.14544791666668,1.4247222222222222
36,Ryan J,emotional,257,9,9,6,256.9981844444444,0.0,278,9,234,0,0,234,0,215.0,382.9511111111111,10.047073333333335,0.0,251.6570733333333,5.341111111111112,0.0
36,Sam,tier_controller,223,9,9,6,222.9947031111111,0.0,303,9,246,0,0,246,0,156.0,373.197,11.79770311111111,1.0,6.21018311111111,214.78452000000001,1.0
36,Shane,positional_extremist_rb,324,9,9,6,324.0,0.0,77,9,535,0,0,535,0,290.0,384.0,16.0,1.0,318.0,3.0,2.0
36,Travis,positional_extremist_rb,264,9,9,6,264.0,0.0,157,9,467,0,0,467,0,253.0,361.0,16.0,2.0,256.0,5.0,1.0
37,Brad,balanced,281,9,9,6,256.5813312510094,24.43,291,9,0,0,0,0,0,72.92058654967816,270.64807958434267,104.93325166666668,5.4044,48.56309303466455,202.61383821634482,0.0
37,Brandon,tier_controller,184,9,9,6,184.00890755555557,0.0,165,9,336,0,0,336,0,143.0,241.00484,164.00406755555557,1.75,150.0,26.494796444444443,5.764111111111111
37,CJ,positional_extremist_wr,264,9,9,6,264.004956,0.0,165,9,430,0,0,430,0,190.0,384.004956,16.0,3.99,67.01495600000001,191.0,2.0
37,Coby,positional_extremist_wr,274,9,9,6,273.99693250097863,0.0,231,9,261,0,0,261,0,201.6155611111111,390.0913413898675,9.90559111111111,3.7542311111111113,1.0,267.18270138986753,2.0599999999999996
37,Evan,value_purist,184,9,9,6,183.9951966666667,0.0,259,9,247,0,0,247,0,74.056,253.52941,136.46578666666667,2.0,133.0921911111111,47.903005555555566,1.0
37,James,stars_and_scrubs,297,9,9,6,297.00388888888887,0.0,158,9,493,0,0,493,0,257.0,362.7911111111111,37.212777777777774,1.5527777777777778,259.57444444444445,3.41,32.46666666666667
37,Jason,emotional,209,9,9,6,206.94261269442998,2.06,276,9,303,0,0,303,0,105.81326436058951,379.52086824998554,13.421744444444442,2.895603889396022,197.43146436058953,3.1440444444444444,3.4715
37,Reid,tier_controller,260,9,9,6,256.6199768888889,3.37,271,9,158,0,0,158,0,202.0,361.56,45.05997688888888,8.0,207.08135466666667,22.28862222222222,19.25
37,Ryan J,value_purist,257,9,9,6,256.9997295817896,0.0,139,9,323,0,0,323,0,94.0,376.7497295817896,16.25,1.0,178.2935,77.70622958178961,0.0
37,Sam,value_purist,223,9,9,6,223.00531295532804,0.0,236,9,194,0,0,194,0,68.8232220269736,301.96339641353615,83.04191654179192,34.0,183.98531295532803,4.02,1.0
37,Shane,price_enforcer,324,9,9,6,258.8846894935498,65.13,262,9,0,0,0,0,0,68.0,212.31082111111112,122.57386838243869,17.547359999999998,173.90364616021648,63.25,4.183683333333334
37,Travis,positional_extremist_rb,264,9,9,6,264.0,0.0,87,9,615,0,0,615,0,252.0,367.0,10.0,2.0,259.0,2.0,1.0
38,Brad,value_purist,281,9,9,6,281.00459879965246,0.0,225,9,158,0,0,158,0,83.18355724033779,311.0040122403378,89.00058655931468,20.63,188.51414379965246,69.86045499999999,2.0
38,Brandon,positional_extremist_rb,184,9,9,6,183.99833333333333,0.0,138,9,458,0,0,458,0,166.25,398.96833333333336,6.03,2.0,169.25,2.0300000000000002,10.718333333333334
38,CJ,value_purist,264,9,9,6,264.0,0.0,235,9,191,0,0,191,0,109.5,323.15999999999997,76.84,2.0,197.67000000000002,64.33,0.0
38,Coby,value_purist,274,9,9,6,273.99829100535936,0.0,194,9,224,0,0,224,0,79.81773206819469,268.8177320681947,131.1805589371647,2.0,203.66829100535938,67.33,1.0
38,Evan,anchor,184,9,9,6,170.98693114058705,13.02,288,9,70,0,0,70,0,94.98290405725369,314.6842940572537,62.30263708333332,30.0,102.84709280725369,34.43844833333333,3.701389999999999
38,James,tier_controller,297,9,9,6,293.5448831111111,3.45,118,9,330,0,0,330,0,257.0,369.5522222222222,26.992660888888892,1.512888888888889,266.698352,24.116975555555555,1.2166666666666668
38,Jason,positional_extremist_rb,209,9,9,6,209.00057722222223,0.0,273,9,170,0,0,170,0,141.5,232.04095416666667,162.95962305555554,5.0,198.62740083333333,3.172222222222222,2.200954166666667
38,Reid,positional_extremist_wr,260,9,9,6,260.00391537447706,0.0,232,9,290,0,0,290,0,191.33333333333334,209.1133975966993,200.89051777777777,1.0,6.309466666666667,252.6944487078104,0.0
38,Ryan J,stars_and_scrubs,257,9,9,6,257.0018195697273,0.0,217,9,349,0,0,349,0,215.15644444444445,362.2401529030606,30.761666666666667,1.02,253.17404179194952,0.0,2.807777777777778
38,Sam,emotional,223,9,9,6,222.99031359030937,0.0,251,9,337,0,0,337,0,176.0367757500382,367.8423135903094,17.148,2.4875555555555553,180.1847757500382,39.30798228471563,1.0099999999999998
38,Shane,balanced,324,9,9,6,293.3632040741605,30.64,215,9,0,0,0,0,0,69.80391849442083,252.1515991610875,117.21160491307302,0.0,60.99308466666667,221.85099540749385,10.519124000000001
38,Travis,stars_and_scrubs,264,9,9,6,260.4145555555555,3.58,100,9,432,0,0,432,0,250.0,365.7322222222222,7.682333333333334,2.56,252.33888888888887,4.343444444444445,1.1722222222222223
39,Brad,emotional,281,9,9,6,278.5601858674481,2.45,208,9,376,0,0,376,0,176.09181920078146,374.07079920078144,23.489386666666668,2.0,273.84397253411476,1.3333333333333333,1.3828799999999999
39,Brandon,positional_extremist_rb,184,9,9,6,184.0,0.0,97,9,532,0,0,532,0,176.0,399.0,6.0,2.0,178.0,4.0,0.0
39,CJ,value_purist,264,9,9,6,264.0068722822539,0.0,271,9,161,0,0,161,0,68.54646865388284,255.35694333239147,144.6499289498624,2.593530721324497,237.87187933870715,23.541462222222222,0.0
39,Coby,positional_extremist_rb,274,9,9,6,273.9991933333333,0.0,208,9,316,0,0,316,0,215.91,393.9991933333333,6.0,4.619999999999999,2.0,266.3791933333333,1.0
39,Evan,tier_controller,184,9,9,6,173.82352355555554,10.18,280,9,78,0,0,78,0,107.91,326.0839733333333,53.73955022222222,10.92,138.896688,21.75286222222222,2.253973333333333
39,James,balanced,297,9,9,6,269.0870117777778,27.91,276,9,0,0,0,0,0,61.0,248.86646555555558,123.22054622222221,29.67747555555556,144.19023444444446,75.46653333333333,19.752768444444445
39,Jason,value_purist,209,9,9,6,209.00257030796823,0.0,172,9,285,0,0,285,0,70.60244444444444,318.99257030796826,76.01,2.0,73.01,132.99257030796824,1.0
39,Reid,value_purist,260,9,9,6,260.00447958038274,0.0,250,9,95,0,0,95,0,65.68,325.6513062470494,84.35317333333333,34.209742222222225,162.7947373581605,62.0,1.0
39,Ryan J,price_enforcer,257,9,9,6,214.65110494663938,42.35,240,9,12,0,0,12,0,52.09,269.94890272441717,80.70220222222224,24.13,0.0,166.26858161330605,24.252523333333336
39,Sam,positional_extremist_wr,223,9,9,6,219.78027777777783,3.23,176,9,95,0,0,95,0,98.91,291.77820444444444,90.00207333333337,1.0,98.91,93.8952666666667,25.97501111111111
39,Shane,anchor,324,9,9,6,312.17551249999997,11.83,113,9,248,0,0,248,0,273.0,348.2661166666667,39.909395833333335,1.0,297.1092708333333,8.4819,5.584341666666667
39,Travis,price_enforcer,264,9,9,6,215.44502802295494,48.56,212,9,9,0,0,9,0,48.63504557851051,202.79695691184384,125.64807111111112,14.93,140.30943113406607,33.09313466666668,27.112462222222224
