player,position,nfl_team,projected_points,VBD_score,suggested_auction_price,historical_salary_if_known,notes
Aaron Jones Sr,RB,,,,68.0,66.0,
James Cook,RB,,285.7,255.2,59.0,79.0,
Josh Jacobs,RB,,219.1,188.6,56.0,89.0,
Deebo Samuel,WR,,,,54.0,53.0,
Jonathan Taylor,RB,,339.3,308.8,49.0,41.0,
TJ Hockenson,TE,,,,49.0,48.0,
Bill Croskey-Merritt,RB,,,,47.0,46.0,
RJ Harvey,RB,,183.1,152.6,45.0,70.0,
DeVonta Smith,WR,,163.3,94.80000000000001,45.0,85.0,
Tony Pollard,RB,,169.3,138.8,43.0,70.0,
Jaylen Waddle,WR,,162.12,93.62,42.0,77.0,
Alvin Kamara,RB,,84.2,53.7,42.0,88.0,
Chris Godwin Jr,WR,,,,42.0,41.0,
Tee Higgins,WR,,182.1,113.6,42.0,72.0,
Bucky Irving,RB,,123.5,93.0,41.0,77.0,
Josh Allen,QB,,364.62,138.04,41.0,64.0,
Jaylen Warren,RB,,197.1,166.6,40.0,54.0,
DJ Moore,WR,,145.18,76.68,39.0,75.0,
Travis Etienne,RB,,235.9,205.4,38.0,39.0,
AJ Brown,WR,,,,37.0,36.0,
Terry McLaurin,WR,,95.2,26.700000000000003,37.0,83.0,
Christian McCaffrey,RB,SF,365.6,335.1,35.0,,"not on a 2025 league roster -- FantasyPros 2026 rank #8, tier 2"
Bijan Robinson,RB,ATL,331.3,300.8,32.0,,"not on a 2025 league roster -- FantasyPros 2026 rank #4, tier 1"
Ladd McConkey,WR,,147.9,79.4,32.0,57.0,
Isiah Pacheco,RB,,77.8,47.3,32.0,66.0,
Jahmyr Gibbs,RB,DET,328.4,297.9,31.0,,"not on a 2025 league roster -- FantasyPros 2026 rank #2, tier 1"
Jalen Hurts,QB,,299.06,72.47999999999999,31.0,57.0,
George Kittle,TE,,133.0,38.0,30.0,64.0,
Davante Adams,WR,,192.9,124.4,30.0,41.0,
Matthew Golden,WR,,55.5,0.0,29.0,70.0,
Rashee Rice,WR,,123.6,55.099999999999994,28.0,55.0,
Joe Burrow,QB,,134.46,0.0,28.0,69.0,
Khalil Shakir,WR,,130.4,61.900000000000006,28.0,53.0,
De'Von Achane,RB,MIA,289.3,258.8,27.0,,"not on a 2025 league roster -- FantasyPros 2026 rank #20, tier 3"
Jordan Mason,RB,,121.9,91.4,27.0,43.0,
Puka Nacua,WR,LAR,310.5,242.0,26.0,,"not on a 2025 league roster -- FantasyPros 2026 rank #3, tier 1"
Lamar Jackson,QB,,214.86,0.0,26.0,63.0,
Derrick Henry,RB,BAL,272.0,241.5,26.0,,"not on a 2025 league roster -- FantasyPros 2026 rank #37, tier 5"
Cooper Kupp,WR,,92.8,24.299999999999997,25.0,55.0,
Jaxon Smith-Njigba,WR,SEA,300.4,231.89999999999998,25.0,,"not on a 2025 league roster -- FantasyPros 2026 rank #5, tier 1"
James Conner,RB,,29.3,0.0,24.0,59.0,
Kyren Williams,RB,LAR,245.3,214.8,23.0,,"not on a 2025 league roster -- FantasyPros 2026 rank #41, tier 5"
Chase Brown,RB,CIN,248.1,217.6,23.0,,"not on a 2025 league roster -- FantasyPros 2026 rank #15, tier 3"
Amon-Ra St. Brown,WR,DET,265.5,197.0,21.0,,"not on a 2025 league roster -- FantasyPros 2026 rank #6, tier 1"
Nick Chubb,RB,,81.8,51.3,21.0,37.0,
Javonte Williams,RB,DAL,225.3,194.8,21.0,,"not on a 2025 league roster -- FantasyPros 2026 rank #43, tier 5"
Ashton Jeanty,RB,,217.6,187.1,20.0,1.0,
Rico Dowdle,RB,,196.8,166.3,19.0,3.0,
D'Andre Swift,RB,CHI,211.6,181.1,19.0,,"not on a 2025 league roster -- FantasyPros 2026 rank #53, tier 6"
George Pickens,WR,DAL,245.4,176.9,19.0,,"not on a 2025 league roster -- FantasyPros 2026 rank #18, tier 3"
Saquon Barkley,RB,PHI,213.8,183.3,19.0,,"not on a 2025 league roster -- FantasyPros 2026 rank #21, tier 4"
Ja'Marr Chase,WR,CIN,251.1,182.6,19.0,,"not on a 2025 league roster -- FantasyPros 2026 rank #1, tier 1"
Breece Hall,RB,NYJ,189.66,159.16,17.0,,"not on a 2025 league roster -- FantasyPros 2026 rank #39, tier 5"
TreVeyon Henderson,RB,,188.7,158.2,17.0,1.0,
Trey McBride,TE,ARI,252.9,157.9,17.0,,"not on a 2025 league roster -- FantasyPros 2026 rank #19, tier 3"
Chris Olave,WR,NO,218.0,149.5,16.0,,"not on a 2025 league roster -- FantasyPros 2026 rank #16, tier 3"
Kenny Gainwell,RB,TB,184.8,154.3,16.0,,"not on a 2025 league roster -- FantasyPros 2026 rank #98, tier 8"
Zach Charbonnet,RB,SEA,171.4,140.9,15.0,,"not on a 2025 league roster -- FantasyPros 2026 rank #147, tier 9"
Kenneth Walker III,RB,KC,176.4,145.9,15.0,,"not on a 2025 league roster -- FantasyPros 2026 rank #24, tier 4"
Caleb Williams,QB,,317.68,91.1,14.0,11.0,
Matthew Stafford,QB,,350.38,123.79999999999998,14.0,1.0,
Rhamondre Stevenson,RB,NE,162.8,132.3,14.0,,"not on a 2025 league roster -- FantasyPros 2026 rank #73, tier 7"
Quinshon Judkins,RB,,156.8,126.30000000000001,14.0,1.0,
Zay Flowers,WR,BAL,200.3,131.8,14.0,,"not on a 2025 league roster -- FantasyPros 2026 rank #30, tier 4"
Drake Maye,QB,NE,351.46,124.87999999999997,13.0,,"not on a 2025 league roster -- FantasyPros 2026 rank #38, tier 5"
Nico Collins,WR,HOU,190.7,122.19999999999999,13.0,,"not on a 2025 league roster -- FantasyPros 2026 rank #14, tier 3"
David Montgomery,RB,HOU,154.92,124.41999999999999,13.0,,"not on a 2025 league roster -- FantasyPros 2026 rank #62, tier 6"
Jameson Williams,WR,DET,187.4,118.9,13.0,,"not on a 2025 league roster -- FantasyPros 2026 rank #54, tier 6"
Dak Prescott,QB,,313.78,87.19999999999996,13.0,8.0,
Kareem Hunt,RB,,136.4,105.9,12.0,1.0,
Michael Wilson,WR,,181.6,113.1,12.0,1.0,
Trevor Lawrence,QB,,338.18,111.6,12.0,1.0,
Courtland Sutton,WR,,182.7,114.19999999999999,12.0,,no salary on record
Kyle Monangai,RB,,137.7,107.19999999999999,12.0,1.0,
Tetairoa McMillan,WR,CAR,176.4,107.9,11.0,,"not on a 2025 league roster -- FantasyPros 2026 rank #34, tier 4"
Jajuan Jennings,WR,,,,11.0,11.0,
Tyrone Tracy Jr,RB,,,,11.0,11.0,
Wan'Dale Robinson,WR,,171.9,103.4,11.0,1.0,
AD Mitchell,WR,,,,11.0,11.0,
Woody Marks,RB,,133.1,102.6,11.0,1.0,
Emeka Egbuka,WR,,164.2,95.69999999999999,11.0,1.0,
Jacory Croskey-Merritt,RB,WAS,135.8,105.30000000000001,11.0,,"not on a 2025 league roster -- FantasyPros 2026 rank #113, tier 8"
Drake London,WR,ATL,167.9,99.4,11.0,,"not on a 2025 league roster -- FantasyPros 2026 rank #11, tier 2"
CeeDee Lamb,WR,DAL,163.4,94.9,10.0,,"not on a 2025 league roster -- FantasyPros 2026 rank #7, tier 2"
Stefon Diggs,WR,,167.8,99.30000000000001,10.0,,no salary on record
Omarion Hampton,RB,,119.7,89.2,10.0,1.0,
Blake Corum,RB,,118.2,87.7,10.0,1.0,
Alec Pierce,WR,,159.8,91.30000000000001,10.0,1.0,
Justin Jefferson,WR,MIN,159.5,91.0,10.0,,"not on a 2025 league roster -- FantasyPros 2026 rank #9, tier 2"
Rachaad White,RB,WAS,123.0,92.5,10.0,,"not on a 2025 league roster -- FantasyPros 2026 rank #111, tier 8"
Baker Mayfield,QB,,271.92,45.34,9.0,11.0,
Tyler Allgeier,RB,ARI,116.0,85.5,9.0,,"not on a 2025 league roster -- FantasyPros 2026 rank #136, tier 9"
Cam Skattebo,RB,NYG,115.7,85.2,9.0,,"not on a 2025 league roster -- FantasyPros 2026 rank #59, tier 6"
DK Metcalf,WR,PIT,157.7,89.19999999999999,9.0,,"not on a 2025 league roster -- FantasyPros 2026 rank #78, tier 7"
Quentin Johnston,WR,,145.7,77.19999999999999,9.0,1.0,
Kimani Vidal,RB,,109.9,79.4,9.0,1.0,
Rashid Shaheed,WR,,115.1,46.599999999999994,9.0,10.0,
Jayden Higgins,WR,,109.0,40.5,8.0,10.0,
Romeo Doubs,WR,,137.9,69.4,8.0,1.0,
Troy Franklin,WR,,144.6,76.1,8.0,1.0,
Keenan Allen,WR,IND,142.2,73.69999999999999,8.0,,"not on a 2025 league roster -- FantasyPros 2026 rank #190, tier 10"
Bo Nix,QB,,304.84,78.25999999999996,8.0,,no salary on record
Jauan Jennings,WR,MIN,145.8,77.30000000000001,8.0,,"not on a 2025 league roster -- FantasyPros 2026 rank #166, tier 10"
Parker Washington,WR,,143.7,75.19999999999999,8.0,1.0,
Jake Ferguson,TE,,147.1,52.099999999999994,8.0,6.0,
Justin Herbert,QB,,286.88,60.29999999999998,8.0,4.0,
Brock Bowers,TE,,144.2,49.19999999999999,8.0,6.0,
Chuba Hubbard,RB,CAR,110.4,79.9,8.0,,"not on a 2025 league roster -- FantasyPros 2026 rank #97, tier 8"
J.K. Dobbins,RB,DEN,110.4,79.9,8.0,,"not on a 2025 league roster -- FantasyPros 2026 rank #100, tier 8"
Xavier Worthy,WR,,88.9,20.400000000000006,7.0,11.0,
Hunter Henry,TE,,148.8,53.80000000000001,7.0,2.0,
Devin Singletary,RB,NYG,99.8,69.3,7.0,,"not on a 2025 league roster -- FantasyPros 2026 rank #299, tier 12"
Jakobi Meyers,WR,JAC,138.3,69.80000000000001,7.0,,"not on a 2025 league roster -- FantasyPros 2026 rank #105, tier 8"
Jared Goff,QB,DET,297.06,70.47999999999999,7.0,,"not on a 2025 league roster -- FantasyPros 2026 rank #107, tier 8"
Tre Tucker,WR,,133.2,64.69999999999999,7.0,1.0,
Tyjae Spears,RB,,89.2,58.7,7.0,3.0,
Ty Johnson,RB,BUF,88.3,57.8,6.0,,"not on a 2025 league roster -- FantasyPros 2026 rank #261, tier 12"
Bhayshul Tuten,RB,,83.6,53.099999999999994,6.0,,no salary on record
Brian Thomas Jr,WR,,,,6.0,6.0,
Travis Kelce,TE,KC,155.2,60.19999999999999,6.0,,"not on a 2025 league roster -- FantasyPros 2026 rank #94, tier 8"
Tyler Warren,TE,,150.5,55.5,6.0,1.0,
Emanuel Wilson,RB,,87.0,56.5,6.0,1.0,
Rome Odunze,WR,CHI,124.1,55.599999999999994,6.0,,"not on a 2025 league roster -- FantasyPros 2026 rank #57, tier 6"
Sean Tucker,RB,TB,87.4,56.900000000000006,6.0,,"not on a 2025 league roster -- FantasyPros 2026 rank #202, tier 11"
Kyle Pitts Sr,TE,,,,6.0,6.0,
Dallas Goedert,TE,,155.1,60.099999999999994,6.0,,no salary on record
Michael Carter,RB,,82.5,52.0,6.0,1.0,
Jordan Addison,WR,MIN,114.1,45.599999999999994,5.0,,"not on a 2025 league roster -- FantasyPros 2026 rank #106, tier 8"
Christian Watson,WR,,114.9,46.400000000000006,5.0,1.0,
Dalton Schultz,TE,,136.7,41.69999999999999,5.0,1.0,
Juwan Johnson,TE,,141.4,46.400000000000006,5.0,1.0,
Kayshon Boutte,WR,,107.6,39.099999999999994,5.0,1.0,
Tucker Kraft,TE,,101.2,6.200000000000003,5.0,11.0,
Trey Benson,RB,,28.9,0.0,5.0,11.0,
Colston Loveland,TE,,136.1,41.099999999999994,5.0,1.0,
Bam Knight,RB,ARI,81.9,51.400000000000006,5.0,,"not on a 2025 league roster -- FantasyPros 2026 rank #344, tier 13"
Isaiah Davis,RB,,60.7,30.200000000000003,4.0,1.0,
Dylan Sampson,RB,CLE,71.1,40.599999999999994,4.0,,"not on a 2025 league roster -- FantasyPros 2026 rank #142, tier 9"
Samaje Perine,RB,CIN,69.4,38.900000000000006,4.0,,"not on a 2025 league roster -- FantasyPros 2026 rank #262, tier 12"
Josh Downs,WR,IND,107.4,38.900000000000006,4.0,,"not on a 2025 league roster -- FantasyPros 2026 rank #86, tier 7"
Marvin Harrison Jr.,WR,ARI,107.3,38.8,4.0,,"not on a 2025 league roster -- FantasyPros 2026 rank #67, tier 6"
Dalton Kincaid,TE,,106.6,11.599999999999994,4.0,6.0,
Devin Neal,RB,,51.5,21.0,3.0,1.0,
Najee Harris,RB,,10.1,0.0,3.0,8.0,
Justice Hill,RB,BAL,54.7,24.200000000000003,3.0,,"not on a 2025 league roster -- FantasyPros 2026 rank #238, tier 11"
Ryan Flournoy,WR,DAL,94.0,25.5,3.0,,"not on a 2025 league roster -- FantasyPros 2026 rank #177, tier 10"
Elic Ayomanor,WR,,96.0,27.5,3.0,1.0,
Jerry Jeudy,WR,CLE,95.7,27.200000000000003,3.0,,"not on a 2025 league roster -- FantasyPros 2026 rank #161, tier 10"
Jeremy McNichols,RB,WAS,60.2,29.700000000000003,3.0,,"not on a 2025 league roster -- FantasyPros 2026 rank #449, tier 15"
Pat Bryant,WR,,59.3,0.0,3.0,7.0,
AJ Barner,TE,,121.3,26.299999999999997,3.0,1.0,
Cedric Tillman,WR,,49.5,0.0,2.0,5.0,
Jaxson Dart,QB,,241.58,15.0,2.0,1.0,
Jalen Coker,WR,,73.9,5.400000000000006,2.0,3.0,
Chris Rodriguez Jr,RB,,,,2.0,2.0,
Chimere Dike,WR,TEN,90.1,21.599999999999994,2.0,,"not on a 2025 league roster -- FantasyPros 2026 rank #255, tier 12"
Jaydon Blue,RB,,19.9,0.0,2.0,4.0,
Jalen Nailor,WR,LV,86.2,17.700000000000003,2.0,,"not on a 2025 league roster -- FantasyPros 2026 rank #185, tier 10"
Keon Coleman,WR,BUF,83.4,14.900000000000006,2.0,,"not on a 2025 league roster -- FantasyPros 2026 rank #249, tier 11"
Tank Bigsby,RB,PHI,52.3,21.799999999999997,2.0,,"not on a 2025 league roster -- FantasyPros 2026 rank #159, tier 10"
Mack Hollins,WR,NE,90.4,21.900000000000006,2.0,,"not on a 2025 league roster -- FantasyPros 2026 rank #300, tier 12"
Emari Demercado,RB,KC,51.8,21.299999999999997,2.0,,"not on a 2025 league roster -- FantasyPros 2026 rank #295, tier 12"
Colby Parkinson,TE,,108.3,13.299999999999997,2.0,1.0,
Darius Slayton,WR,,80.3,11.799999999999997,2.0,1.0,
Malik Washington,WR,,87.7,19.200000000000003,2.0,1.0,
Brashard Smith,RB,KC,50.8,20.299999999999997,2.0,,"not on a 2025 league roster -- FantasyPros 2026 rank #294, tier 12"
Ray Davis,RB,BUF,53.1,22.6,2.0,,"not on a 2025 league roster -- FantasyPros 2026 rank #187, tier 10"
Jaylen Wright,RB,MIA,45.7,15.200000000000003,2.0,,"not on a 2025 league roster -- FantasyPros 2026 rank #242, tier 11"
Keaton Mitchell,RB,LAC,50.9,20.4,2.0,,"not on a 2025 league roster -- FantasyPros 2026 rank #144, tier 9"
Brock Purdy,QB,,177.38,0.0,2.0,5.0,
Austin Hooper,TE,ATL,48.8,0.0,1.0,,"not on a 2025 league roster -- FantasyPros 2026 rank #423, tier 15"
Ben Sinnott,TE,WAS,22.9,0.0,1.0,,"not on a 2025 league roster -- FantasyPros 2026 rank #419, tier 15"
John Bates,TE,WAS,21.8,0.0,1.0,,"not on a 2025 league roster -- FantasyPros 2026 rank #421, tier 15"
Joe Milton III,QB,DAL,10.32,0.0,1.0,,"not on a 2025 league roster -- FantasyPros 2026 rank #420, tier 15"
Jordan Whittington,WR,LAR,27.3,0.0,1.0,,"not on a 2025 league roster -- FantasyPros 2026 rank #413, tier 14"
Elijah Higgins,TE,ARI,43.1,0.0,1.0,,"not on a 2025 league roster -- FantasyPros 2026 rank #422, tier 15"
Sione Vaki,RB,DET,0.4,0.0,1.0,,"not on a 2025 league roster -- FantasyPros 2026 rank #416, tier 14"
Isaiah Williams,WR,NYJ,33.7,0.0,1.0,,"not on a 2025 league roster -- FantasyPros 2026 rank #424, tier 15"
Rasheen Ali,RB,BAL,19.7,0.0,1.0,,"not on a 2025 league roster -- FantasyPros 2026 rank #415, tier 14"
Nick Westbrook-Ikhine,WR,IND,14.4,0.0,1.0,,"not on a 2025 league roster -- FantasyPros 2026 rank #390, tier 14"
Marcus Mariota,QB,WAS,125.5,0.0,1.0,,"not on a 2025 league roster -- FantasyPros 2026 rank #410, tier 14"
Tommy Tremble,TE,CAR,50.4,0.0,1.0,,"not on a 2025 league roster -- FantasyPros 2026 rank #407, tier 14"
Luke McCaffrey,WR,WAS,45.8,0.0,1.0,,"not on a 2025 league roster -- FantasyPros 2026 rank #343, tier 13"
Dawson Knox,TE,BUF,85.7,0.0,1.0,,"not on a 2025 league roster -- FantasyPros 2026 rank #348, tier 14"
Noah Gray,TE,KC,28.3,0.0,1.0,,"not on a 2025 league roster -- FantasyPros 2026 rank #352, tier 14"
Mac Jones,QB,SF,130.04,0.0,1.0,,"not on a 2025 league roster -- FantasyPros 2026 rank #353, tier 14"
Treylon Burks,WR,WAS,24.0,0.0,1.0,,"not on a 2025 league roster -- FantasyPros 2026 rank #356, tier 14"
Ja'Tavion Sanders,TE,CAR,39.5,0.0,1.0,,"not on a 2025 league roster -- FantasyPros 2026 rank #357, tier 14"
Justin Fields,QB,KC,142.66,0.0,1.0,,"not on a 2025 league roster -- FantasyPros 2026 rank #364, tier 14"
Jawhar Jordan,RB,HOU,26.2,0.0,1.0,,"not on a 2025 league roster -- FantasyPros 2026 rank #365, tier 14"
Roman Wilson,WR,PIT,32.6,0.0,1.0,,"not on a 2025 league roster -- FantasyPros 2026 rank #367, tier 14"
Savion Williams,WR,GB,20.5,0.0,1.0,,"not on a 2025 league roster -- FantasyPros 2026 rank #372, tier 14"
Kalif Raymond,WR,CHI,48.8,0.0,1.0,,"not on a 2025 league roster -- FantasyPros 2026 rank #375, tier 14"
KaVontae Turpin,WR,DAL,71.5,3.0,1.0,,"not on a 2025 league roster -- FantasyPros 2026 rank #376, tier 14"
Raheim Sanders,RB,CLE,18.8,0.0,1.0,,"not on a 2025 league roster -- FantasyPros 2026 rank #378, tier 14"
Dont'e Thornton Jr.,WR,LV,18.5,0.0,1.0,,"not on a 2025 league roster -- FantasyPros 2026 rank #380, tier 14"
Noah Fant,TE,NO,57.8,0.0,1.0,,"not on a 2025 league roster -- FantasyPros 2026 rank #383, tier 14"
Joe Flacco,QB,CIN,146.66,0.0,1.0,,"not on a 2025 league roster -- FantasyPros 2026 rank #386, tier 14"
Tutu Atwell,WR,LAR,28.2,0.0,1.0,,"not on a 2025 league roster -- FantasyPros 2026 rank #387, tier 14"
John Metchie III,WR,CAR,55.4,0.0,1.0,,"not on a 2025 league roster -- FantasyPros 2026 rank #389, tier 14"
Daniel Bellinger,TE,TEN,50.1,0.0,1.0,,"not on a 2025 league roster -- FantasyPros 2026 rank #426, tier 15"
Phil Mafah,RB,DAL,9.9,0.0,1.0,,"not on a 2025 league roster -- FantasyPros 2026 rank #391, tier 14"
Demarcus Robinson,WR,SF,47.2,0.0,1.0,,"not on a 2025 league roster -- FantasyPros 2026 rank #393, tier 14"
Jaylin Lane,WR,WAS,29.2,0.0,1.0,,"not on a 2025 league roster -- FantasyPros 2026 rank #396, tier 14"
Devontez Walker,WR,BAL,34.6,0.0,1.0,,"not on a 2025 league roster -- FantasyPros 2026 rank #397, tier 14"
Roschon Johnson,RB,CHI,1.7,0.0,1.0,,"not on a 2025 league roster -- FantasyPros 2026 rank #398, tier 14"
Luke Musgrave,TE,GB,37.2,0.0,1.0,,"not on a 2025 league roster -- FantasyPros 2026 rank #400, tier 14"
Ashton Dulin,WR,IND,17.5,0.0,1.0,,"not on a 2025 league roster -- FantasyPros 2026 rank #402, tier 14"
Jameis Winston,QB,NYG,42.78,0.0,1.0,,"not on a 2025 league roster -- FantasyPros 2026 rank #406, tier 14"
Mitchell Evans,TE,CAR,38.7,0.0,1.0,,"not on a 2025 league roster -- FantasyPros 2026 rank #425, tier 15"
Trey Lance,QB,LAC,13.54,0.0,1.0,,"not on a 2025 league roster -- FantasyPros 2026 rank #517, tier 16"
Dyami Brown,WR,WAS,39.7,0.0,1.0,,"not on a 2025 league roster -- FantasyPros 2026 rank #428, tier 15"
Greg Dortch,WR,DET,60.6,0.0,1.0,,"not on a 2025 league roster -- FantasyPros 2026 rank #429, tier 15"
KeAndre Lambert-Smith,WR,LAC,13.6,0.0,1.0,,"not on a 2025 league roster -- FantasyPros 2026 rank #509, tier 16"
Jalen Royals,WR,KC,1.4,0.0,1.0,,"not on a 2025 league roster -- FantasyPros 2026 rank #341, tier 13"
Jordan Watkins,WR,SF,3.6,0.0,1.0,,"not on a 2025 league roster -- FantasyPros 2026 rank #473, tier 15"
Antonio Gibson,RB,FA,16.2,0.0,1.0,,"not on a 2025 league roster -- FantasyPros 2026 rank #474, tier 15"
Xavier Smith,WR,LAR,39.3,0.0,1.0,,"not on a 2025 league roster -- FantasyPros 2026 rank #475, tier 15"
Jeremy Ruckert,TE,NYJ,35.4,0.0,1.0,,"not on a 2025 league roster -- FantasyPros 2026 rank #508, tier 16"
Quinn Ewers,QB,MIA,32.68,0.0,1.0,,"not on a 2025 league roster -- FantasyPros 2026 rank #477, tier 15"
Tyson Bagent,QB,CHI,2.58,0.0,1.0,,"not on a 2025 league roster -- FantasyPros 2026 rank #506, tier 16"
Durham Smythe,TE,BAL,4.5,0.0,1.0,,"not on a 2025 league roster -- FantasyPros 2026 rank #505, tier 16"
British Brooks,RB,HOU,7.8,0.0,1.0,,"not on a 2025 league roster -- FantasyPros 2026 rank #478, tier 15"
Cade Stover,TE,HOU,13.9,0.0,1.0,,"not on a 2025 league roster -- FantasyPros 2026 rank #479, tier 15"
Jimmy Horn Jr.,WR,CAR,23.2,0.0,1.0,,"not on a 2025 league roster -- FantasyPros 2026 rank #480, tier 15"
Kene Nwangwu,RB,NYJ,4.9,0.0,1.0,,"not on a 2025 league roster -- FantasyPros 2026 rank #498, tier 16"
Adam Trautman,TE,DEN,35.5,0.0,1.0,,"not on a 2025 league roster -- FantasyPros 2026 rank #496, tier 16"
Tim Patrick,WR,NYJ,44.2,0.0,1.0,,"not on a 2025 league roster -- FantasyPros 2026 rank #481, tier 15"
Marquez Valdes-Scantling,WR,DAL,25.0,0.0,1.0,,"not on a 2025 league roster -- FantasyPros 2026 rank #484, tier 15"
Jacob Saylors,RB,DET,1.1,0.0,1.0,,"not on a 2025 league roster -- FantasyPros 2026 rank #485, tier 15"
Jackson Hawes,TE,BUF,44.7,0.0,1.0,,"not on a 2025 league roster -- FantasyPros 2026 rank #487, tier 16"
Tyrod Taylor,QB,GB,59.46,0.0,1.0,,"not on a 2025 league roster -- FantasyPros 2026 rank #488, tier 16"
Drew Sample,TE,CIN,24.4,0.0,1.0,,"not on a 2025 league roster -- FantasyPros 2026 rank #495, tier 16"
Xavier Restrepo,WR,TEN,5.6,0.0,1.0,,"not on a 2025 league roster -- FantasyPros 2026 rank #493, tier 16"
Moliki Matavao,TE,NO,2.0,0.0,1.0,,"not on a 2025 league roster -- FantasyPros 2026 rank #489, tier 16"
Jake Browning,QB,TB,48.74,0.0,1.0,,"not on a 2025 league roster -- FantasyPros 2026 rank #490, tier 16"
Tanner Hudson,TE,CIN,38.3,0.0,1.0,,"not on a 2025 league roster -- FantasyPros 2026 rank #510, tier 16"
Tyler Conklin,TE,DET,13.8,0.0,1.0,,"not on a 2025 league roster -- FantasyPros 2026 rank #511, tier 16"
Luke Schoonmaker,TE,DAL,20.2,0.0,1.0,,"not on a 2025 league roster -- FantasyPros 2026 rank #512, tier 16"
Josh Williams,RB,TB,1.1,0.0,1.0,,"not on a 2025 league roster -- FantasyPros 2026 rank #454, tier 15"
Tyler Goodson,RB,ATL,4.2,0.0,1.0,,"not on a 2025 league roster -- FantasyPros 2026 rank #430, tier 15"
Hunter Luepke,RB,DAL,30.5,0.0,1.0,,"not on a 2025 league roster -- FantasyPros 2026 rank #433, tier 15"
Dameon Pierce,RB,PHI,3.6,0.0,1.0,,"not on a 2025 league roster -- FantasyPros 2026 rank #434, tier 15"
Austin Ekeler,RB,FA,10.6,0.0,1.0,,"not on a 2025 league roster -- FantasyPros 2026 rank #435, tier 15"
Terrell Jennings,RB,FA,14.7,0.0,1.0,,"not on a 2025 league roster -- FantasyPros 2026 rank #437, tier 15"
Tai Felton,WR,MIN,4.0,0.0,1.0,,"not on a 2025 league roster -- FantasyPros 2026 rank #442, tier 15"
Zavier Scott,RB,MIN,32.2,1.7000000000000028,1.0,,"not on a 2025 league roster -- FantasyPros 2026 rank #445, tier 15"
Reggie Gilliam,RB,NE,3.8,0.0,1.0,,"not on a 2025 league roster -- FantasyPros 2026 rank #450, tier 15"
Jonnu Smith,TE,GB,66.2,0.0,1.0,,"not on a 2025 league roster -- FantasyPros 2026 rank #452, tier 15"
Ronnie Rivers,RB,LAR,4.6,0.0,1.0,,"not on a 2025 league roster -- FantasyPros 2026 rank #453, tier 15"
Dylan Laube,RB,LV,2.2,0.0,1.0,,"not on a 2025 league roster -- FantasyPros 2026 rank #455, tier 15"
Jaret Patterson,RB,LAC,24.2,0.0,1.0,,"not on a 2025 league roster -- FantasyPros 2026 rank #513, tier 16"
Jahdae Walker,WR,CHI,23.7,0.0,1.0,,"not on a 2025 league roster -- FantasyPros 2026 rank #457, tier 15"
Tyler Badie,RB,DEN,25.9,0.0,1.0,,"not on a 2025 league roster -- FantasyPros 2026 rank #460, tier 15"
Patrick Ricard,RB,NYG,1.6,0.0,1.0,,"not on a 2025 league roster -- FantasyPros 2026 rank #461, tier 15"
Elijah Moore,WR,PHI,24.1,0.0,1.0,,"not on a 2025 league roster -- FantasyPros 2026 rank #462, tier 15"
Riley Leonard,QB,IND,29.0,0.0,1.0,,"not on a 2025 league roster -- FantasyPros 2026 rank #465, tier 15"
Khalil Herbert,RB,SF,6.1,0.0,1.0,,"not on a 2025 league roster -- FantasyPros 2026 rank #466, tier 15"
DeAndre Hopkins,WR,BAL,56.0,0.0,1.0,,"not on a 2025 league roster -- FantasyPros 2026 rank #467, tier 15"
Velus Jones Jr.,WR,SEA,3.2,0.0,1.0,,"not on a 2025 league roster -- FantasyPros 2026 rank #515, tier 16"
Josh Oliver,TE,MIN,47.5,0.0,1.0,,"not on a 2025 league roster -- FantasyPros 2026 rank #468, tier 15"
Tyler Lockett,WR,LV,51.1,0.0,1.0,,"not on a 2025 league roster -- FantasyPros 2026 rank #471, tier 15"
Kendrick Bourne,WR,ARI,73.6,5.099999999999994,1.0,,"not on a 2025 league roster -- FantasyPros 2026 rank #342, tier 13"
Jordan Love,QB,GB,235.14,8.559999999999974,1.0,,"not on a 2025 league roster -- FantasyPros 2026 rank #121, tier 8"
Olamide Zaccheaus,WR,ATL,65.3,0.0,1.0,,"not on a 2025 league roster -- FantasyPros 2026 rank #340, tier 13"
Konata Mumpfield,WR,LAR,20.2,0.0,1.0,,"not on a 2025 league roster -- FantasyPros 2026 rank #339, tier 13"
Luther Burden,WR,,,,1.0,1.0,
Evan Hull,RB,,5.9,0.0,1.0,1.0,
Tet McMillan,WR,,,,1.0,1.0,
Xavier Legette,WR,,71.8,3.299999999999997,1.0,1.0,
Malik Nabers,WR,NYG,48.1,0.0,1.0,,"not on a 2025 league roster -- FantasyPros 2026 rank #23, tier 4"
Garrett Wilson,WR,NYJ,81.5,13.0,1.0,,"not on a 2025 league roster -- FantasyPros 2026 rank #29, tier 4"
Jayden Daniels,QB,WAS,114.28,0.0,1.0,,"not on a 2025 league roster -- FantasyPros 2026 rank #52, tier 6"
Sam LaPorta,TE,DET,86.9,0.0,1.0,,"not on a 2025 league roster -- FantasyPros 2026 rank #85, tier 7"
Jayden Reed,WR,GB,39.0,0.0,1.0,,"not on a 2025 league roster -- FantasyPros 2026 rank #103, tier 8"
Kyler Murray,QB,MIN,77.78,0.0,1.0,,"not on a 2025 league roster -- FantasyPros 2026 rank #112, tier 8"
Isaiah Likely,TE,NYG,48.2,0.0,1.0,,"not on a 2025 league roster -- FantasyPros 2026 rank #122, tier 8"
Tyler Shough,QB,NO,157.96,0.0,1.0,,"not on a 2025 league roster -- FantasyPros 2026 rank #125, tier 8"
Malik Willis,QB,MIA,51.18,0.0,1.0,,"not on a 2025 league roster -- FantasyPros 2026 rank #128, tier 8"
Mark Andrews,TE,BAL,107.0,12.0,1.0,,"not on a 2025 league roster -- FantasyPros 2026 rank #131, tier 9"
Sam Darnold,QB,SEA,235.42,8.839999999999975,1.0,,"not on a 2025 league roster -- FantasyPros 2026 rank #138, tier 9"
C.J. Stroud,QB,HOU,208.54,0.0,1.0,,"not on a 2025 league roster -- FantasyPros 2026 rank #139, tier 9"
Cam Ward,QB,TEN,186.66,0.0,1.0,,"not on a 2025 league roster -- FantasyPros 2026 rank #146, tier 9"
Chig Okonkwo,TE,WAS,96.0,1.0,1.0,,"not on a 2025 league roster -- FantasyPros 2026 rank #150, tier 9"
Adonai Mitchell,WR,NYJ,71.4,2.9000000000000057,1.0,,"not on a 2025 league roster -- FantasyPros 2026 rank #157, tier 9"
Bryce Young,QB,CAR,218.04,0.0,1.0,,"not on a 2025 league roster -- FantasyPros 2026 rank #160, tier 10"
Dontayvion Wicks,WR,PHI,60.8,0.0,1.0,,"not on a 2025 league roster -- FantasyPros 2026 rank #173, tier 10"
Dontayavion Wicks,WR,,,,1.0,1.0,
Cade Otton,TE,,92.7,0.0,1.0,1.0,
Tory Horton,WR,,52.6,0.0,1.0,1.0,
Devaughn Vele,WR,,53.8,0.0,1.0,,no salary on record
Zach Ertz,TE,,101.4,6.400000000000006,1.0,1.0,
Will Shipley,RB,,13.0,0.0,1.0,1.0,
JJ McCarthy,QB,,,,1.0,1.0,
Van Jefferson,WR,,55.5,0.0,1.0,1.0,
Travis Hunter,WR,,,,1.0,1.0,
Theo Johnson,TE,,105.3,10.299999999999997,1.0,1.0,
Harold Fannin Jr,TE,,,,1.0,1.0,
Mike Evans,WR,,69.8,1.2999999999999972,1.0,,no salary on record
Jacoby Brissett,QB,,227.44,0.8599999999999852,1.0,,no salary on record
Braelon Allen,RB,,14.3,0.0,1.0,,no salary on record; on IR
Daniel Jones,QB,,226.44,0.0,1.0,1.0,
Kaleb Johnson,RB,,8.3,0.0,1.0,1.0,
Ollie Gordon,RB,,,,1.0,1.0,
Kenneth Gainwell,RB,,,,1.0,1.0,
Mason Taylor,TE,,66.9,0.0,1.0,1.0,
Darren Waller,TE,,76.7,0.0,1.0,1.0,
Oronde Gadsden,TE,,,,1.0,1.0,
Brenton Strange,TE,,95.0,0.0,1.0,1.0,
Tre Harris,WR,,54.4,0.0,1.0,1.0,
Jalen McMillan,WR,,23.9,0.0,1.0,2.0,
Calvin Ridley,WR,TEN,38.8,0.0,1.0,,"not on a 2025 league roster -- FantasyPros 2026 rank #195, tier 10"
Terrance Ferguson,TE,LAR,46.6,0.0,1.0,,"not on a 2025 league roster -- FantasyPros 2026 rank #198, tier 10"
Jaylin Noel,WR,HOU,55.4,0.0,1.0,,"not on a 2025 league roster -- FantasyPros 2026 rank #201, tier 11"
Darnell Washington,TE,PIT,57.9,0.0,1.0,,"not on a 2025 league roster -- FantasyPros 2026 rank #320, tier 13"
Mike Gesicki,TE,CIN,56.7,0.0,1.0,,"not on a 2025 league roster -- FantasyPros 2026 rank #298, tier 12"
Isaiah Bond,WR,CLE,45.7,0.0,1.0,,"not on a 2025 league roster -- FantasyPros 2026 rank #301, tier 13"
Trevor Etienne,RB,CAR,10.2,0.0,1.0,,"not on a 2025 league roster -- FantasyPros 2026 rank #307, tier 13"
Jake Tonges,TE,SF,76.3,0.0,1.0,,"not on a 2025 league roster -- FantasyPros 2026 rank #309, tier 13"
Andrei Iosivas,WR,CIN,73.4,4.900000000000006,1.0,,"not on a 2025 league roster -- FantasyPros 2026 rank #313, tier 13"
Jerome Ford,RB,WAS,30.6,0.10000000000000142,1.0,,"not on a 2025 league roster -- FantasyPros 2026 rank #315, tier 13"
Jaleel McLaughlin,RB,DEN,29.4,0.0,1.0,,"not on a 2025 league roster -- FantasyPros 2026 rank #316, tier 13"
DeMario Douglas,WR,NE,80.3,11.799999999999997,1.0,,"not on a 2025 league roster -- FantasyPros 2026 rank #317, tier 13"
Tahj Brooks,RB,CIN,5.9,0.0,1.0,,"not on a 2025 league roster -- FantasyPros 2026 rank #319, tier 13"
Jahan Dotson,WR,ATL,41.2,0.0,1.0,,"not on a 2025 league roster -- FantasyPros 2026 rank #321, tier 13"
Kendre Miller,RB,NO,30.8,0.3000000000000007,1.0,,"not on a 2025 league roster -- FantasyPros 2026 rank #292, tier 12"
Tyreek Hill,WR,FA,43.0,0.0,1.0,,"not on a 2025 league roster -- FantasyPros 2026 rank #323, tier 13"
Michael Mayer,TE,LV,56.3,0.0,1.0,,"not on a 2025 league roster -- FantasyPros 2026 rank #324, tier 13"
Elijah Arroyo,TE,SEA,29.4,0.0,1.0,,"not on a 2025 league roster -- FantasyPros 2026 rank #326, tier 13"
Charlie Kolar,TE,LAC,31.2,0.0,1.0,,"not on a 2025 league roster -- FantasyPros 2026 rank #327, tier 13"
Jalen Tolbert,WR,MIA,37.3,0.0,1.0,,"not on a 2025 league roster -- FantasyPros 2026 rank #329, tier 13"
Xavier Hutchinson,WR,HOU,80.5,12.0,1.0,,"not on a 2025 league roster -- FantasyPros 2026 rank #330, tier 13"
Cole Kmet,TE,CHI,63.7,0.0,1.0,,"not on a 2025 league roster -- FantasyPros 2026 rank #333, tier 13"
Tyler Higbee,TE,LAR,58.6,0.0,1.0,,"not on a 2025 league roster -- FantasyPros 2026 rank #336, tier 13"
Tez Johnson,WR,TB,78.4,9.900000000000006,1.0,,"not on a 2025 league roster -- FantasyPros 2026 rank #337, tier 13"
Kyle Williams,WR,NE,44.2,0.0,1.0,,"not on a 2025 league roster -- FantasyPros 2026 rank #293, tier 12"
Shedeur Sanders,QB,CLE,84.9,0.0,1.0,,"not on a 2025 league roster -- FantasyPros 2026 rank #291, tier 12"
Gunnar Helm,TE,TEN,69.7,0.0,1.0,,"not on a 2025 league roster -- FantasyPros 2026 rank #206, tier 11"
Jack Bech,WR,LV,32.4,0.0,1.0,,"not on a 2025 league roster -- FantasyPros 2026 rank #248, tier 11"
Aaron Rodgers,QB,PIT,226.58,0.0,1.0,,"not on a 2025 league roster -- FantasyPros 2026 rank #209, tier 11"
Geno Smith,QB,NYJ,173.9,0.0,1.0,,"not on a 2025 league roster -- FantasyPros 2026 rank #210, tier 11"
Rashod Bateman,WR,BAL,45.9,0.0,1.0,,"not on a 2025 league roster -- FantasyPros 2026 rank #219, tier 11"
Darnell Mooney,WR,NYG,66.3,0.0,1.0,,"not on a 2025 league roster -- FantasyPros 2026 rank #220, tier 11"
Isaac TeSlaa,WR,DET,67.9,0.0,1.0,,"not on a 2025 league roster -- FantasyPros 2026 rank #223, tier 11"
Pat Freiermuth,TE,PIT,93.1,0.0,1.0,,"not on a 2025 league roster -- FantasyPros 2026 rank #229, tier 11"
Greg Dulcich,TE,MIA,49.8,0.0,1.0,,"not on a 2025 league roster -- FantasyPros 2026 rank #237, tier 11"
George Holani,RB,SEA,13.8,0.0,1.0,,"not on a 2025 league roster -- FantasyPros 2026 rank #240, tier 11"
Evan Engram,TE,DEN,77.8,0.0,1.0,,"not on a 2025 league roster -- FantasyPros 2026 rank #246, tier 11"
David Njoku,TE,LAC,69.8,0.0,1.0,,"not on a 2025 league roster -- FantasyPros 2026 rank #250, tier 11"
DJ Giddens,RB,IND,9.6,0.0,1.0,,"not on a 2025 league roster -- FantasyPros 2026 rank #285, tier 12"
LeQuint Allen Jr.,RB,JAC,19.8,0.0,1.0,,"not on a 2025 league roster -- FantasyPros 2026 rank #265, tier 12"
Tua Tagovailoa,QB,ATL,160.7,0.0,1.0,,"not on a 2025 league roster -- FantasyPros 2026 rank #269, tier 12"
Tyquan Thornton,WR,KC,71.3,2.799999999999997,1.0,,"not on a 2025 league roster -- FantasyPros 2026 rank #270, tier 12"
Chris Brooks,RB,GB,26.2,0.0,1.0,,"not on a 2025 league roster -- FantasyPros 2026 rank #273, tier 12"
Christian Kirk,WR,SF,43.9,0.0,1.0,,"not on a 2025 league roster -- FantasyPros 2026 rank #275, tier 12"
Malik Davis,RB,DAL,39.6,9.100000000000001,1.0,,"not on a 2025 league roster -- FantasyPros 2026 rank #278, tier 12"
Michael Penix Jr.,QB,ATL,120.28,0.0,1.0,,"not on a 2025 league roster -- FantasyPros 2026 rank #279, tier 12"
Marvin Mims Jr.,WR,DEN,68.5,0.0,1.0,,"not on a 2025 league roster -- FantasyPros 2026 rank #280, tier 12"
Kirk Cousins,QB,LV,103.54,0.0,1.0,,"not on a 2025 league roster -- FantasyPros 2026 rank #284, tier 12"
Lil'Jordan Humphrey,WR,DEN,28.1,0.0,1.0,,"not on a 2025 league roster -- FantasyPros 2026 rank #518, tier 16"
Jeremiyah Love,RB,ARI,,,,,"not on a 2025 league roster -- FantasyPros 2026 rank #42, tier 5"
Carnell Tate,WR,TEN,,,,,"not on a 2025 league roster -- FantasyPros 2026 rank #66, tier 6"
Jadarian Price,RB,SEA,,,,,"not on a 2025 league roster -- FantasyPros 2026 rank #70, tier 6"
Michael Pittman Jr.,WR,PIT,,,,,"not on a 2025 league roster -- FantasyPros 2026 rank #81, tier 7"
Jonathon Brooks,RB,CAR,,,,,"not on a 2025 league roster -- FantasyPros 2026 rank #89, tier 7"
Patrick Mahomes II,QB,KC,,,,,"not on a 2025 league roster -- FantasyPros 2026 rank #101, tier 8"
Makai Lemon,WR,PHI,,,,,"not on a 2025 league roster -- FantasyPros 2026 rank #108, tier 8"
KC Concepcion,WR,CLE,,,,,"not on a 2025 league roster -- FantasyPros 2026 rank #117, tier 8"
Jordyn Tyson,WR,NO,,,,,"not on a 2025 league roster -- FantasyPros 2026 rank #132, tier 9"
De'Zhaun Stribling,WR,SF,,,,,"not on a 2025 league roster -- FantasyPros 2026 rank #134, tier 9"
Denzel Boston,WR,CLE,,,,,"not on a 2025 league roster -- FantasyPros 2026 rank #145, tier 9"
Jonah Coleman,RB,DEN,,,,,"not on a 2025 league roster -- FantasyPros 2026 rank #148, tier 9"
MarShawn Lloyd,RB,GB,,,,,"not on a 2025 league roster -- FantasyPros 2026 rank #162, tier 10"
Mike Washington Jr.,RB,LV,,,,,"not on a 2025 league roster -- FantasyPros 2026 rank #163, tier 10"
Brian Robinson Jr.,RB,ATL,,,,,"not on a 2025 league roster -- FantasyPros 2026 rank #171, tier 10"
Omar Cooper Jr.,WR,NYJ,,,,,"not on a 2025 league roster -- FantasyPros 2026 rank #174, tier 10"
Emmett Johnson,RB,KC,,,,,"not on a 2025 league roster -- FantasyPros 2026 rank #183, tier 10"
Nicholas Singleton,RB,TEN,,,,,"not on a 2025 league roster -- FantasyPros 2026 rank #208, tier 11"
Kenyon Sadiq,TE,NYJ,,,,,"not on a 2025 league roster -- FantasyPros 2026 rank #211, tier 11"
Tank Dell,WR,HOU,,,,,"not on a 2025 league roster -- FantasyPros 2026 rank #214, tier 11"
Kaytron Allen,RB,WAS,,,,,"not on a 2025 league roster -- FantasyPros 2026 rank #230, tier 11"
Ja'Kobi Lane,WR,BAL,,,,,"not on a 2025 league roster -- FantasyPros 2026 rank #231, tier 11"
Germie Bernard,WR,PIT,,,,,"not on a 2025 league roster -- FantasyPros 2026 rank #234, tier 11"
Zachariah Branch,WR,ATL,,,,,"not on a 2025 league roster -- FantasyPros 2026 rank #236, tier 11"
Antonio Williams,WR,WAS,,,,,"not on a 2025 league roster -- FantasyPros 2026 rank #239, tier 11"
Caleb Douglas,WR,MIA,,,,,"not on a 2025 league roster -- FantasyPros 2026 rank #241, tier 11"
Kaelon Black,RB,SF,,,,,"not on a 2025 league roster -- FantasyPros 2026 rank #243, tier 11"
Malachi Fields,WR,NYG,,,,,"not on a 2025 league roster -- FantasyPros 2026 rank #244, tier 11"
Chris Bell,WR,MIA,,,,,"not on a 2025 league roster -- FantasyPros 2026 rank #252, tier 12"
Ted Hurst III,WR,TB,,,,,"not on a 2025 league roster -- FantasyPros 2026 rank #253, tier 12"
Fernando Mendoza,QB,LV,,,,,"not on a 2025 league roster -- FantasyPros 2026 rank #254, tier 12"
Demond Claiborne,RB,MIN,,,,,"not on a 2025 league roster -- FantasyPros 2026 rank #258, tier 12"
Cyrus Allen,WR,KC,,,,,"not on a 2025 league roster -- FantasyPros 2026 rank #264, tier 12"
Jordan James,RB,SF,,,,,"not on a 2025 league roster -- FantasyPros 2026 rank #266, tier 12"
Elijah Sarratt,WR,BAL,,,,,"not on a 2025 league roster -- FantasyPros 2026 rank #274, tier 12"
Deshaun Watson,QB,CLE,,,,,"not on a 2025 league roster -- FantasyPros 2026 rank #287, tier 12"
Seth McGowan,RB,IND,,,,,"not on a 2025 league roster -- FantasyPros 2026 rank #288, tier 12"
Eli Stowers,TE,PHI,,,,,"not on a 2025 league roster -- FantasyPros 2026 rank #290, tier 12"
Hollywood Brown,WR,PHI,,,,,"not on a 2025 league roster -- FantasyPros 2026 rank #296, tier 12"
Adam Randall,RB,BAL,,,,,"not on a 2025 league roster -- FantasyPros 2026 rank #297, tier 12"
Skyler Bell,WR,BUF,,,,,"not on a 2025 league roster -- FantasyPros 2026 rank #303, tier 13"
Brandon Aiyuk,WR,SF,,,,,"not on a 2025 league roster -- FantasyPros 2026 rank #308, tier 13"
Jarquez Hunter,RB,MIA,,,,,"not on a 2025 league roster -- FantasyPros 2026 rank #311, tier 13"
Isaac Guerendo,RB,SF,,,,,"not on a 2025 league roster -- FantasyPros 2026 rank #314, tier 13"
Audric Estime,RB,NO,,,,,"not on a 2025 league roster -- FantasyPros 2026 rank #318, tier 13"
Oscar Delp,TE,NO,,,,,"not on a 2025 league roster -- FantasyPros 2026 rank #322, tier 13"
Bryce Lance,WR,NO,,,,,"not on a 2025 league roster -- FantasyPros 2026 rank #328, tier 13"
Carson Beck,QB,ARI,,,,,"not on a 2025 league roster -- FantasyPros 2026 rank #332, tier 13"
Erick All Jr.,TE,CIN,,,,,"not on a 2025 league roster -- FantasyPros 2026 rank #334, tier 13"
Eli Raridon,TE,NE,,,,,"not on a 2025 league roster -- FantasyPros 2026 rank #338, tier 13"
Joe Mixon,RB,FA,,,,,"not on a 2025 league roster -- FantasyPros 2026 rank #346, tier 13"
Brenen Thompson,WR,LAC,,,,,"not on a 2025 league roster -- FantasyPros 2026 rank #349, tier 14"
Max Klare,TE,LAR,,,,,"not on a 2025 league roster -- FantasyPros 2026 rank #350, tier 14"
Joshua Palmer,WR,BUF,,,,,"not on a 2025 league roster -- FantasyPros 2026 rank #351, tier 14"
Chris Brazzell II,WR,CAR,,,,,"not on a 2025 league roster -- FantasyPros 2026 rank #354, tier 14"
Eli Heidenreich,RB,PIT,,,,,"not on a 2025 league roster -- FantasyPros 2026 rank #360, tier 14"
Malik Benson,WR,LV,,,,,"not on a 2025 league roster -- FantasyPros 2026 rank #363, tier 14"
Justin Joly,TE,DEN,,,,,"not on a 2025 league roster -- FantasyPros 2026 rank #366, tier 14"
Ty Simpson,QB,LAR,,,,,"not on a 2025 league roster -- FantasyPros 2026 rank #369, tier 14"
Kevin Coleman Jr.,WR,MIA,,,,,"not on a 2025 league roster -- FantasyPros 2026 rank #377, tier 14"
Zavion Thomas,WR,CHI,,,,,"not on a 2025 league roster -- FantasyPros 2026 rank #381, tier 14"
Colbie Young,WR,CIN,,,,,"not on a 2025 league roster -- FantasyPros 2026 rank #382, tier 14"
Kyle Juszczyk,RB,SF,,,,,"not on a 2025 league roster -- FantasyPros 2026 rank #384, tier 14"
Anthony Richardson Sr.,QB,IND,,,,,"not on a 2025 league roster -- FantasyPros 2026 rank #385, tier 14"
J'Mari Taylor,RB,JAC,,,,,"not on a 2025 league roster -- FantasyPros 2026 rank #392, tier 14"
CJ Daniels,WR,LAR,,,,,"not on a 2025 league roster -- FantasyPros 2026 rank #394, tier 14"
Jam Miller,RB,NE,,,,,"not on a 2025 league roster -- FantasyPros 2026 rank #412, tier 14"
Barion Brown,WR,NO,,,,,"not on a 2025 league roster -- FantasyPros 2026 rank #414, tier 14"
Cade Klubnik,QB,NYJ,,,,,"not on a 2025 league roster -- FantasyPros 2026 rank #417, tier 15"
Tommy Myers,TE,FA,,,,,"not on a 2025 league roster -- FantasyPros 2026 rank #431, tier 15"
Odell Beckham Jr.,WR,NYG,,,,,"not on a 2025 league roster -- FantasyPros 2026 rank #432, tier 15"
Deion Burks,WR,IND,,,,,"not on a 2025 league roster -- FantasyPros 2026 rank #436, tier 15"
Marlin Klein,TE,HOU,,,,,"not on a 2025 league roster -- FantasyPros 2026 rank #443, tier 15"
Matt Hibner,TE,BAL,,,,,"not on a 2025 league roster -- FantasyPros 2026 rank #446, tier 15"
Alec Ingold,RB,LAC,,,,,"not on a 2025 league roster -- FantasyPros 2026 rank #448, tier 15"
Robert Henry Jr.,RB,WAS,,,,,"not on a 2025 league roster -- FantasyPros 2026 rank #451, tier 15"
Roman Hemby,RB,LV,,,,,"not on a 2025 league roster -- FantasyPros 2026 rank #458, tier 15"
Mitch Tinsley,WR,CIN,,,,,"not on a 2025 league roster -- FantasyPros 2026 rank #459, tier 15"
Will Kacmarek,TE,MIA,,,,,"not on a 2025 league roster -- FantasyPros 2026 rank #463, tier 15"
Damien Martinez,RB,GB,,,,,"not on a 2025 league roster -- FantasyPros 2026 rank #464, tier 15"
Max Bredeson,RB,MIN,,,,,"not on a 2025 league roster -- FantasyPros 2026 rank #469, tier 15"
Tanner Koziol,TE,JAC,,,,,"not on a 2025 league roster -- FantasyPros 2026 rank #470, tier 15"
Adam Prentice,RB,DEN,,,,,"not on a 2025 league roster -- FantasyPros 2026 rank #472, tier 15"
Jacob Cowing,WR,SF,,,,,"not on a 2025 league roster -- FantasyPros 2026 rank #476, tier 15"
Lew Nichols III,RB,PIT,,,,,"not on a 2025 league roster -- FantasyPros 2026 rank #482, tier 15"
Drew Allar,QB,PIT,,,,,"not on a 2025 league roster -- FantasyPros 2026 rank #483, tier 15"
Chris Blair,WR,ATL,,,,,"not on a 2025 league roster -- FantasyPros 2026 rank #486, tier 16"
Michael Woods II,WR,DEN,,,,,"not on a 2025 league roster -- FantasyPros 2026 rank #491, tier 16"
Jalen Reagor,WR,MIA,,,,,"not on a 2025 league roster -- FantasyPros 2026 rank #492, tier 16"
Frank Gore Jr.,RB,BUF,,,,,"not on a 2025 league roster -- FantasyPros 2026 rank #494, tier 16"
Reggie Virgil,WR,ARI,,,,,"not on a 2025 league roster -- FantasyPros 2026 rank #499, tier 16"
Sam Roush,TE,CHI,,,,,"not on a 2025 league roster -- FantasyPros 2026 rank #500, tier 16"
Gardner Minshew II,QB,ARI,,,,,"not on a 2025 league roster -- FantasyPros 2026 rank #501, tier 16"
Noah Whittington,RB,HOU,,,,,"not on a 2025 league roster -- FantasyPros 2026 rank #502, tier 16"
Cash Jones,RB,ATL,,,,,"not on a 2025 league roster -- FantasyPros 2026 rank #503, tier 16"
Michael Burton,RB,CLE,,,,,"not on a 2025 league roster -- FantasyPros 2026 rank #504, tier 16"
Nate Boerkircher,TE,JAC,,,,,"not on a 2025 league roster -- FantasyPros 2026 rank #507, tier 16"
Josh Cameron,WR,JAC,,,,,"not on a 2025 league roster -- FantasyPros 2026 rank #514, tier 16"
Jaydn Ott,RB,KC,,,,,"not on a 2025 league roster -- FantasyPros 2026 rank #516, tier 16"
