player,position,nfl_team,projected_points,VBD_score,suggested_auction_price,hypothetical_open_market_value,historical_salary_if_known,notes
Jeremiyah Love,RB,ARI,202.4,150.1975,137.0,69.0,,"not on a 2025 league roster -- FantasyPros 2026 rank #42, tier 5"
Josh Jacobs,RB,,189.35,143.6725,126.0,67.0,89.0,
Bucky Irving,RB,,175.8,123.31,102.0,54.0,77.0,
Jadarian Price,RB,SEA,169.9,120.36000000000001,101.0,51.0,,"not on a 2025 league roster -- FantasyPros 2026 rank #70, tier 6"
Bhayshul Tuten,RB,,160.4,115.61000000000001,95.0,48.0,,no salary on record
Nico Collins,WR,,214.51,122.22999999999999,88.0,44.0,26.0,tagged 2025
Jaylen Warren,RB,,162.0,106.86,83.0,43.0,54.0,
Rhamondre Stevenson,RB,,157.55,104.635,80.0,41.0,32.0,
Jonathon Brooks,RB,CAR,148.6,100.16,78.0,39.0,,"not on a 2025 league roster -- FantasyPros 2026 rank #89, tier 7"
Tony Pollard,RB,,143.2,97.46,75.0,39.0,70.0,
Rashee Rice,WR,,197.11,96.1825,72.0,38.0,55.0,
DeVonta Smith,WR,,189.84,92.54750000000001,71.0,38.0,85.0,
James Cook,RB,,,,71.0,75.0,79.0,
RJ Harvey,RB,,136.65,94.185,71.0,38.0,70.0,
Tetairoa McMillan,WR,CAR,184.82,90.0375,68.0,34.0,,"not on a 2025 league roster -- FantasyPros 2026 rank #34, tier 4"
Chuba Hubbard,RB,,143.25,89.78,65.0,33.0,27.0,
Jaylen Waddle,WR,,177.9,86.57750000000001,64.0,35.0,77.0,
Kenny Gainwell,RB,TB,136.45,86.38,64.0,32.0,,"not on a 2025 league roster -- FantasyPros 2026 rank #98, tier 8"
Jordan Mason,RB,,137.2,86.755,63.0,33.0,43.0,
Trey McBride,TE,,188.05,86.65,61.0,30.0,21.0,
Tee Higgins,WR,,181.9,82.58875,60.0,32.0,72.0,
Jacory Croskey-Merritt,RB,WAS,127.0,81.655,59.0,30.0,,"not on a 2025 league roster -- FantasyPros 2026 rank #113, tier 8"
Aaron Jones Sr,RB,,,,59.0,62.0,66.0,
Rachaad White,RB,WAS,127.05,81.68,59.0,30.0,,"not on a 2025 league roster -- FantasyPros 2026 rank #111, tier 8"
Ladd McConkey,WR,,165.85,80.55250000000001,58.0,31.0,57.0,
Terry McLaurin,WR,,173.93,78.60375,57.0,31.0,83.0,
Garrett Wilson,WR,,163.37,79.3125,50.0,27.0,21.0,tagged 2025
Davante Adams,WR,,161.35,72.31375,49.0,26.0,41.0,
DJ Moore,WR,,154.17,68.72375,48.0,26.0,75.0,
Deebo Samuel,WR,,,,48.0,50.0,53.0,
Mike Evans,WR,,164.95,67.1,45.0,23.0,,no salary on record
TJ Hockenson,TE,,,,43.0,46.0,48.0,
Josh Allen,QB,,328.82,60.215,40.0,22.0,64.0,
Jameson Williams,WR,,156.45,62.849999999999994,40.0,22.0,31.0,
Chris Godwin Jr,WR,,,,37.0,39.0,41.0,
Zach Charbonnet,RB,,,,36.0,38.0,40.0,
Travis Etienne,RB,,,,35.0,37.0,39.0,
Nick Chubb,RB,,,,34.0,35.0,37.0,
Carnell Tate,WR,TEN,140.03,54.64,34.0,18.0,,"not on a 2025 league roster -- FantasyPros 2026 rank #66, tier 6"
JK Dobbins,RB,,,,34.0,35.0,37.0,
AJ Brown,WR,,,,33.0,34.0,36.0,
Amon-Ra St Brown,WR,,,,33.0,34.0,36.0,
DK Metcalf,WR,,148.53,51.52875,32.0,17.0,36.0,
Austin Ekeler,RB,,,,31.0,33.0,34.0,
Josh Downs,WR,,145.07,49.79875,30.0,15.0,26.0,
Brian Robinson Jr,RB,,,,28.0,30.0,31.0,
Kenneth Walker,RB,,,,28.0,30.0,31.0,
Michael Pittman Jr,WR,,,,27.0,29.0,30.0,
Courtland Sutton,WR,,137.35,45.93875,27.0,13.0,,no salary on record
Lamar Jackson,QB,,289.92,40.765000000000015,25.0,15.0,63.0,
Jayden Reed,WR,,143.93,43.2625,24.0,13.0,16.0,
Tucker Kraft,TE,,143.34,41.029999999999994,22.0,12.0,11.0,
Matthew Golden,WR,,127.74,35.1675,22.0,14.0,70.0,
Sam LaPorta,TE,,139.7,39.20999999999999,22.0,12.0,21.0,
Quentin Johnston,WR,,125.4,39.963750000000005,22.0,11.0,1.0,
Jakobi Meyers,WR,,131.61,37.102500000000006,21.0,12.0,39.0,
Jordan Addison,WR,,131.03,36.8125,20.0,11.0,21.0,
Stefon Diggs,WR,,130.42,36.50749999999999,20.0,11.0,,no salary on record
Keaton Mitchell,RB,,90.45,35.145833333333336,19.0,12.0,21.0,
Khalil Shakir,WR,,122.83,32.7125,19.0,12.0,53.0,
Jalen Hurts,QB,,297.46,30.51249999999999,18.0,11.0,57.0,
Drake Maye,QB,,296.32,34.035,18.0,10.0,20.0,
Joe Burrow,QB,,282.7,27.224999999999994,17.0,11.0,69.0,
Tyler Allgeier,RB,,86.65,33.24583333333334,17.0,11.0,15.0,
Jalen Coker,WR,,124.35,33.4725,17.0,9.0,3.0,
Romeo Doubs,WR,,122.25,32.4225,17.0,9.0,1.0,
Alvin Kamara,RB,,68.7,24.270833333333336,16.0,12.0,88.0,
Jayden Daniels,QB,,293.28,28.422499999999985,16.0,11.0,26.0,tagged 2025
Makai Lemon,WR,PHI,119.03,30.8125,16.0,9.0,,"not on a 2025 league roster -- FantasyPros 2026 rank #108, tier 8"
KC Concepcion,WR,CLE,118.36,30.4775,16.0,9.0,,"not on a 2025 league roster -- FantasyPros 2026 rank #117, tier 8"
Isiah Pacheco,RB,,73.93,26.885833333333338,16.0,12.0,66.0,
DeVon Achane,RB,,,,15.0,16.0,16.0,
George Kittle,TE,,130.46,24.758333333333333,15.0,10.0,64.0,
CJ Stroud,QB,,,,15.0,16.0,16.0,
Dylan Sampson,RB,CLE,79.3,29.570833333333333,15.0,9.0,,"not on a 2025 league roster -- FantasyPros 2026 rank #142, tier 9"
Ricky Pearsall,WR,,,,15.0,16.0,16.0,
Travis Kelce,TE,,129.94,24.498333333333328,13.0,8.0,36.0,
Mike Washington Jr.,RB,LV,80.65,25.167857142857148,12.0,6.0,,"not on a 2025 league roster -- FantasyPros 2026 rank #163, tier 10"
Jajuan Jennings,WR,,,,11.0,11.0,11.0,
Jonah Coleman,RB,DEN,67.3,23.570833333333333,11.0,7.0,,"not on a 2025 league roster -- FantasyPros 2026 rank #148, tier 9"
MarShawn Lloyd,RB,GB,75.39,22.537857142857145,11.0,6.0,,"not on a 2025 league roster -- FantasyPros 2026 rank #162, tier 10"
Tyrone Tracy Jr,RB,,,,11.0,11.0,11.0,
Mark Andrews,TE,,128.18,19.596666666666668,11.0,7.0,43.0,
AD Mitchell,WR,,,,11.0,11.0,11.0,
Jayden Higgins,WR,,,,10.0,10.0,10.0,
Tank Bigsby,RB,PHI,68.64,19.162857142857145,9.0,5.0,,"not on a 2025 league roster -- FantasyPros 2026 rank #159, tier 10"
Braelon Allen,RB,,68.77,19.227857142857143,9.0,5.0,,no salary on record; on IR
Dallas Goedert,TE,,119.45,19.25333333333333,9.0,5.0,,no salary on record
Isaiah Likely,TE,NYG,115.25,17.15333333333333,8.0,4.0,,"not on a 2025 league roster -- FantasyPros 2026 rank #122, tier 8"
Jake Ferguson,TE,,117.94,18.498333333333328,8.0,5.0,6.0,
Xavier Worthy,WR,,118.5,17.37642857142857,8.0,5.0,11.0,
Caleb Williams,QB,,271.0,17.2825,8.0,5.0,11.0,
Dalton Kincaid,TE,,118.1,18.578333333333326,8.0,5.0,6.0,
Dak Prescott,QB,,278.54,15.300000000000022,7.0,4.0,8.0,
Ray Davis,RB,BUF,61.54,15.612857142857145,7.0,4.0,,"not on a 2025 league roster -- FantasyPros 2026 rank #187, tier 10"
Emmett Johnson,RB,KC,63.25,16.467857142857145,7.0,4.0,,"not on a 2025 league roster -- FantasyPros 2026 rank #183, tier 10"
Marvin Harrison Jr,WR,,,,6.0,7.0,6.0,tagged 2025
Hunter Henry,TE,,119.7,15.356666666666666,6.0,4.0,2.0,
Brian Thomas Jr,WR,,,,6.0,7.0,6.0,
Kyle Pitts Sr,TE,,,,6.0,7.0,6.0,
Justin Herbert,QB,,263.56,13.5625,6.0,3.0,4.0,
Juwan Johnson,TE,,111.55,11.281666666666663,5.0,3.0,1.0,
Brenton Strange,TE,,112.65,11.831666666666667,5.0,3.0,1.0,
Kimani Vidal,RB,,54.72,12.202857142857145,5.0,3.0,1.0,
Rashid Shaheed,WR,,105.92,11.08642857142857,5.0,3.0,10.0,
Trevor Lawrence,QB,,272.04,12.050000000000022,5.0,3.0,1.0,
Denzel Boston,WR,CLE,106.28,11.26642857142857,5.0,3.0,,"not on a 2025 league roster -- FantasyPros 2026 rank #145, tier 9"
Samaje Perine,RB,CIN,68.35,10.320294117647057,4.0,3.0,,"not on a 2025 league roster -- FantasyPros 2026 rank #262, tier 12"
Dalton Schultz,TE,,109.4,10.206666666666667,4.0,3.0,1.0,
Cooper Kupp,WR,,69.66,0.0,4.0,4.0,55.0,
James Conner,RB,,42.62,0.7330000000000002,4.0,4.0,59.0,
Chris Rodriguez Jr,RB,,,,3.0,3.0,2.0,
Jared Goff,QB,,261.71,2.450499999999991,3.0,3.0,27.0,
Patrick Mahomes,QB,,254.26,1.035499999999999,3.0,3.0,36.0,
Keenan Allen,WR,,80.85,0.11038461538461501,3.0,3.0,29.0,
Brock Purdy,QB,,256.32,5.470000000000009,3.0,2.0,5.0,
Jaxson Dart,QB,,273.12,8.155500000000004,3.0,2.0,1.0,
Chig Okonkwo,TE,WAS,98.45,6.206666666666666,3.0,2.0,,"not on a 2025 league roster -- FantasyPros 2026 rank #150, tier 9"
Justice Hill,RB,BAL,57.9,5.213000000000001,2.0,2.0,,"not on a 2025 league roster -- FantasyPros 2026 rank #238, tier 11"
Keon Coleman,WR,,60.6,0.0,2.0,2.0,6.0,tagged 2025
Jaydon Blue,RB,,54.64,3.5830000000000015,2.0,2.0,4.0,
Adonai Mitchell,WR,NYJ,84.34,4.266428571428571,2.0,1.0,,"not on a 2025 league roster -- FantasyPros 2026 rank #157, tier 9"
Jordyn Tyson,WR,NO,94.75,5.50142857142857,2.0,2.0,,"not on a 2025 league roster -- FantasyPros 2026 rank #132, tier 9"
De'Zhaun Stribling,WR,SF,92.85,4.551428571428567,2.0,1.0,,"not on a 2025 league roster -- FantasyPros 2026 rank #134, tier 9"
Jordan Love,QB,,256.74,1.035499999999999,2.0,2.0,17.0,
Trey Benson,RB,,11.03,0.0,2.0,2.0,11.0,
Christian Kirk,WR,,37.77,0.0,2.0,2.0,19.0,
Rashod Bateman,WR,,79.23,0.0,2.0,2.0,15.0,
Tre Tucker,WR,,95.11,5.68142857142857,2.0,2.0,1.0,
Baker Mayfield,QB,,243.4,1.035499999999999,2.0,2.0,11.0,
Bo Nix,QB,,262.52,2.855499999999992,2.0,1.0,,no salary on record
Kyler Murray,QB,,255.34,1.035499999999999,2.0,2.0,16.0,on IR
Matthew Stafford,QB,,250.22,1.035499999999999,1.0,1.0,1.0,
Pat Bryant,WR,,79.5,0.11038461538461501,1.0,1.0,7.0,
Malik Davis,RB,DAL,30.01,0.6152941176470589,1.0,1.0,,"not on a 2025 league roster -- FantasyPros 2026 rank #278, tier 12"
Devin Neal,RB,,15.95,0.6152941176470589,1.0,1.0,1.0,
Chris Brooks,RB,GB,38.97,0.6152941176470589,1.0,1.0,,"not on a 2025 league roster -- FantasyPros 2026 rank #273, tier 12"
Kaytron Allen,RB,WAS,42.77,0.7330000000000002,1.0,1.0,,"not on a 2025 league roster -- FantasyPros 2026 rank #230, tier 11"
Cedric Tillman,WR,,19.7,0.0,1.0,1.0,5.0,
Najee Harris,RB,,41.47,0.6152941176470589,1.0,1.0,8.0,
Jordan James,RB,SF,50.45,1.3702941176470613,1.0,1.0,,"not on a 2025 league roster -- FantasyPros 2026 rank #266, tier 12"
Isaiah Davis,RB,,45.95,0.6152941176470589,1.0,1.0,1.0,
LeQuint Allen Jr.,RB,JAC,38.64,0.6152941176470589,1.0,1.0,,"not on a 2025 league roster -- FantasyPros 2026 rank #265, tier 12"
Demond Claiborne,RB,MIN,32.59,0.6152941176470589,1.0,1.0,,"not on a 2025 league roster -- FantasyPros 2026 rank #258, tier 12"
Sean Tucker,RB,TB,48.94,0.7330000000000002,1.0,1.0,,"not on a 2025 league roster -- FantasyPros 2026 rank #202, tier 11"
Jalen Nailor,WR,LV,94.21,1.0753846153846114,1.0,1.0,,"not on a 2025 league roster -- FantasyPros 2026 rank #185, tier 10"
Kendre Miller,RB,NO,19.51,0.6152941176470589,1.0,1.0,,"not on a 2025 league roster -- FantasyPros 2026 rank #292, tier 12"
George Holani,RB,SEA,36.01,0.7330000000000002,1.0,1.0,,"not on a 2025 league roster -- FantasyPros 2026 rank #240, tier 11"
Seth McGowan,RB,IND,34.66,0.6152941176470589,1.0,1.0,,"not on a 2025 league roster -- FantasyPros 2026 rank #288, tier 12"
Jaylen Wright,RB,MIA,47.44,0.7330000000000002,1.0,1.0,,"not on a 2025 league roster -- FantasyPros 2026 rank #242, tier 11"
DJ Giddens,RB,IND,33.72,0.6152941176470589,1.0,1.0,,"not on a 2025 league roster -- FantasyPros 2026 rank #285, tier 12"
Kaelon Black,RB,SF,47.43,0.7330000000000002,1.0,1.0,,"not on a 2025 league roster -- FantasyPros 2026 rank #243, tier 11"
Nicholas Singleton,RB,TEN,48.11,0.7330000000000002,1.0,1.0,,"not on a 2025 league roster -- FantasyPros 2026 rank #208, tier 11"
Tyler Shough,QB,NO,258.88,1.035499999999999,1.0,1.0,,"not on a 2025 league roster -- FantasyPros 2026 rank #125, tier 8"
Adam Randall,RB,BAL,33.18,0.6152941176470589,1.0,1.0,,"not on a 2025 league roster -- FantasyPros 2026 rank #297, tier 12"
Emanuel Wilson,RB,,38.92,0.7330000000000002,1.0,1.0,1.0,
Malik Willis,QB,MIA,253.88,1.035499999999999,1.0,1.0,,"not on a 2025 league roster -- FantasyPros 2026 rank #128, tier 8"
Emari Demercado,RB,KC,26.21,0.6152941176470589,1.0,1.0,,"not on a 2025 league roster -- FantasyPros 2026 rank #295, tier 12"
Brashard Smith,RB,KC,31.53,0.6152941176470589,1.0,1.0,,"not on a 2025 league roster -- FantasyPros 2026 rank #294, tier 12"
Jalen McMillan,WR,,92.48,0.21038461538461645,1.0,1.0,2.0,
Devin Singletary,RB,NYG,24.69,0.6152941176470589,1.0,1.0,,"not on a 2025 league roster -- FantasyPros 2026 rank #299, tier 12"
Jameis Winston,QB,NYG,,,0.0,1.0,16.0,"not on a 2025 league roster -- FantasyPros 2026 rank #406, tier 14; anchor imputed via position_median_fallback"
Ashton Dulin,WR,IND,25.13,0.0,0.0,1.0,,"not on a 2025 league roster -- FantasyPros 2026 rank #402, tier 14"
Luke Musgrave,TE,GB,,,0.0,1.0,1.0,"not on a 2025 league roster -- FantasyPros 2026 rank #400, tier 14; anchor imputed via position_median_fallback"
Tommy Tremble,TE,CAR,27.95,0.0,0.0,1.0,,"not on a 2025 league roster -- FantasyPros 2026 rank #407, tier 14"
Marcus Mariota,QB,WAS,,,0.0,1.0,16.0,"not on a 2025 league roster -- FantasyPros 2026 rank #410, tier 14; anchor imputed via position_median_fallback"
Joe Flacco,QB,CIN,28.58,0.0,0.0,1.0,,"not on a 2025 league roster -- FantasyPros 2026 rank #386, tier 14"
Tutu Atwell,WR,LAR,22.9,0.0,0.0,1.0,,"not on a 2025 league roster -- FantasyPros 2026 rank #387, tier 14"
John Metchie III,WR,CAR,27.49,0.0,0.0,1.0,,"not on a 2025 league roster -- FantasyPros 2026 rank #389, tier 14"
Nick Westbrook-Ikhine,WR,IND,,,0.0,1.0,15.0,"not on a 2025 league roster -- FantasyPros 2026 rank #390, tier 14; anchor imputed via position_median_fallback"
Phil Mafah,RB,DAL,14.11,0.0,0.0,1.0,,"not on a 2025 league roster -- FantasyPros 2026 rank #391, tier 14"
J'Mari Taylor,RB,JAC,,,0.0,1.0,1.0,"not on a 2025 league roster -- FantasyPros 2026 rank #392, tier 14; anchor imputed via tier_median_fallback"
Demarcus Robinson,WR,SF,28.84,0.0,0.0,1.0,,"not on a 2025 league roster -- FantasyPros 2026 rank #393, tier 14"
CJ Daniels,WR,LAR,23.65,0.0,0.0,1.0,,"not on a 2025 league roster -- FantasyPros 2026 rank #394, tier 14"
Kevin Coleman Jr.,WR,MIA,,,0.0,1.0,15.0,"not on a 2025 league roster -- FantasyPros 2026 rank #377, tier 14; anchor imputed via position_median_fallback"
Raheim Sanders,RB,CLE,16.41,0.0,0.0,1.0,,"not on a 2025 league roster -- FantasyPros 2026 rank #378, tier 14"
Dont'e Thornton Jr.,WR,LV,,,0.0,1.0,15.0,"not on a 2025 league roster -- FantasyPros 2026 rank #380, tier 14; anchor imputed via position_median_fallback"
Zavion Thomas,WR,CHI,32.09,0.0,0.0,1.0,,"not on a 2025 league roster -- FantasyPros 2026 rank #381, tier 14"
Colbie Young,WR,CIN,33.1,0.0,0.0,1.0,,"not on a 2025 league roster -- FantasyPros 2026 rank #382, tier 14"
Noah Fant,TE,NO,29.15,0.0,0.0,1.0,,"not on a 2025 league roster -- FantasyPros 2026 rank #383, tier 14"
Roschon Johnson,RB,CHI,12.5,0.0,0.0,1.0,,"not on a 2025 league roster -- FantasyPros 2026 rank #398, tier 14"
Max Klare,TE,LAR,,,0.0,1.0,1.0,"not on a 2025 league roster -- FantasyPros 2026 rank #350, tier 14; anchor imputed via position_median_fallback"
Brenen Thompson,WR,LAC,36.51,0.0,0.0,1.0,,"not on a 2025 league roster -- FantasyPros 2026 rank #349, tier 14"
Dawson Knox,TE,BUF,58.6,0.0,0.0,1.0,,"not on a 2025 league roster -- FantasyPros 2026 rank #348, tier 14"
Joe Mixon,RB,FA,,,0.0,1.0,1.0,"not on a 2025 league roster -- FantasyPros 2026 rank #346, tier 13; anchor imputed via tier_median_fallback"
Bam Knight,RB,ARI,6.21,0.0,0.0,1.0,,"not on a 2025 league roster -- FantasyPros 2026 rank #344, tier 13"
Luke McCaffrey,WR,WAS,24.25,0.0,0.0,1.0,,"not on a 2025 league roster -- FantasyPros 2026 rank #343, tier 13"
Kendrick Bourne,WR,ARI,56.62,0.0,0.0,1.0,,"not on a 2025 league roster -- FantasyPros 2026 rank #342, tier 13"
Bryce Lance,WR,NO,36.45,0.0,0.0,1.0,,"not on a 2025 league roster -- FantasyPros 2026 rank #328, tier 13"
Malik Benson,WR,LV,41.85,0.0,0.0,1.0,,"not on a 2025 league roster -- FantasyPros 2026 rank #363, tier 14"
Eli Heidenreich,RB,PIT,,,0.0,1.0,1.0,"not on a 2025 league roster -- FantasyPros 2026 rank #360, tier 14; anchor imputed via tier_median_fallback"
Ja'Tavion Sanders,TE,CAR,29.55,0.0,0.0,1.0,,"not on a 2025 league roster -- FantasyPros 2026 rank #357, tier 14"
Treylon Burks,WR,WAS,37.54,0.0,0.0,1.0,,"not on a 2025 league roster -- FantasyPros 2026 rank #356, tier 14"
Chris Brazzell II,WR,CAR,,,0.0,1.0,15.0,"not on a 2025 league roster -- FantasyPros 2026 rank #354, tier 14; anchor imputed via position_median_fallback"
Mac Jones,QB,SF,27.06,0.0,0.0,1.0,,"not on a 2025 league roster -- FantasyPros 2026 rank #353, tier 14"
Noah Gray,TE,KC,42.1,0.0,0.0,1.0,,"not on a 2025 league roster -- FantasyPros 2026 rank #352, tier 14"
Joshua Palmer,WR,BUF,37.3,0.0,0.0,1.0,,"not on a 2025 league roster -- FantasyPros 2026 rank #351, tier 14"
Jalen Royals,WR,KC,,,0.0,1.0,5.0,"not on a 2025 league roster -- FantasyPros 2026 rank #341, tier 13; anchor imputed via tier_median_fallback"
Devontez Walker,WR,BAL,35.2,0.0,0.0,1.0,,"not on a 2025 league roster -- FantasyPros 2026 rank #397, tier 14"
Jaylin Lane,WR,WAS,,,0.0,1.0,15.0,"not on a 2025 league roster -- FantasyPros 2026 rank #396, tier 14; anchor imputed via position_median_fallback"
Xavier Hutchinson,WR,HOU,33.06,0.0,0.0,1.0,,"not on a 2025 league roster -- FantasyPros 2026 rank #330, tier 13"
Jalen Tolbert,WR,MIA,43.35,0.0,0.0,1.0,,"not on a 2025 league roster -- FantasyPros 2026 rank #329, tier 13"
Charlie Kolar,TE,LAC,48.57,0.0,0.0,1.0,,"not on a 2025 league roster -- FantasyPros 2026 rank #327, tier 13"
Elijah Arroyo,TE,SEA,52.8,0.0,0.0,1.0,,"not on a 2025 league roster -- FantasyPros 2026 rank #326, tier 13"
Michael Mayer,TE,LV,58.35,0.0,0.0,1.0,,"not on a 2025 league roster -- FantasyPros 2026 rank #324, tier 13"
Carson Beck,QB,ARI,51.46,0.0,0.0,1.0,,"not on a 2025 league roster -- FantasyPros 2026 rank #332, tier 13"
Oscar Delp,TE,NO,34.7,0.0,0.0,1.0,,"not on a 2025 league roster -- FantasyPros 2026 rank #322, tier 13"
Olamide Zaccheaus,WR,ATL,41.59,0.0,0.0,1.0,,"not on a 2025 league roster -- FantasyPros 2026 rank #340, tier 13"
Konata Mumpfield,WR,LAR,,,0.0,1.0,5.0,"not on a 2025 league roster -- FantasyPros 2026 rank #339, tier 13; anchor imputed via tier_median_fallback"
Eli Raridon,TE,NE,33.55,0.0,0.0,1.0,,"not on a 2025 league roster -- FantasyPros 2026 rank #338, tier 13"
Tez Johnson,WR,TB,33.4,0.0,0.0,1.0,,"not on a 2025 league roster -- FantasyPros 2026 rank #337, tier 13"
Tyler Higbee,TE,LAR,33.6,0.0,0.0,1.0,,"not on a 2025 league roster -- FantasyPros 2026 rank #336, tier 13"
Erick All Jr.,TE,CIN,52.0,0.0,0.0,1.0,,"not on a 2025 league roster -- FantasyPros 2026 rank #334, tier 13"
Cole Kmet,TE,CHI,53.05,0.0,0.0,1.0,,"not on a 2025 league roster -- FantasyPros 2026 rank #333, tier 13"
Tyreek Hill,WR,FA,,,0.0,1.0,5.0,"not on a 2025 league roster -- FantasyPros 2026 rank #323, tier 13; anchor imputed via tier_median_fallback"
Jordan Watkins,WR,SF,,,0.0,1.0,1.0,"not on a 2025 league roster -- FantasyPros 2026 rank #473, tier 15; anchor imputed via tier_median_fallback"
Adam Prentice,RB,DEN,,,0.0,1.0,34.0,"not on a 2025 league roster -- FantasyPros 2026 rank #472, tier 15; anchor imputed via tier_median_fallback"
Tyler Lockett,WR,LV,22.8,0.0,0.0,1.0,,"not on a 2025 league roster -- FantasyPros 2026 rank #471, tier 15"
Tanner Koziol,TE,JAC,,,0.0,1.0,1.0,"not on a 2025 league roster -- FantasyPros 2026 rank #470, tier 15; anchor imputed via tier_median_fallback"
Tyrod Taylor,QB,GB,,,0.0,1.0,16.0,"not on a 2025 league roster -- FantasyPros 2026 rank #488, tier 16; anchor imputed via position_median_fallback"
Trey Lance,QB,LAC,,,0.0,1.0,16.0,"not on a 2025 league roster -- FantasyPros 2026 rank #517, tier 16; anchor imputed via position_median_fallback"
Drew Allar,QB,PIT,,,0.0,1.0,16.0,"not on a 2025 league roster -- FantasyPros 2026 rank #483, tier 15; anchor imputed via position_median_fallback"
Lew Nichols III,RB,PIT,,,0.0,1.0,34.0,"not on a 2025 league roster -- FantasyPros 2026 rank #482, tier 15; anchor imputed via tier_median_fallback"
Justin Joly,TE,DEN,,,0.0,1.0,1.0,"not on a 2025 league roster -- FantasyPros 2026 rank #366, tier 14; anchor imputed via position_median_fallback"
Jimmy Horn Jr.,WR,CAR,,,0.0,1.0,1.0,"not on a 2025 league roster -- FantasyPros 2026 rank #480, tier 15; anchor imputed via tier_median_fallback"
Cade Stover,TE,HOU,,,0.0,1.0,1.0,"not on a 2025 league roster -- FantasyPros 2026 rank #479, tier 15; anchor imputed via tier_median_fallback"
British Brooks,RB,HOU,,,0.0,1.0,34.0,"not on a 2025 league roster -- FantasyPros 2026 rank #478, tier 15; anchor imputed via tier_median_fallback"
Moliki Matavao,TE,NO,,,0.0,1.0,1.0,"not on a 2025 league roster -- FantasyPros 2026 rank #489, tier 16; anchor imputed via position_median_fallback"
Ben Sinnott,TE,WAS,28.2,0.0,0.0,1.0,,"not on a 2025 league roster -- FantasyPros 2026 rank #419, tier 15"
Cade Klubnik,QB,NYJ,,,0.0,1.0,16.0,"not on a 2025 league roster -- FantasyPros 2026 rank #417, tier 15; anchor imputed via position_median_fallback"
Sione Vaki,RB,DET,,,0.0,1.0,1.0,"not on a 2025 league roster -- FantasyPros 2026 rank #416, tier 14; anchor imputed via tier_median_fallback"
Rasheen Ali,RB,BAL,,,0.0,1.0,1.0,"not on a 2025 league roster -- FantasyPros 2026 rank #415, tier 14; anchor imputed via tier_median_fallback"
Tim Patrick,WR,NYJ,14.07,0.0,0.0,1.0,,"not on a 2025 league roster -- FantasyPros 2026 rank #481, tier 15"
Tyler Badie,RB,DEN,,,0.0,1.0,34.0,"not on a 2025 league roster -- FantasyPros 2026 rank #460, tier 15; anchor imputed via tier_median_fallback"
Mitch Tinsley,WR,CIN,,,0.0,1.0,1.0,"not on a 2025 league roster -- FantasyPros 2026 rank #459, tier 15; anchor imputed via tier_median_fallback"
Roman Hemby,RB,LV,,,0.0,1.0,34.0,"not on a 2025 league roster -- FantasyPros 2026 rank #458, tier 15; anchor imputed via tier_median_fallback"
Jahdae Walker,WR,CHI,29.43,0.0,0.0,1.0,,"not on a 2025 league roster -- FantasyPros 2026 rank #457, tier 15"
Dylan Laube,RB,LV,,,0.0,1.0,34.0,"not on a 2025 league roster -- FantasyPros 2026 rank #455, tier 15; anchor imputed via tier_median_fallback"
Josh Williams,RB,TB,,,0.0,1.0,34.0,"not on a 2025 league roster -- FantasyPros 2026 rank #454, tier 15; anchor imputed via tier_median_fallback"
Ronnie Rivers,RB,LAR,,,0.0,1.0,34.0,"not on a 2025 league roster -- FantasyPros 2026 rank #453, tier 15; anchor imputed via tier_median_fallback"
Max Bredeson,RB,MIN,,,0.0,1.0,34.0,"not on a 2025 league roster -- FantasyPros 2026 rank #469, tier 15; anchor imputed via tier_median_fallback"
Antonio Gibson,RB,FA,,,0.0,1.0,34.0,"not on a 2025 league roster -- FantasyPros 2026 rank #474, tier 15; anchor imputed via tier_median_fallback"
DeAndre Hopkins,WR,BAL,2.0,0.0,0.0,1.0,,"not on a 2025 league roster -- FantasyPros 2026 rank #467, tier 15"
Khalil Herbert,RB,SF,,,0.0,1.0,34.0,"not on a 2025 league roster -- FantasyPros 2026 rank #466, tier 15; anchor imputed via tier_median_fallback"
Riley Leonard,QB,IND,,,0.0,1.0,16.0,"not on a 2025 league roster -- FantasyPros 2026 rank #465, tier 15; anchor imputed via position_median_fallback"
Damien Martinez,RB,GB,,,0.0,1.0,34.0,"not on a 2025 league roster -- FantasyPros 2026 rank #464, tier 15; anchor imputed via tier_median_fallback"
Will Kacmarek,TE,MIA,,,0.0,1.0,1.0,"not on a 2025 league roster -- FantasyPros 2026 rank #463, tier 15; anchor imputed via tier_median_fallback"
Elijah Moore,WR,PHI,,,0.0,1.0,1.0,"not on a 2025 league roster -- FantasyPros 2026 rank #462, tier 15; anchor imputed via tier_median_fallback"
Quinn Ewers,QB,MIA,,,0.0,1.0,16.0,"not on a 2025 league roster -- FantasyPros 2026 rank #477, tier 15; anchor imputed via position_median_fallback"
Jacob Cowing,WR,SF,,,0.0,1.0,1.0,"not on a 2025 league roster -- FantasyPros 2026 rank #476, tier 15; anchor imputed via tier_median_fallback"
Xavier Smith,WR,LAR,,,0.0,1.0,1.0,"not on a 2025 league roster -- FantasyPros 2026 rank #475, tier 15; anchor imputed via tier_median_fallback"
Josh Oliver,TE,MIN,33.3,0.0,0.0,1.0,,"not on a 2025 league roster -- FantasyPros 2026 rank #468, tier 15"
Robert Henry Jr.,RB,WAS,,,0.0,1.0,34.0,"not on a 2025 league roster -- FantasyPros 2026 rank #451, tier 15; anchor imputed via tier_median_fallback"
Reggie Gilliam,RB,NE,,,0.0,1.0,34.0,"not on a 2025 league roster -- FantasyPros 2026 rank #450, tier 15; anchor imputed via tier_median_fallback"
Jeremy McNichols,RB,WAS,,,0.0,1.0,34.0,"not on a 2025 league roster -- FantasyPros 2026 rank #449, tier 15; anchor imputed via tier_median_fallback"
Alec Ingold,RB,LAC,,,0.0,1.0,34.0,"not on a 2025 league roster -- FantasyPros 2026 rank #448, tier 15; anchor imputed via tier_median_fallback"
Matt Hibner,TE,BAL,,,0.0,1.0,1.0,"not on a 2025 league roster -- FantasyPros 2026 rank #446, tier 15; anchor imputed via tier_median_fallback"
Zavier Scott,RB,MIN,,,0.0,1.0,34.0,"not on a 2025 league roster -- FantasyPros 2026 rank #445, tier 15; anchor imputed via tier_median_fallback"
Marlin Klein,TE,HOU,27.9,0.0,0.0,1.0,,"not on a 2025 league roster -- FantasyPros 2026 rank #443, tier 15"
KaVontae Turpin,WR,DAL,56.6,0.0,0.0,1.0,,"not on a 2025 league roster -- FantasyPros 2026 rank #376, tier 14"
Barion Brown,WR,NO,,,0.0,1.0,15.0,"not on a 2025 league roster -- FantasyPros 2026 rank #414, tier 14; anchor imputed via position_median_fallback"
Savion Williams,WR,GB,38.77,0.0,0.0,1.0,,"not on a 2025 league roster -- FantasyPros 2026 rank #372, tier 14"
Ty Simpson,QB,LAR,,,0.0,1.0,16.0,"not on a 2025 league roster -- FantasyPros 2026 rank #369, tier 14; anchor imputed via position_median_fallback"
Roman Wilson,WR,PIT,42.4,0.0,0.0,1.0,,"not on a 2025 league roster -- FantasyPros 2026 rank #367, tier 14"
Shedeur Sanders,QB,CLE,101.58,0.0,0.0,1.0,,"not on a 2025 league roster -- FantasyPros 2026 rank #291, tier 12"
Jawhar Jordan,RB,HOU,21.18,0.0,0.0,1.0,,"not on a 2025 league roster -- FantasyPros 2026 rank #365, tier 14"
Justin Fields,QB,KC,40.19,0.0,0.0,1.0,,"not on a 2025 league roster -- FantasyPros 2026 rank #364, tier 14"
Anthony Richardson Sr.,QB,IND,,,0.0,1.0,16.0,"not on a 2025 league roster -- FantasyPros 2026 rank #385, tier 14; anchor imputed via position_median_fallback"
Kyle Juszczyk,RB,SF,,,0.0,1.0,1.0,"not on a 2025 league roster -- FantasyPros 2026 rank #384, tier 14; anchor imputed via tier_median_fallback"
Kalif Raymond,WR,CHI,32.99,0.0,0.0,1.0,,"not on a 2025 league roster -- FantasyPros 2026 rank #375, tier 14"
Jordan Whittington,WR,LAR,,,0.0,1.0,15.0,"not on a 2025 league roster -- FantasyPros 2026 rank #413, tier 14; anchor imputed via position_median_fallback"
Jam Miller,RB,NE,,,0.0,1.0,1.0,"not on a 2025 league roster -- FantasyPros 2026 rank #412, tier 14; anchor imputed via tier_median_fallback"
Greg Dortch,WR,DET,31.14,0.0,0.0,1.0,,"not on a 2025 league roster -- FantasyPros 2026 rank #429, tier 15"
Dyami Brown,WR,WAS,,,0.0,1.0,1.0,"not on a 2025 league roster -- FantasyPros 2026 rank #428, tier 15; anchor imputed via tier_median_fallback"
Daniel Bellinger,TE,TEN,39.7,0.0,0.0,1.0,,"not on a 2025 league roster -- FantasyPros 2026 rank #426, tier 15"
Mitchell Evans,TE,CAR,16.86,0.0,0.0,1.0,,"not on a 2025 league roster -- FantasyPros 2026 rank #425, tier 15"
Isaiah Williams,WR,NYJ,,,0.0,1.0,1.0,"not on a 2025 league roster -- FantasyPros 2026 rank #424, tier 15; anchor imputed via tier_median_fallback"
Austin Hooper,TE,ATL,31.35,0.0,0.0,1.0,,"not on a 2025 league roster -- FantasyPros 2026 rank #423, tier 15"
Chris Blair,WR,ATL,,,0.0,1.0,15.0,"not on a 2025 league roster -- FantasyPros 2026 rank #486, tier 16; anchor imputed via position_median_fallback"
John Bates,TE,WAS,,,0.0,1.0,1.0,"not on a 2025 league roster -- FantasyPros 2026 rank #421, tier 15; anchor imputed via tier_median_fallback"
Tai Felton,WR,MIN,,,0.0,1.0,1.0,"not on a 2025 league roster -- FantasyPros 2026 rank #442, tier 15; anchor imputed via tier_median_fallback"
Terrell Jennings,RB,FA,,,0.0,1.0,34.0,"not on a 2025 league roster -- FantasyPros 2026 rank #437, tier 15; anchor imputed via tier_median_fallback"
Deion Burks,WR,IND,,,0.0,1.0,1.0,"not on a 2025 league roster -- FantasyPros 2026 rank #436, tier 15; anchor imputed via tier_median_fallback"
Dameon Pierce,RB,PHI,,,0.0,1.0,34.0,"not on a 2025 league roster -- FantasyPros 2026 rank #434, tier 15; anchor imputed via tier_median_fallback"
Hunter Luepke,RB,DAL,,,0.0,1.0,34.0,"not on a 2025 league roster -- FantasyPros 2026 rank #433, tier 15; anchor imputed via tier_median_fallback"
Odell Beckham Jr.,WR,NYG,,,0.0,1.0,1.0,"not on a 2025 league roster -- FantasyPros 2026 rank #432, tier 15; anchor imputed via tier_median_fallback"
Tommy Myers,TE,FA,,,0.0,1.0,1.0,"not on a 2025 league roster -- FantasyPros 2026 rank #431, tier 15; anchor imputed via tier_median_fallback"
Tyler Goodson,RB,ATL,11.22,0.0,0.0,1.0,,"not on a 2025 league roster -- FantasyPros 2026 rank #430, tier 15"
Elijah Higgins,TE,ARI,36.0,0.0,0.0,1.0,,"not on a 2025 league roster -- FantasyPros 2026 rank #422, tier 15"
Xavier Legette,WR,,60.63,0.0,0.0,1.0,1.0,
Jake Browning,QB,TB,,,0.0,1.0,16.0,"not on a 2025 league roster -- FantasyPros 2026 rank #490, tier 16; anchor imputed via position_median_fallback"
Daniel Jones,QB,,223.84,0.0,0.0,1.0,1.0,
Tory Horton,WR,,55.15,0.0,0.0,1.0,1.0,
Elic Ayomanor,WR,,45.4,0.0,0.0,1.0,1.0,
Cade Otton,TE,,85.45,0.0,0.0,1.0,1.0,
Dontayavion Wicks,WR,,,,0.0,1.0,1.0,
Troy Franklin,WR,,51.54,0.0,0.0,1.0,1.0,
Luther Burden,WR,,,,0.0,1.0,1.0,
Tanner Hudson,TE,CIN,18.22,0.0,0.0,1.0,,"not on a 2025 league roster -- FantasyPros 2026 rank #510, tier 16"
Tyler Conklin,TE,DET,2.97,0.0,0.0,1.0,,"not on a 2025 league roster -- FantasyPros 2026 rank #511, tier 16"
Luke Schoonmaker,TE,DAL,,,0.0,1.0,1.0,"not on a 2025 league roster -- FantasyPros 2026 rank #512, tier 16; anchor imputed via position_median_fallback"
Jaret Patterson,RB,LAC,,,0.0,1.0,21.0,"not on a 2025 league roster -- FantasyPros 2026 rank #513, tier 16; anchor imputed via position_median_fallback"
Josh Cameron,WR,JAC,,,0.0,1.0,15.0,"not on a 2025 league roster -- FantasyPros 2026 rank #514, tier 16; anchor imputed via position_median_fallback"
Velus Jones Jr.,WR,SEA,,,0.0,1.0,15.0,"not on a 2025 league roster -- FantasyPros 2026 rank #515, tier 16; anchor imputed via position_median_fallback"
Kyle Williams,WR,NE,37.34,0.0,0.0,1.0,,"not on a 2025 league roster -- FantasyPros 2026 rank #293, tier 12"
Noah Whittington,RB,HOU,,,0.0,1.0,21.0,"not on a 2025 league roster -- FantasyPros 2026 rank #502, tier 16; anchor imputed via position_median_fallback"
Cash Jones,RB,ATL,,,0.0,1.0,21.0,"not on a 2025 league roster -- FantasyPros 2026 rank #503, tier 16; anchor imputed via position_median_fallback"
Michael Burton,RB,CLE,,,0.0,1.0,21.0,"not on a 2025 league roster -- FantasyPros 2026 rank #504, tier 16; anchor imputed via position_median_fallback"
Durham Smythe,TE,BAL,,,0.0,1.0,1.0,"not on a 2025 league roster -- FantasyPros 2026 rank #505, tier 16; anchor imputed via position_median_fallback"
Tyson Bagent,QB,CHI,,,0.0,1.0,16.0,"not on a 2025 league roster -- FantasyPros 2026 rank #506, tier 16; anchor imputed via position_median_fallback"
Nate Boerkircher,TE,JAC,,,0.0,1.0,1.0,"not on a 2025 league roster -- FantasyPros 2026 rank #507, tier 16; anchor imputed via position_median_fallback"
Jeremy Ruckert,TE,NYJ,,,0.0,1.0,1.0,"not on a 2025 league roster -- FantasyPros 2026 rank #508, tier 16; anchor imputed via position_median_fallback"
Jackson Hawes,TE,BUF,26.45,0.0,0.0,1.0,,"not on a 2025 league roster -- FantasyPros 2026 rank #487, tier 16"
Kaleb Johnson,RB,,,,0.0,1.0,1.0,
Ollie Gordon,RB,,,,0.0,1.0,1.0,
Mason Taylor,TE,,58.65,0.0,0.0,1.0,1.0,
Malik Washington,WR,,92.28,0.11038461538461501,0.0,1.0,1.0,
Terrance Ferguson,TE,LAR,82.7,0.0,0.0,1.0,,"not on a 2025 league roster -- FantasyPros 2026 rank #198, tier 10"
Jaylin Noel,WR,HOU,77.12,0.0,0.0,1.0,,"not on a 2025 league roster -- FantasyPros 2026 rank #201, tier 11"
Jaydn Ott,RB,KC,,,0.0,1.0,21.0,"not on a 2025 league roster -- FantasyPros 2026 rank #516, tier 16; anchor imputed via position_median_fallback"
Jalen Reagor,WR,MIA,,,0.0,1.0,15.0,"not on a 2025 league roster -- FantasyPros 2026 rank #492, tier 16; anchor imputed via position_median_fallback"
Xavier Restrepo,WR,TEN,,,0.0,1.0,15.0,"not on a 2025 league roster -- FantasyPros 2026 rank #493, tier 16; anchor imputed via position_median_fallback"
Frank Gore Jr.,RB,BUF,,,0.0,1.0,21.0,"not on a 2025 league roster -- FantasyPros 2026 rank #494, tier 16; anchor imputed via position_median_fallback"
Drew Sample,TE,CIN,,,0.0,1.0,1.0,"not on a 2025 league roster -- FantasyPros 2026 rank #495, tier 16; anchor imputed via position_median_fallback"
Adam Trautman,TE,DEN,28.15,0.0,0.0,1.0,,"not on a 2025 league roster -- FantasyPros 2026 rank #496, tier 16"
Kene Nwangwu,RB,NYJ,,,0.0,1.0,21.0,"not on a 2025 league roster -- FantasyPros 2026 rank #498, tier 16; anchor imputed via position_median_fallback"
Reggie Virgil,WR,ARI,,,0.0,1.0,15.0,"not on a 2025 league roster -- FantasyPros 2026 rank #499, tier 16; anchor imputed via position_median_fallback"
Sam Roush,TE,CHI,,,0.0,1.0,1.0,"not on a 2025 league roster -- FantasyPros 2026 rank #500, tier 16; anchor imputed via position_median_fallback"
Gardner Minshew II,QB,ARI,,,0.0,1.0,16.0,"not on a 2025 league roster -- FantasyPros 2026 rank #501, tier 16; anchor imputed via position_median_fallback"
Joe Milton III,QB,DAL,,,0.0,1.0,16.0,"not on a 2025 league roster -- FantasyPros 2026 rank #420, tier 15; anchor imputed via position_median_fallback"
Patrick Ricard,RB,NYG,,,0.0,1.0,34.0,"not on a 2025 league roster -- FantasyPros 2026 rank #461, tier 15; anchor imputed via tier_median_fallback"
Jonnu Smith,TE,GB,,,0.0,1.0,1.0,"not on a 2025 league roster -- FantasyPros 2026 rank #452, tier 15; anchor imputed via tier_median_fallback"
KeAndre Lambert-Smith,WR,LAC,,,0.0,1.0,15.0,"not on a 2025 league roster -- FantasyPros 2026 rank #509, tier 16; anchor imputed via position_median_fallback"
Lil'Jordan Humphrey,WR,DEN,14.96,0.0,0.0,1.0,,"not on a 2025 league roster -- FantasyPros 2026 rank #518, tier 16"
Zach Ertz,TE,,,,0.0,1.0,1.0,
Tet McMillan,WR,,,,0.0,1.0,1.0,
Michael Carter,RB,,6.54,0.0,0.0,1.0,1.0,
JJ McCarthy,QB,,,,0.0,1.0,1.0,
Van Jefferson,WR,,6.01,0.0,0.0,1.0,1.0,
Travis Hunter,WR,,73.58,0.11038461538461501,0.0,1.0,1.0,
Theo Johnson,TE,,56.7,0.0,0.0,1.0,1.0,
Darius Slayton,WR,,55.66,0.0,0.0,1.0,1.0,
Colby Parkinson,TE,,62.2,0.0,0.0,1.0,1.0,
Harold Fannin Jr,TE,,,,0.0,1.0,1.0,
Jacoby Brissett,QB,,179.82,0.0,0.0,1.0,,no salary on record
Devaughn Vele,WR,,81.38,0.0,0.0,1.0,,no salary on record
Marquez Valdes-Scantling,WR,DAL,,,0.0,1.0,1.0,"not on a 2025 league roster -- FantasyPros 2026 rank #484, tier 15; anchor imputed via tier_median_fallback"
Jacob Saylors,RB,DET,,,0.0,1.0,34.0,"not on a 2025 league roster -- FantasyPros 2026 rank #485, tier 15; anchor imputed via tier_median_fallback"
AJ Barner,TE,,99.04,0.0,0.0,1.0,1.0,
Kayshon Boutte,WR,,86.3,0.11038461538461501,0.0,1.0,1.0,
Evan Hull,RB,,,,0.0,1.0,1.0,
Will Shipley,RB,,,,0.0,1.0,1.0,
Tank Dell,WR,HOU,58.82,0.0,0.0,1.0,,"not on a 2025 league roster -- FantasyPros 2026 rank #214, tier 11"
Darnell Mooney,WR,NYG,63.83,0.0,0.0,1.0,,"not on a 2025 league roster -- FantasyPros 2026 rank #220, tier 11"
Isaac TeSlaa,WR,DET,66.3,0.0,0.0,1.0,,"not on a 2025 league roster -- FantasyPros 2026 rank #223, tier 11"
Pat Freiermuth,TE,PIT,96.9,0.0,0.0,1.0,,"not on a 2025 league roster -- FantasyPros 2026 rank #229, tier 11"
Ja'Kobi Lane,WR,BAL,79.35,0.0,0.0,1.0,,"not on a 2025 league roster -- FantasyPros 2026 rank #231, tier 11"
Germie Bernard,WR,PIT,67.71,0.0,0.0,1.0,,"not on a 2025 league roster -- FantasyPros 2026 rank #234, tier 11"
Zachariah Branch,WR,ATL,63.51,0.0,0.0,1.0,,"not on a 2025 league roster -- FantasyPros 2026 rank #236, tier 11"
Isaac Guerendo,RB,SF,,,0.0,1.0,1.0,"not on a 2025 league roster -- FantasyPros 2026 rank #314, tier 13; anchor imputed via tier_median_fallback"
Jerome Ford,RB,WAS,,,0.0,1.0,1.0,"not on a 2025 league roster -- FantasyPros 2026 rank #315, tier 13; anchor imputed via tier_median_fallback"
Jaleel McLaughlin,RB,DEN,,,0.0,1.0,1.0,"not on a 2025 league roster -- FantasyPros 2026 rank #316, tier 13; anchor imputed via tier_median_fallback"
DeMario Douglas,WR,NE,61.67,0.0,0.0,1.0,,"not on a 2025 league roster -- FantasyPros 2026 rank #317, tier 13"
Audric Estime,RB,NO,12.38,0.0,0.0,1.0,,"not on a 2025 league roster -- FantasyPros 2026 rank #318, tier 13"
Tahj Brooks,RB,CIN,23.18,0.0,0.0,1.0,,"not on a 2025 league roster -- FantasyPros 2026 rank #319, tier 13"
Darnell Washington,TE,PIT,60.1,0.0,0.0,1.0,,"not on a 2025 league roster -- FantasyPros 2026 rank #320, tier 13"
Jahan Dotson,WR,ATL,66.13,0.0,0.0,1.0,,"not on a 2025 league roster -- FantasyPros 2026 rank #321, tier 13"
Gunnar Helm,TE,TEN,85.2,0.0,0.0,1.0,,"not on a 2025 league roster -- FantasyPros 2026 rank #206, tier 11"
Isaiah Bond,WR,CLE,48.37,0.0,0.0,1.0,,"not on a 2025 league roster -- FantasyPros 2026 rank #301, tier 13"
Skyler Bell,WR,BUF,38.52,0.0,0.0,1.0,,"not on a 2025 league roster -- FantasyPros 2026 rank #303, tier 13"
Trevor Etienne,RB,CAR,27.98,0.0,0.0,1.0,,"not on a 2025 league roster -- FantasyPros 2026 rank #307, tier 13"
Brandon Aiyuk,WR,SF,,,0.0,1.0,5.0,"not on a 2025 league roster -- FantasyPros 2026 rank #308, tier 13; anchor imputed via tier_median_fallback"
Jake Tonges,TE,SF,46.75,0.0,0.0,1.0,,"not on a 2025 league roster -- FantasyPros 2026 rank #309, tier 13"
Jarquez Hunter,RB,MIA,,,0.0,1.0,1.0,"not on a 2025 league roster -- FantasyPros 2026 rank #311, tier 13; anchor imputed via tier_median_fallback"
Andrei Iosivas,WR,CIN,65.06,0.0,0.0,1.0,,"not on a 2025 league roster -- FantasyPros 2026 rank #313, tier 13"
Michael Woods II,WR,DEN,,,0.0,1.0,15.0,"not on a 2025 league roster -- FantasyPros 2026 rank #491, tier 16; anchor imputed via position_median_fallback"
Hollywood Brown,WR,PHI,41.95,0.0,0.0,1.0,,"not on a 2025 league roster -- FantasyPros 2026 rank #296, tier 12"
Mike Gesicki,TE,CIN,71.5,0.0,0.0,1.0,,"not on a 2025 league roster -- FantasyPros 2026 rank #298, tier 12"
Michael Penix Jr.,QB,ATL,122.75,0.0,0.0,1.0,,"not on a 2025 league roster -- FantasyPros 2026 rank #279, tier 12"
Marvin Mims Jr.,WR,DEN,47.9,0.0,0.0,1.0,,"not on a 2025 league roster -- FantasyPros 2026 rank #280, tier 12"
Kirk Cousins,QB,LV,50.52,0.0,0.0,1.0,,"not on a 2025 league roster -- FantasyPros 2026 rank #284, tier 12"
Deshaun Watson,QB,CLE,101.26,0.0,0.0,1.0,,"not on a 2025 league roster -- FantasyPros 2026 rank #287, tier 12"
Eli Stowers,TE,PHI,48.79,0.0,0.0,1.0,,"not on a 2025 league roster -- FantasyPros 2026 rank #290, tier 12"
Mack Hollins,WR,NE,34.99,0.0,0.0,1.0,,"not on a 2025 league roster -- FantasyPros 2026 rank #300, tier 12"
Aaron Rodgers,QB,PIT,191.83,0.0,0.0,1.0,,"not on a 2025 league roster -- FantasyPros 2026 rank #209, tier 11"
Geno Smith,QB,NYJ,177.54,0.0,0.0,1.0,,"not on a 2025 league roster -- FantasyPros 2026 rank #210, tier 11"
Kenyon Sadiq,TE,NYJ,85.03,0.0,0.0,1.0,,"not on a 2025 league roster -- FantasyPros 2026 rank #211, tier 11"
Bryce Young,QB,CAR,218.36,0.0,0.0,1.0,,"not on a 2025 league roster -- FantasyPros 2026 rank #160, tier 10"
Jerry Jeudy,WR,CLE,93.02,0.48038461538461247,0.0,1.0,,"not on a 2025 league roster -- FantasyPros 2026 rank #161, tier 10"
Jauan Jennings,WR,MIN,89.4,0.11038461538461501,0.0,1.0,,"not on a 2025 league roster -- FantasyPros 2026 rank #166, tier 10"
Dontayvion Wicks,WR,PHI,73.95,0.11038461538461501,0.0,1.0,,"not on a 2025 league roster -- FantasyPros 2026 rank #173, tier 10"
Omar Cooper Jr.,WR,NYJ,71.98,0.11038461538461501,0.0,1.0,,"not on a 2025 league roster -- FantasyPros 2026 rank #174, tier 10"
Ryan Flournoy,WR,DAL,88.9,0.11038461538461501,0.0,1.0,,"not on a 2025 league roster -- FantasyPros 2026 rank #177, tier 10"
Calvin Ridley,WR,TEN,72.14,0.11038461538461501,0.0,1.0,,"not on a 2025 league roster -- FantasyPros 2026 rank #195, tier 10"
Darren Waller,TE,,82.85,0.0,0.0,1.0,1.0,
Oronde Gadsden,TE,,72.1,0.0,0.0,1.0,1.0,
Kareem Hunt,RB,,,,0.0,1.0,1.0,
Tre Harris,WR,,,,0.0,1.0,1.0,
Sam Darnold,QB,SEA,229.22,0.0,0.0,1.0,,"not on a 2025 league roster -- FantasyPros 2026 rank #138, tier 9"
Evan Engram,TE,DEN,59.49,0.0,0.0,1.0,,"not on a 2025 league roster -- FantasyPros 2026 rank #246, tier 11"
Cyrus Allen,WR,KC,66.53,0.0,0.0,1.0,,"not on a 2025 league roster -- FantasyPros 2026 rank #264, tier 12"
Tua Tagovailoa,QB,ATL,103.67,0.0,0.0,1.0,,"not on a 2025 league roster -- FantasyPros 2026 rank #269, tier 12"
Tyquan Thornton,WR,KC,57.5,0.0,0.0,1.0,,"not on a 2025 league roster -- FantasyPros 2026 rank #270, tier 12"
Elijah Sarratt,WR,BAL,45.38,0.0,0.0,1.0,,"not on a 2025 league roster -- FantasyPros 2026 rank #274, tier 12"
Jack Bech,WR,LV,58.15,0.0,0.0,1.0,,"not on a 2025 league roster -- FantasyPros 2026 rank #248, tier 11"
David Njoku,TE,LAC,56.0,0.0,0.0,1.0,,"not on a 2025 league roster -- FantasyPros 2026 rank #250, tier 11"
Chris Bell,WR,MIA,59.45,0.0,0.0,1.0,,"not on a 2025 league roster -- FantasyPros 2026 rank #252, tier 12"
Ted Hurst III,WR,TB,61.33,0.0,0.0,1.0,,"not on a 2025 league roster -- FantasyPros 2026 rank #253, tier 12"
Fernando Mendoza,QB,LV,171.1,0.0,0.0,1.0,,"not on a 2025 league roster -- FantasyPros 2026 rank #254, tier 12"
Chimere Dike,WR,TEN,52.35,0.0,0.0,1.0,,"not on a 2025 league roster -- FantasyPros 2026 rank #255, tier 12"
Ty Johnson,RB,BUF,48.65,0.6152941176470589,0.0,1.0,,"not on a 2025 league roster -- FantasyPros 2026 rank #261, tier 12"
Greg Dulcich,TE,MIA,101.4,0.0,0.0,1.0,,"not on a 2025 league roster -- FantasyPros 2026 rank #237, tier 11"
Antonio Williams,WR,WAS,51.37,0.0,0.0,1.0,,"not on a 2025 league roster -- FantasyPros 2026 rank #239, tier 11"
Caleb Douglas,WR,MIA,83.27,0.0,0.0,1.0,,"not on a 2025 league roster -- FantasyPros 2026 rank #241, tier 11"
Malachi Fields,WR,NYG,69.38,0.0,0.0,1.0,,"not on a 2025 league roster -- FantasyPros 2026 rank #244, tier 11"
Cam Ward,QB,TEN,221.28,0.0,0.0,1.0,,"not on a 2025 league roster -- FantasyPros 2026 rank #146, tier 9"
