file,function,old_metric,new_metric,changed,reason,remaining_risk
mock_draft/models.py,Team.total_points,"sum(points) over all 15 rostered players, equal weight","n/a (property itself unchanged, now deprecated)",PARTIAL,"Kept as a raw diagnostic figure (some external scripts may still read it), but now emits DeprecationWarning on every access and its docstring names the replacement. No production fitness/strategy-selection path calls it any more (verified: exercising evolution.py + best_response.py's full call paths with DeprecationWarning promoted to an error raised zero warnings).","Any future script that calls team.total_points expecting it to represent fitness would silently get the old bugged metric back (with a warning, not a hard failure) -- acceptable since it's diagnostic-only, not a silent-fallback risk for confirmed keeper/eligibility logic."
mock_draft/evolution.py,compute_team_baselines,team.total_points (all-15-rostered-players sum),legal_lineup.build_production_lineup(team.roster).total_roster_utility,YES,"Team-baseline normalization must be computed on the same objective the genomes are scored against, or the baseline subtraction is comparing two different metrics.",None identified -- verified no DeprecationWarning fires when exercised.
mock_draft/evolution.py,evaluate_generation,final_teams[team_name].total_points - baselines[team_name],legal_lineup.build_production_lineup(final_teams[team_name].roster).total_roster_utility - baselines[team_name],YES,This is the actual genome fitness signal driving selection/crossover/mutation -- the single most important call site in the rebuild spec's goal 2. An illegal final roster now scores 0 utility for that match instead of an inflated illegal point total.,None identified.
run_evolution.py,benchmark_hand_designed_archetypes,team.total_points - team_baselines[name],legal_lineup.build_production_lineup(team.roster).total_roster_utility - team_baselines[name],YES,"Sanity-check benchmark must use the same objective as the training loop it is sanity-checking, or the '~0 by construction' invariant the docstring claims no longer holds.","None identified. NOTE: this script was not executed during phase 2 -- phase 2 explicitly prohibits running evolution. The fix is code-only, verified by inspection and by the shared build_production_lineup unit tests, not by a live run of this script."
mock_draft/best_response.py,evaluate_best_response,final_teams[my_team].total_points - team_baselines[my_team],build_production_lineup(final_teams[my_team].roster).total_roster_utility - team_baselines[my_team],YES,"This is the 'what strategy should I personally play' comparison the user asked for -- must be judged on legally-startable points, not raw roster sum.",None identified.
"mock_draft/genome.py, mock_draft/archetypes.py, mock_draft/nomination.py, mock_draft/valuation.py, mock_draft/auction.py",n/a,n/a,n/a,NO,"Grepped for total_points/fitness/objective/score -- no matches. These modules define bidding/nomination behavior and genome representation; they consume Player.projected_points as raw per-player input to willingness calculations (a price/demand signal, not a roster-level fitness metric) and were never part of the naive-sum-of-15 bug.",None identified.
audit_qb_arbitrage.py,main,"old_objective_points = sum(pts for roster) -- computed deliberately, for comparison against the new metric","legal.total_roster_utility via mock_draft/legal_lineup.py's PHASE-1 select_legal_lineup (preserved exactly, not the new production function)",NO (by design -- preserved phase-1 file),"This script's entire purpose is reproducing and quantifying the OLD bug alongside the NEW corrected metric for the audit trail. Its 'old_objective_points' is deliberately the retracted metric for comparison, not a live strategy-selection path -- nothing downstream treats it as fitness.",None -- explicitly a preserved phase-1 audit artifact per the rebuild spec.
auction_model/roster_optimizer.py,"_objective, LineupResult",n/a,n/a,NO,"This is a SEPARATE, pre-existing real-valuation pipeline (Sam-specific keeper/auction portfolio optimizer used by run_sam_keeper_analysis.py and run_keeper_decisions.py), not the mock_draft evolutionary simulator this phase's goal 2 targets. It already restricts scoring to a legal 1QB/2RB/2WR/1TE/3FLEX starting lineup (STARTER_REQ) plus a flat-weighted bench term (config.ROSTER_UNUSED_CASH_WEIGHT / ROSTER_BENCH_WEIGHT) -- it never had the all-15-rostered-players bug being fixed here.","Its bench weighting is a single flat multiplier, not the new tiered per-position-depth weights in legal_lineup.PRODUCTION_BENCH_WEIGHTS -- a real inconsistency between the two pipelines' bench treatment, but reconciling them is outside phase 2's three goals (which are scoped to the mock-draft evolutionary simulator) and is flagged here for a future phase rather than silently left unmentioned."
"run_keeper_decisions.py, run_sam_keeper_analysis.py, backtest_2025.py, auction_model/confidence.py, auction_model/college_prospects.py, scripts/process_fantasy_data_xlsx.py",score / confidence_score / prospect_value_score / backtest score(),n/a,n/a,NO,"These 'score' hits are unrelated confidence/backtest/prospect-grading scores (0-10 confidence scales, backtest error metrics, college-prospect grades) -- not roster fitness, not affected by the QB-arbitrage bug, and outside the mock-draft evolutionary simulator this phase's goal 2 addresses.",None identified.
