player,position,nfl_team,ecr,games,vendor_weekly_proj,vendor_season_points,scored_points_league_rules,pass_yd,pass_td,interception,rush_yd,rush_td,reception,rec_yd,rec_td,fumble_lost,two_pt
Jahmyr Gibbs,RB,DET,RB1,17.0,19.41,338.4,328.4,0.0,0.0,0.0,1223.0,13.0,77.0,616.0,5.0,1.0,0.0
Bijan Robinson,RB,ATL,RB2,17.0,18.04,341.3,331.3,0.0,0.0,0.0,1478.0,7.0,79.0,820.0,4.0,3.0,1.0
Ja'Marr Chase,WR,CIN,WR1,16.0,16.3,261.1,251.1,0.0,0.0,0.0,14.0,0.0,125.0,1412.0,8.0,1.0,0.0
Puka Nacua,WR,LAR,WR2,16.0,16.7,330.5,310.5,0.0,0.0,0.0,105.0,1.0,129.0,1715.0,10.0,1.0,0.0
Jonathan Taylor,RB,IND,RB3,17.0,16.24,359.3,339.3,0.0,0.0,0.0,1585.0,18.0,46.0,378.0,2.0,1.0,1.0
Christian McCaffrey,RB,SF,RB4,17.0,16.96,365.6,365.6,0.0,0.0,0.0,1202.0,10.0,102.0,924.0,7.0,0.0,0.0
Amon-Ra St. Brown,WR,DET,WR4,17.0,15.7,270.5,265.5,0.0,0.0,0.0,9.0,0.0,117.0,1401.0,11.0,0.0,0.0
Jaxon Smith-Njigba,WR,SEA,WR3,17.0,15.68,310.4,300.4,0.0,0.0,0.0,36.0,0.0,119.0,1793.0,10.0,1.0,0.0
James Cook III,RB,BUF,RB8,17.0,14.24,295.7,285.7,0.0,0.0,0.0,1621.0,12.0,33.0,291.0,2.0,3.0,0.0
Saquon Barkley,RB,PHI,RB7,16.0,14.46,218.8,213.8,0.0,0.0,0.0,1140.0,7.0,37.0,273.0,2.0,1.0,1.0
CeeDee Lamb,WR,DAL,WR5,14.0,13.98,163.4,163.4,0.0,0.0,0.0,2.0,0.0,75.0,1077.0,3.0,0.0,0.0
Kenneth Walker III,RB,KC,RB13,17.0,13.16,176.4,176.4,0.0,0.0,0.0,1027.0,5.0,31.0,282.0,0.0,0.0,0.0
Justin Jefferson,WR,MIN,WR6,17.0,13.7,159.5,159.5,0.0,0.0,0.0,7.0,0.0,84.0,1048.0,2.0,0.0,0.0
Chase Brown,RB,CIN,RB9,17.0,14.18,248.1,248.1,0.0,0.0,0.0,1019.0,6.0,69.0,437.0,5.0,0.0,1.0
De'Von Achane,RB,MIA,RB5,16.0,15.59,294.3,289.3,0.0,0.0,0.0,1350.0,8.0,67.0,488.0,4.0,0.0,0.0
Omarion Hampton,RB,LAC,RB11,9.0,14.11,119.7,119.7,0.0,0.0,0.0,545.0,4.0,32.0,192.0,1.0,0.0,0.0
Derrick Henry,RB,BAL,RB10,17.0,14.81,287.0,272.0,0.0,0.0,0.0,1595.0,16.0,15.0,150.0,0.0,3.0,0.0
Nico Collins,WR,HOU,WR7,15.0,13.38,190.7,190.7,0.0,0.0,0.0,15.0,1.0,71.0,1117.0,6.0,1.0,1.0
Brock Bowers,TE,LV,TE1,12.0,12.11,144.2,144.2,0.0,0.0,0.0,2.0,0.0,64.0,680.0,7.0,0.0,1.0
Drake London,WR,ATL,WR9,12.0,12.88,172.9,167.9,0.0,0.0,0.0,0.0,0.0,68.0,919.0,7.0,1.0,1.0
Ashton Jeanty,RB,LV,RB6,17.0,13.6,217.6,217.6,0.0,0.0,0.0,975.0,5.0,55.0,346.0,5.0,1.0,0.0
A.J. Brown,WR,NE,WR11,15.0,12.13,181.3,181.3,0.0,0.0,0.0,0.0,0.0,78.0,1003.0,7.0,0.0,0.0
George Pickens,WR,DAL,WR10,17.0,12.19,250.4,245.4,0.0,0.0,0.0,0.0,0.0,93.0,1429.0,9.0,0.0,1.0
Malik Nabers,WR,NYG,WR27,4.0,11.71,53.1,48.1,0.0,0.0,0.0,0.0,0.0,18.0,271.0,2.0,0.0,0.0
Chris Olave,WR,NO,WR8,16.0,12.3,219.0,218.0,0.0,0.0,1.0,-3.0,0.0,100.0,1163.0,9.0,0.0,0.0
DeVonta Smith,WR,PHI,WR14,17.0,12.03,168.3,163.3,0.0,0.0,0.0,0.0,0.0,77.0,1008.0,4.0,0.0,0.0
Kyren Williams,RB,LAR,RB14,17.0,12.69,245.3,245.3,0.0,0.0,0.0,1252.0,10.0,36.0,281.0,3.0,2.0,0.0
Tee Higgins,WR,CIN,WR13,15.0,11.87,182.1,182.1,0.0,0.0,0.0,0.0,0.0,59.0,846.0,11.0,0.0,1.0
Trey McBride,TE,ARI,TE2,17.0,11.36,252.9,252.9,0.0,0.0,0.0,0.0,0.0,126.0,1239.0,11.0,0.0,0.0
Breece Hall,RB,NYJ,RB17,16.0,13.23,189.66,189.66,4.0,1.0,0.0,1065.0,4.0,36.0,350.0,1.0,2.0,0.0
Josh Allen,QB,BUF,QB2,17.0,19.56,379.62,364.62,3668.0,25.0,10.0,579.0,14.0,0.0,0.0,0.0,3.0,1.0
Jeremiyah Love,RB,ARI,RB22,,12.2,0.0,0.0,,,,,,,,,,
Zay Flowers,WR,BAL,WR15,17.0,12.48,200.3,200.3,0.0,0.0,0.0,62.0,1.0,86.0,1211.0,5.0,3.0,0.0
Jaylen Waddle,WR,DEN,WR19,16.0,11.05,162.12,162.12,8.0,0.0,0.0,28.0,0.0,64.0,910.0,6.0,0.0,0.0
Javonte Williams,RB,DAL,RB12,16.0,13.59,225.3,225.3,0.0,0.0,0.0,1201.0,11.0,35.0,137.0,2.0,2.0,0.0
Rashee Rice,WR,KC,WR12,8.0,11.39,123.6,123.6,0.0,0.0,0.0,20.0,1.0,53.0,571.0,5.0,0.0,1.0
Colston Loveland,TE,CHI,TE3,16.0,10.35,136.1,136.1,0.0,0.0,0.0,-2.0,0.0,58.0,713.0,6.0,0.0,0.0
Tetairoa McMillan,WR,CAR,WR16,17.0,11.71,176.4,176.4,0.0,0.0,0.0,0.0,0.0,70.0,1014.0,7.0,1.0,0.0
Ladd McConkey,WR,LAC,WR18,16.0,10.93,147.9,147.9,0.0,0.0,0.0,0.0,0.0,66.0,789.0,6.0,0.0,0.0
Garrett Wilson,WR,NYJ,WR17,7.0,10.94,81.5,81.5,0.0,0.0,0.0,0.0,0.0,36.0,395.0,4.0,0.0,0.0
Travis Etienne Jr.,RB,NO,RB19,17.0,12.36,235.9,235.9,0.0,0.0,0.0,1107.0,7.0,36.0,292.0,6.0,0.0,0.0
D'Andre Swift,RB,CHI,RB16,16.0,11.28,211.6,211.6,0.0,0.0,0.0,1087.0,9.0,34.0,299.0,1.0,2.0,0.0
Emeka Egbuka,WR,TB,WR21,17.0,10.45,169.2,164.2,0.0,0.0,0.0,9.0,0.0,63.0,938.0,6.0,0.0,1.0
Josh Jacobs,RB,GB,RB15,15.0,12.2,219.1,219.1,0.0,0.0,0.0,929.0,13.0,36.0,282.0,1.0,2.0,0.0
Luther Burden III,WR,CHI,WR28,15.0,10.28,104.4,104.4,0.0,0.0,0.0,37.0,0.0,47.0,652.0,2.0,0.0,0.0
Terry McLaurin,WR,WAS,WR22,10.0,10.35,95.2,95.2,0.0,0.0,0.0,0.0,0.0,38.0,582.0,3.0,0.0,0.0
Tyler Warren,TE,IND,TE4,17.0,10.01,150.5,150.5,0.0,0.0,0.0,8.0,1.0,76.0,817.0,4.0,0.0,0.0
DJ Moore,WR,BUF,WR34,17.0,9.47,145.18,145.18,2.0,1.0,0.0,79.0,1.0,50.0,682.0,6.0,1.0,0.0
Cam Skattebo,RB,NYG,RB18,8.0,12.28,115.7,115.7,0.0,0.0,0.0,410.0,5.0,24.0,207.0,2.0,1.0,1.0
Lamar Jackson,QB,BAL,QB3,13.0,19.58,221.86,214.86,2549.0,21.0,7.0,349.0,2.0,0.0,0.0,0.0,3.0,1.0
Rome Odunze,WR,CHI,WR26,12.0,9.77,124.1,124.1,0.0,0.0,0.0,0.0,0.0,44.0,661.0,6.0,0.0,0.0
Jameson Williams,WR,DET,WR24,17.0,10.51,187.4,187.4,0.0,0.0,0.0,12.0,0.0,65.0,1117.0,7.0,0.0,0.0
Bucky Irving,RB,TB,RB21,10.0,11.02,123.5,123.5,0.0,0.0,0.0,588.0,1.0,30.0,277.0,3.0,1.0,0.0
Christian Watson,WR,GB,WR23,10.0,10.24,114.9,114.9,0.0,0.0,0.0,3.0,0.0,35.0,611.0,6.0,0.0,0.0
Bhayshul Tuten,RB,JAX,RB25,15.0,10.36,83.6,83.6,0.0,0.0,0.0,307.0,5.0,10.0,79.0,2.0,1.0,0.0
Parker Washington,WR,JAX,WR29,16.0,9.16,155.7,143.7,0.0,0.0,0.0,0.0,0.0,58.0,847.0,5.0,0.0,0.0
Davante Adams,WR,LAR,WR20,14.0,10.71,192.9,192.9,0.0,0.0,0.0,0.0,0.0,60.0,789.0,14.0,0.0,0.0
Quinshon Judkins,RB,CLE,RB23,14.0,10.95,156.8,156.8,0.0,0.0,0.0,827.0,7.0,26.0,171.0,0.0,0.0,1.0
David Montgomery,RB,HOU,RB20,17.0,11.74,159.92,154.92,3.0,1.0,0.0,716.0,8.0,24.0,192.0,0.0,1.0,1.0
Jadarian Price,RB,SEA,RB28,,10.31,0.0,0.0,,,,,,,,,,
Mike Evans,WR,SF,WR25,8.0,9.92,69.8,69.8,0.0,0.0,0.0,0.0,0.0,30.0,368.0,3.0,0.0,0.0
Drake Maye,QB,NE,QB8,17.0,17.23,364.46,351.46,4394.0,31.0,8.0,450.0,4.0,1.0,2.0,0.0,3.0,2.0
Jayden Daniels,QB,WAS,QB7,7.0,17.58,117.28,114.28,1262.0,8.0,3.0,278.0,2.0,0.0,0.0,0.0,2.0,1.0
Joe Burrow,QB,CIN,QB1,8.0,18.97,139.46,134.46,1809.0,17.0,5.0,41.0,0.0,0.0,0.0,0.0,0.0,0.0
TreVeyon Henderson,RB,NE,RB30,17.0,8.83,188.7,188.7,0.0,0.0,0.0,911.0,9.0,35.0,221.0,1.0,1.0,0.0
Jalen Hurts,QB,PHI,QB4,16.0,20.27,305.06,299.06,3224.0,25.0,6.0,421.0,8.0,0.0,0.0,0.0,4.0,0.0
Tucker Kraft,TE,GB,TE6,8.0,8.55,101.2,101.2,0.0,0.0,0.0,3.0,0.0,32.0,489.0,6.0,0.0,0.0
Rhamondre Stevenson,RB,NE,RB27,14.0,9.37,162.8,162.8,0.0,0.0,0.0,603.0,7.0,32.0,345.0,2.0,3.0,2.0
Marvin Harrison Jr.,WR,ARI,WR31,12.0,8.72,107.3,107.3,0.0,0.0,0.0,0.0,0.0,41.0,608.0,4.0,0.0,1.0
Jaylen Warren,RB,PIT,RB24,16.0,11.1,197.1,197.1,0.0,0.0,0.0,958.0,6.0,40.0,333.0,2.0,0.0,0.0
Sam LaPorta,TE,DET,TE7,9.0,8.91,86.9,86.9,0.0,0.0,0.0,0.0,0.0,40.0,489.0,3.0,0.0,0.0
Caleb Williams,QB,CHI,QB10,17.0,17.74,324.68,317.68,3942.0,27.0,7.0,388.0,3.0,2.0,22.0,1.0,1.0,1.0
Brian Thomas Jr.,WR,JAX,WR36,14.0,8.3,114.8,114.8,0.0,0.0,0.0,21.0,1.0,48.0,707.0,2.0,0.0,0.0
Carnell Tate,WR,TEN,WR33,,9.52,0.0,0.0,,,,,,,,,,
Justin Herbert,QB,LAC,QB5,16.0,18.45,304.88,286.88,3727.0,26.0,13.0,498.0,2.0,0.0,0.0,0.0,2.0,1.0
Jonathon Brooks,RB,CAR,RB35,,8.75,0.0,0.0,,,,,,,,,,
DK Metcalf,WR,PIT,WR30,15.0,9.89,157.7,157.7,0.0,0.0,0.0,12.0,1.0,59.0,850.0,6.0,0.0,0.0
Harold Fannin Jr.,TE,CLE,TE8,16.0,8.68,150.4,150.4,0.0,0.0,0.0,13.0,1.0,72.0,731.0,6.0,1.0,0.0
Trevor Lawrence,QB,JAX,QB9,17.0,16.99,350.18,338.18,4007.0,29.0,12.0,359.0,9.0,0.0,0.0,0.0,3.0,1.0
Dak Prescott,QB,DAL,QB6,17.0,17.83,338.78,313.78,4552.0,30.0,10.0,177.0,2.0,0.0,0.0,0.0,2.0,3.0
Kyle Pitts Sr.,TE,ATL,TE5,17.0,8.51,171.8,166.8,0.0,0.0,0.0,0.0,0.0,88.0,928.0,5.0,0.0,0.0
Tony Pollard,RB,TEN,RB26,17.0,9.54,174.3,169.3,0.0,0.0,0.0,1082.0,5.0,33.0,206.0,0.0,3.0,0.0
Rico Dowdle,RB,PIT,RB29,17.0,10.98,211.8,196.8,0.0,0.0,0.0,1076.0,6.0,39.0,297.0,1.0,1.0,0.0
J.K. Dobbins,RB,DEN,RB31,10.0,7.73,110.4,110.4,0.0,0.0,0.0,772.0,4.0,11.0,37.0,0.0,0.0,0.0
Chris Godwin Jr.,WR,TB,WR37,9.0,8.26,66.5,66.5,0.0,0.0,0.0,0.0,0.0,33.0,360.0,2.0,0.0,1.0
Michael Wilson,WR,ARI,WR39,17.0,8.49,186.6,181.6,0.0,0.0,0.0,0.0,0.0,78.0,1006.0,7.0,0.0,0.0
Josh Downs,WR,IND,WR35,16.0,9.01,107.4,107.4,0.0,0.0,0.0,-2.0,0.0,58.0,566.0,4.0,1.0,0.0
George Kittle,TE,SF,TE37,11.0,5.29,133.0,133.0,0.0,0.0,0.0,-3.0,0.0,57.0,628.0,7.0,0.0,0.0
Jacory Croskey-Merritt,RB,WAS,RB37,17.0,7.66,135.8,135.8,0.0,0.0,0.0,805.0,8.0,9.0,68.0,0.0,2.0,0.0
Stefon Diggs,WR,WAS,WR82,17.0,8.0,167.8,167.8,0.0,0.0,0.0,0.0,0.0,85.0,1013.0,4.0,0.0,0.0
Blake Corum,RB,LAR,RB38,17.0,8.54,118.2,118.2,0.0,0.0,0.0,746.0,6.0,8.0,36.0,0.0,0.0,0.0
De'Zhaun Stribling,WR,SF,WR60,,6.23,0.0,0.0,,,,,,,,,,
Chuba Hubbard,RB,CAR,RB32,15.0,9.24,110.4,110.4,0.0,0.0,0.0,511.0,1.0,30.0,223.0,3.0,1.0,0.0
Quentin Johnston,WR,LAC,WR38,14.0,8.89,145.7,145.7,0.0,0.0,0.0,7.0,0.0,51.0,735.0,8.0,1.0,0.0
Jordan Addison,WR,MIN,WR43,14.0,8.51,114.1,114.1,0.0,0.0,0.0,81.0,1.0,42.0,610.0,3.0,0.0,0.0
Jayden Reed,WR,GB,WR42,7.0,9.2,39.0,39.0,0.0,0.0,0.0,28.0,0.0,19.0,207.0,1.0,0.0,0.0
Brock Purdy,QB,SF,QB14,9.0,16.83,187.38,177.38,2167.0,20.0,10.0,147.0,3.0,0.0,0.0,0.0,2.0,1.0
Alec Pierce,WR,IND,WR98,15.0,8.7,159.8,159.8,0.0,0.0,0.0,0.0,0.0,47.0,1003.0,6.0,0.0,0.0
Courtland Sutton,WR,DEN,WR32,17.0,8.78,182.7,182.7,0.0,0.0,0.0,0.0,0.0,74.0,1017.0,7.0,0.0,1.0
KC Concepcion,WR,CLE,WR49,,7.28,0.0,0.0,,,,,,,,,,
Bo Nix,QB,DEN,QB18,17.0,16.65,320.84,304.84,3931.0,25.0,11.0,356.0,5.0,0.0,0.0,0.0,2.0,4.0
Jaxson Dart,QB,NYG,QB11,14.0,19.16,246.58,241.58,2272.0,15.0,5.0,487.0,9.0,0.0,0.0,0.0,2.0,1.0
Jordan Mason,RB,MIN,RB40,16.0,8.08,121.9,121.9,0.0,0.0,0.0,758.0,6.0,14.0,51.0,0.0,1.0,0.0
Matthew Golden,WR,GB,WR52,14.0,8.02,55.5,55.5,0.0,0.0,0.0,49.0,0.0,29.0,361.0,0.0,0.0,0.0
Michael Pittman Jr.,WR,PIT,WR40,17.0,8.93,162.4,162.4,0.0,0.0,0.0,0.0,0.0,80.0,784.0,7.0,0.0,1.0
Makai Lemon,WR,PHI,WR51,,6.38,0.0,0.0,,,,,,,,,,
Dalton Kincaid,TE,BUF,TE14,12.0,6.95,106.6,106.6,0.0,0.0,0.0,0.0,0.0,39.0,571.0,5.0,0.0,0.0
Kyle Monangai,RB,CHI,RB34,17.0,8.59,142.7,137.7,0.0,0.0,0.0,783.0,5.0,18.0,164.0,0.0,0.0,2.0
RJ Harvey,RB,DEN,RB41,17.0,8.08,183.1,183.1,0.0,0.0,0.0,540.0,7.0,47.0,356.0,5.0,1.0,0.0
Wan'Dale Robinson,WR,TEN,WR41,16.0,7.95,176.9,171.9,0.0,0.0,0.0,5.0,0.0,92.0,1014.0,4.0,0.0,0.0
Chris Rodriguez Jr.,RB,JAX,RB42,13.0,6.13,90.5,90.5,0.0,0.0,0.0,500.0,6.0,3.0,30.0,0.0,0.0,0.0
Matthew Stafford,QB,LAR,QB13,17.0,16.94,383.38,350.38,4707.0,46.0,8.0,1.0,0.0,0.0,0.0,0.0,3.0,0.0
Jalen Coker,WR,CAR,WR45,11.0,8.48,73.9,73.9,0.0,0.0,0.0,0.0,0.0,33.0,394.0,3.0,1.0,1.0
Kyler Murray,QB,MIN,QB16,5.0,16.57,80.78,77.78,962.0,6.0,3.0,173.0,1.0,0.0,0.0,0.0,1.0,0.0
Kenny Gainwell,RB,TB,RB33,17.0,8.56,184.8,184.8,0.0,0.0,0.0,537.0,5.0,73.0,486.0,3.0,1.0,0.0
Rachaad White,RB,WAS,RB36,17.0,7.83,123.0,123.0,0.0,0.0,0.0,572.0,4.0,40.0,218.0,0.0,0.0,0.0
Dallas Goedert,TE,PHI,TE9,15.0,8.23,155.1,155.1,0.0,0.0,0.0,0.0,0.0,60.0,591.0,11.0,0.0,0.0
Jared Goff,QB,DET,QB12,17.0,16.76,310.06,297.06,4564.0,34.0,8.0,45.0,0.0,0.0,0.0,0.0,5.0,0.0
Patrick Mahomes,QB,KC,QB17,14.0,16.25,301.18,285.18,3587.0,22.0,11.0,422.0,5.0,1.0,-10.0,0.0,0.0,2.0
Travis Kelce,TE,KC,TE10,17.0,8.08,155.2,155.2,0.0,0.0,0.0,1.0,0.0,76.0,851.0,5.0,0.0,1.0
Isaiah Likely,TE,NYG,TE12,14.0,7.54,48.2,48.2,0.0,0.0,0.0,0.0,0.0,27.0,307.0,1.0,1.0,0.0
Romeo Doubs,WR,NE,WR47,16.0,7.51,137.9,137.9,0.0,0.0,0.0,0.0,0.0,55.0,724.0,6.0,0.0,1.0
Aaron Jones Sr.,RB,MIN,RB39,12.0,8.0,104.7,104.7,0.0,0.0,0.0,548.0,2.0,28.0,199.0,1.0,1.0,0.0
Jordan Love,QB,GB,QB21,15.0,16.14,246.14,235.14,3381.0,23.0,6.0,199.0,0.0,0.0,0.0,0.0,2.0,2.0
Jakobi Meyers,WR,JAX,WR44,16.0,8.19,138.3,138.3,0.0,0.0,0.0,13.0,0.0,75.0,835.0,3.0,1.0,0.0
Jordyn Tyson,WR,NO,WR106,,1.79,0.0,0.0,,,,,,,,,,
Keaton Mitchell,RB,LAC,RB45,13.0,6.12,50.9,50.9,0.0,0.0,0.0,341.0,1.0,9.0,63.0,0.0,0.0,0.0
Mike Washington Jr.,RB,LV,RB64,,5.04,0.0,0.0,,,,,,,,,,
MarShawn Lloyd,RB,GB,RB53,,4.61,0.0,0.0,,,,,,,,,,
Xavier Worthy,WR,KC,WR48,14.0,7.55,88.9,88.9,0.0,0.0,0.0,87.0,0.0,42.0,532.0,1.0,0.0,0.0
Woody Marks,RB,HOU,RB48,16.0,6.75,139.1,133.1,0.0,0.0,0.0,703.0,2.0,24.0,208.0,3.0,0.0,0.0
Malik Willis,QB,MIA,QB19,4.0,16.07,51.18,51.18,422.0,3.0,0.0,123.0,2.0,0.0,0.0,0.0,1.0,0.0
Rashid Shaheed,WR,SEA,WR50,18.0,6.86,127.1,115.1,0.0,0.0,0.0,69.0,0.0,59.0,687.0,2.0,1.0,0.0
Mark Andrews,TE,BAL,TE15,17.0,8.35,107.0,107.0,0.0,0.0,0.0,48.0,1.0,48.0,422.0,5.0,0.0,0.0
Baker Mayfield,QB,TB,QB15,17.0,16.51,287.92,271.92,3693.0,26.0,11.0,382.0,1.0,0.0,0.0,0.0,3.0,2.0
Tyler Shough,QB,NO,QB20,11.0,16.03,163.96,157.96,2384.0,10.0,6.0,186.0,3.0,0.0,0.0,0.0,2.0,1.0
Tyler Allgeier,RB,ARI,RB47,17.0,5.04,116.0,116.0,0.0,0.0,0.0,514.0,8.0,14.0,96.0,0.0,0.0,0.0
Tank Bigsby,RB,PHI,RB52,17.0,3.95,52.3,52.3,0.0,0.0,0.0,356.0,2.0,3.0,32.0,0.0,0.0,0.0
Khalil Shakir,WR,BUF,WR46,16.0,7.87,130.4,130.4,0.0,0.0,0.0,5.0,0.0,72.0,719.0,4.0,1.0,0.0
Tyjae Spears,RB,TEN,RB44,13.0,6.96,89.2,89.2,0.0,0.0,0.0,283.0,2.0,45.0,264.0,0.0,0.0,0.0
Juwan Johnson,TE,NO,TE13,17.0,7.13,141.4,141.4,0.0,0.0,0.0,0.0,0.0,77.0,889.0,3.0,2.0,0.0
Jonah Coleman,RB,DEN,RB56,,3.32,0.0,0.0,,,,,,,,,,
Denzel Boston,WR,CLE,WR57,,6.01,0.0,0.0,,,,,,,,,,
Jake Ferguson,TE,DAL,TE11,17.0,7.39,147.1,147.1,0.0,0.0,0.0,1.0,0.0,82.0,600.0,8.0,2.0,1.0
Keenan Allen,WR,IND,WR105,17.0,5.89,142.2,142.2,0.0,0.0,0.0,0.0,0.0,81.0,777.0,4.0,0.0,0.0
Adonai Mitchell,WR,NYJ,WR59,16.0,5.88,71.4,71.4,0.0,0.0,0.0,-4.0,0.0,33.0,453.0,2.0,1.0,0.0
Tre Tucker,WR,LV,WR53,17.0,7.34,133.2,133.2,0.0,0.0,0.0,51.0,0.0,57.0,696.0,5.0,0.0,0.0
Dalton Schultz,TE,HOU,TE18,17.0,6.71,136.7,136.7,0.0,0.0,0.0,0.0,0.0,82.0,777.0,3.0,0.0,0.0
Deebo Samuel Sr.,WR,SF,WR86,16.0,7.32,152.2,152.2,0.0,0.0,0.0,75.0,1.0,72.0,727.0,5.0,0.0,0.0
Sam Darnold,QB,SEA,QB22,17.0,15.51,249.42,235.42,4048.0,25.0,14.0,95.0,0.0,0.0,0.0,0.0,6.0,2.0
Jalen McMillan,WR,TB,WR56,4.0,6.05,23.9,23.9,0.0,0.0,0.0,1.0,0.0,12.0,178.0,0.0,0.0,0.0
Ray Davis,RB,BUF,RB62,17.0,2.81,64.1,53.1,0.0,0.0,0.0,275.0,0.0,10.0,86.0,2.0,0.0,0.0
Dontayvion Wicks,WR,PHI,WR62,14.0,5.87,60.8,60.8,0.0,0.0,0.0,6.0,0.0,30.0,332.0,2.0,0.0,0.0
Chig Okonkwo,TE,WAS,TE22,17.0,6.02,96.0,96.0,0.0,0.0,0.0,0.0,0.0,56.0,560.0,2.0,0.0,0.0
Terrance Ferguson,TE,LAR,TE24,14.0,4.72,46.6,46.6,0.0,0.0,0.0,0.0,0.0,11.0,231.0,3.0,0.0,0.0
Pat Bryant,WR,DEN,WR78,15.0,4.82,59.3,59.3,0.0,0.0,0.0,0.0,0.0,31.0,378.0,1.0,0.0,0.0
Braelon Allen,RB,NYJ,RB55,4.0,3.79,14.3,14.3,0.0,0.0,0.0,76.0,1.0,2.0,17.0,0.0,1.0,0.0
Kaelon Black,RB,SF,RB69,,2.38,0.0,0.0,,,,,,,,,,
Brian Robinson,RB,ATL,RB50,17.0,4.57,58.5,58.5,0.0,0.0,0.0,400.0,2.0,8.0,25.0,0.0,0.0,0.0
C.J. Stroud,QB,HOU,QB23,14.0,15.99,216.54,208.54,3041.0,19.0,8.0,209.0,1.0,0.0,0.0,0.0,0.0,0.0
Ryan Flournoy,WR,DAL,WR63,16.0,5.2,94.0,94.0,0.0,0.0,0.0,25.0,0.0,40.0,475.0,4.0,0.0,0.0
Daniel Jones,QB,IND,QB25,13.0,15.63,234.44,226.44,3101.0,19.0,8.0,164.0,5.0,0.0,0.0,0.0,3.0,1.0
Hunter Henry,TE,NE,TE16,17.0,7.05,148.8,148.8,0.0,0.0,0.0,0.0,0.0,60.0,768.0,7.0,0.0,0.0
Brenton Strange,TE,JAX,TE17,12.0,6.3,95.0,95.0,0.0,0.0,0.0,0.0,0.0,46.0,540.0,3.0,0.0,0.0
Emmett Johnson,RB,KC,RB65,,2.8,0.0,0.0,,,,,,,,,,
Caleb Douglas,WR,MIA,WR112,,5.19,0.0,0.0,,,,,,,,,,
Ja'Kobi Lane,WR,BAL,WR79,,4.17,0.0,0.0,,,,,,,,,,
Kayshon Boutte,WR,HOU,WR67,14.0,5.98,107.6,107.6,0.0,0.0,0.0,0.0,0.0,33.0,551.0,6.0,0.0,0.0
Travis Hunter,WR,JAX,WR97,7.0,3.82,49.8,49.8,0.0,0.0,0.0,0.0,0.0,28.0,298.0,1.0,0.0,0.0
Cyrus Allen,WR,KC,WR120,,2.13,0.0,0.0,,,,,,,,,,
Jalen Nailor,WR,LV,WR54,17.0,6.62,86.2,86.2,0.0,0.0,0.0,13.0,0.0,29.0,444.0,4.0,0.0,1.0
Isiah Pacheco,RB,DET,RB49,13.0,4.97,77.8,77.8,0.0,0.0,0.0,462.0,1.0,19.0,101.0,1.0,0.0,0.0
Cam Ward,QB,TEN,QB29,17.0,14.64,193.66,186.66,3169.0,15.0,7.0,159.0,2.0,0.0,0.0,0.0,7.0,0.0
AJ Barner,TE,SEA,TE23,17.0,6.1,121.3,121.3,0.0,0.0,0.0,14.0,1.0,52.0,519.0,6.0,0.0,0.0
Dylan Sampson,RB,CLE,RB46,15.0,4.95,71.1,71.1,0.0,0.0,0.0,175.0,0.0,33.0,271.0,2.0,1.0,0.0
Bryce Young,QB,CAR,QB24,16.0,15.16,234.04,218.04,3011.0,23.0,11.0,216.0,2.0,0.0,0.0,0.0,4.0,1.0
Alvin Kamara,RB,NO,RB59,11.0,2.13,84.2,84.2,0.0,0.0,0.0,471.0,1.0,33.0,186.0,0.0,2.0,0.0
Tre' Harris,WR,LAC,WR69,17.0,4.95,54.4,54.4,0.0,0.0,0.0,10.0,0.0,30.0,324.0,1.0,0.0,0.0
Devaughn Vele,WR,NO,WR76,13.0,6.57,53.8,53.8,0.0,0.0,0.0,0.0,0.0,25.0,293.0,2.0,0.0,0.0
Jaylin Noel,WR,HOU,WR94,17.0,4.32,55.4,55.4,0.0,0.0,0.0,12.0,0.0,26.0,292.0,2.0,0.0,0.0
Greg Dulcich,TE,MIA,TE26,10.0,5.61,49.8,49.8,0.0,0.0,0.0,-7.0,0.0,26.0,335.0,1.0,1.0,0.0
Jerry Jeudy,WR,CLE,WR58,17.0,5.77,95.7,95.7,0.0,0.0,0.0,5.0,0.0,50.0,602.0,2.0,1.0,0.0
Malik Washington,WR,MIA,WR64,17.0,6.04,93.7,87.7,0.0,0.0,0.0,110.0,1.0,46.0,317.0,3.0,1.0,0.0
Kenyon Sadiq,TE,NYJ,TE27,,4.14,0.0,0.0,,,,,,,,,,
Demond Claiborne,RB,MIN,RB77,,1.42,0.0,0.0,,,,,,,,,,
Najee Harris,RB,NYG,RB83,3.0,2.78,10.1,10.1,0.0,0.0,0.0,61.0,0.0,3.0,25.0,0.0,0.0,0.0
Omar Cooper Jr.,WR,NYJ,WR68,,3.77,0.0,0.0,,,,,,,,,,
Nicholas Singleton,RB,TEN,RB74,,1.88,0.0,0.0,,,,,,,,,,
Kaytron Allen,RB,WAS,RB73,,1.26,0.0,0.0,,,,,,,,,,
George Holani,RB,SEA,RB58,11.0,3.56,13.8,13.8,0.0,0.0,0.0,73.0,1.0,2.0,15.0,0.0,1.0,0.0
T.J. Hockenson,TE,MIN,TE21,15.0,6.49,87.3,87.3,0.0,0.0,0.0,0.0,0.0,51.0,438.0,3.0,0.0,0.0
Jacoby Brissett,QB,ARI,QB27,14.0,13.84,245.44,227.44,3366.0,23.0,8.0,168.0,1.0,0.0,0.0,0.0,4.0,1.0
Chris Bell,WR,MIA,WR101,,1.34,0.0,0.0,,,,,,,,,,
Jauan Jennings,WR,MIN,WR55,15.0,5.89,145.8,145.8,0.0,0.0,0.0,0.0,0.0,55.0,643.0,9.0,1.0,1.0
Zachariah Branch,WR,ATL,WR75,,2.95,0.0,0.0,,,,,,,,,,
Oronde Gadsden,TE,LAC,TE20,15.0,3.72,111.9,106.9,0.0,0.0,0.0,0.0,0.0,49.0,664.0,3.0,1.0,0.0
Gunnar Helm,TE,TEN,TE28,16.0,5.52,69.7,69.7,0.0,0.0,0.0,0.0,0.0,44.0,357.0,2.0,0.0,0.0
Tyrone Tracy Jr.,RB,NYG,RB43,15.0,3.72,142.8,142.8,0.0,0.0,0.0,740.0,2.0,36.0,288.0,2.0,1.0,0.0
Rashod Bateman,WR,BAL,WR70,13.0,5.85,45.9,45.9,0.0,0.0,0.0,0.0,0.0,19.0,224.0,2.0,0.0,1.0
Jaydon Blue,RB,DAL,RB54,5.0,2.6,19.9,19.9,0.0,0.0,0.0,129.0,1.0,1.0,5.0,0.0,0.0,0.0
James Conner,RB,ARI,RB72,3.0,1.71,29.3,29.3,0.0,0.0,0.0,95.0,1.0,8.0,38.0,1.0,0.0,0.0
Adam Randall,RB,BAL,RB86,,0.89,0.0,0.0,,,,,,,,,,
Tyquan Thornton,WR,KC,WR77,14.0,3.69,71.3,71.3,0.0,0.0,0.0,0.0,0.0,19.0,438.0,3.0,0.0,0.0
Antonio Williams,WR,WAS,WR91,,2.86,0.0,0.0,,,,,,,,,,
Jahan Dotson,WR,ATL,WR116,17.0,3.96,41.2,41.2,0.0,0.0,0.0,0.0,0.0,18.0,262.0,1.0,0.0,0.0
Malachi Fields,WR,NYG,WR87,,4.53,0.0,0.0,,,,,,,,,,
Jack Bech,WR,LV,WR89,16.0,3.53,32.4,32.4,0.0,0.0,0.0,0.0,0.0,20.0,224.0,0.0,0.0,0.0
Cooper Kupp,WR,SEA,WR61,16.0,5.5,93.8,92.8,0.0,0.0,1.0,0.0,0.0,47.0,593.0,2.0,1.0,1.0
Sean Tucker,RB,TB,RB61,17.0,2.97,87.4,87.4,0.0,0.0,0.0,320.0,7.0,8.0,34.0,1.0,0.0,0.0
Ted Hurst III,WR,TB,WR92,,2.92,0.0,0.0,,,,,,,,,,
Malik Davis,RB,DAL,RB78,10.0,1.8,39.6,39.6,0.0,0.0,0.0,250.0,2.0,2.0,16.0,0.0,0.0,0.0
Fernando Mendoza,QB,LV,QB35,,4.44,0.0,0.0,,,,,,,,,,
Darnell Mooney,WR,NYG,WR65,15.0,4.19,66.3,66.3,0.0,0.0,0.0,0.0,0.0,32.0,443.0,1.0,0.0,0.0
Isaac TeSlaa,WR,DET,WR73,17.0,3.5,67.9,67.9,0.0,0.0,0.0,0.0,0.0,16.0,239.0,6.0,0.0,0.0
Colby Parkinson,TE,LAR,TE31,15.0,3.98,108.3,108.3,0.0,0.0,0.0,0.0,0.0,43.0,408.0,8.0,1.0,0.0
Darren Waller,TE,CAR,TE41,9.0,5.74,76.7,76.7,0.0,0.0,0.0,4.0,0.0,24.0,283.0,6.0,0.0,0.0
Kimani Vidal,RB,LAC,RB60,13.0,1.99,109.9,109.9,0.0,0.0,0.0,643.0,3.0,16.0,136.0,1.0,0.0,0.0
Geno Smith,QB,NYJ,QB30,15.0,13.73,195.9,173.9,3025.0,19.0,17.0,109.0,0.0,0.0,0.0,0.0,1.0,1.0
Aaron Rodgers,QB,PIT,QB26,16.0,14.66,233.58,226.58,3322.0,24.0,7.0,61.0,1.0,1.0,-9.0,0.0,1.0,1.0
Seth McGowan,RB,IND,RB79,,1.43,0.0,0.0,,,,,,,,,,
Jaylen Wright,RB,MIA,RB66,10.0,2.54,45.7,45.7,0.0,0.0,0.0,288.0,2.0,5.0,44.0,0.0,1.0,0.0
Samaje Perine,RB,CIN,RB63,15.0,4.02,69.4,69.4,0.0,0.0,0.0,382.0,3.0,17.0,87.0,0.0,2.0,0.0
Michael Penix Jr.,QB,ATL,QB34,9.0,1.31,123.28,120.28,1982.0,9.0,3.0,70.0,1.0,0.0,0.0,0.0,2.0,1.0
Tank Dell,WR,HOU,WR83,,3.67,0.0,0.0,,,,,,,,,,
Calvin Ridley,WR,TEN,WR66,7.0,5.84,38.8,38.8,0.0,0.0,0.0,0.0,0.0,17.0,303.0,0.0,0.0,0.0
Justice Hill,RB,BAL,RB57,10.0,4.62,54.7,54.7,0.0,0.0,0.0,93.0,2.0,21.0,169.0,1.0,0.0,0.0
Isaiah Davis,RB,NYJ,RB70,16.0,3.4,60.7,60.7,0.0,0.0,0.0,236.0,1.0,21.0,186.0,0.0,0.0,1.0
Charlie Kolar,TE,LAC,TE38,17.0,2.79,31.2,31.2,0.0,0.0,0.0,0.0,0.0,10.0,142.0,2.0,0.0,0.0
Germie Bernard,WR,PIT,WR74,,4.55,0.0,0.0,,,,,,,,,,
Cade Otton,TE,TB,TE19,16.0,5.37,92.7,92.7,0.0,0.0,0.0,0.0,0.0,59.0,572.0,1.0,0.0,0.0
Xavier Legette,WR,CAR,WR88,15.0,3.46,71.8,71.8,0.0,0.0,0.0,0.0,0.0,35.0,363.0,3.0,0.0,0.0
Tahj Brooks,RB,CIN,RB129,16.0,1.65,5.9,5.9,0.0,0.0,0.0,45.0,0.0,1.0,9.0,0.0,0.0,0.0
Keon Coleman,WR,BUF,WR81,13.0,3.36,83.4,83.4,0.0,0.0,0.0,0.0,0.0,38.0,404.0,4.0,1.0,1.0
Eli Raridon,TE,NE,TE47,,1.84,0.0,0.0,,,,,,,,,,
Darius Slayton,WR,NYG,WR71,14.0,3.64,80.3,80.3,0.0,0.0,0.0,0.0,0.0,37.0,538.0,1.0,1.0,2.0
Emanuel Wilson,RB,SEA,RB51,17.0,1.97,87.0,87.0,0.0,0.0,0.0,496.0,3.0,15.0,99.0,0.0,0.0,1.0
Treylon Burks,WR,WAS,WR111,8.0,1.93,24.0,24.0,0.0,0.0,0.0,0.0,0.0,10.0,130.0,1.0,0.0,0.0
Ollie Gordon II,RB,MIA,RB71,17.0,2.17,50.6,50.6,0.0,0.0,0.0,199.0,3.0,7.0,32.0,1.0,0.0,0.0
Jordan James,RB,SF,RB76,3.0,1.77,0.0,0.0,0.0,0.0,0.0,0.0,0.0,0.0,0.0,0.0,0.0,0.0
Kendre Miller,RB,NO,RB85,7.0,2.57,30.8,30.8,0.0,0.0,0.0,193.0,1.0,5.0,30.0,0.0,0.0,0.0
Chris Brooks,RB,GB,RB68,17.0,1.6,26.2,26.2,0.0,0.0,0.0,106.0,0.0,13.0,91.0,0.0,0.0,0.0
Pat Freiermuth,TE,PIT,TE25,17.0,6.0,93.1,93.1,0.0,0.0,0.0,0.0,0.0,41.0,486.0,4.0,0.0,0.0
Evan Engram,TE,DEN,TE29,16.0,3.69,77.8,77.8,0.0,0.0,0.0,7.0,0.0,50.0,461.0,1.0,0.0,0.0
Bryce Lance,WR,NO,WR119,,2.18,0.0,0.0,,,,,,,,,,
Xavier Hutchinson,WR,HOU,WR131,17.0,2.87,80.5,80.5,0.0,0.0,0.0,22.0,0.0,35.0,428.0,3.0,0.0,0.0
Joshua Palmer,WR,BUF,WR113,12.0,2.05,41.3,41.3,0.0,0.0,0.0,0.0,0.0,22.0,303.0,0.0,0.0,0.0
DeMario Douglas,WR,NE,WR114,17.0,3.76,80.3,80.3,0.0,0.0,0.0,21.0,0.0,31.0,447.0,3.0,0.0,0.0
Tua Tagovailoa,QB,ATL,QB31,14.0,13.25,175.7,160.7,2660.0,20.0,15.0,43.0,0.0,0.0,0.0,0.0,1.0,1.0
Malik Benson,WR,LV,WR127,,1.32,0.0,0.0,,,,,,,,,,
Troy Franklin,WR,DEN,WR72,17.0,2.4,144.6,144.6,0.0,0.0,0.0,12.0,0.0,65.0,709.0,6.0,1.0,3.0
Tory Horton,WR,SEA,WR85,8.0,2.88,58.6,52.6,0.0,0.0,0.0,0.0,0.0,13.0,161.0,5.0,0.0,0.0
Jake Tonges,TE,SF,TE34,17.0,3.44,76.3,76.3,0.0,0.0,0.0,0.0,0.0,34.0,293.0,5.0,0.0,0.0
Michael Mayer,TE,LV,TE32,13.0,3.52,56.3,56.3,0.0,0.0,0.0,0.0,0.0,35.0,328.0,1.0,0.0,0.0
Elijah Sarratt,WR,BAL,WR104,,1.54,0.0,0.0,,,,,,,,,,
Shedeur Sanders,QB,CLE,QB33,8.0,1.48,99.9,84.9,1400.0,7.0,10.0,169.0,1.0,0.0,0.0,0.0,1.0,0.0
Deshaun Watson,QB,CLE,QB32,,12.58,0.0,0.0,,,,,,,,,,
David Njoku,TE,LAC,TE30,12.0,4.12,69.8,69.8,0.0,0.0,0.0,0.0,0.0,33.0,293.0,4.0,0.0,0.0
DJ Giddens,RB,IND,RB81,9.0,1.68,9.6,9.6,0.0,0.0,0.0,96.0,0.0,0.0,0.0,0.0,0.0,0.0
Marlin Klein,TE,HOU,TE70,,1.55,0.0,0.0,,,,,,,,,,
Kirk Cousins,QB,LV,QB28,10.0,12.21,113.54,103.54,1721.0,10.0,5.0,7.0,1.0,0.0,0.0,0.0,1.0,0.0
Ashton Dulin,WR,IND,WR100,12.0,1.61,17.5,17.5,0.0,0.0,0.0,44.0,0.0,5.0,106.0,0.0,0.0,0.0
Skyler Bell,WR,BUF,WR108,,1.19,0.0,0.0,,,,,,,,,,
Darnell Washington,TE,PIT,TE33,16.0,3.5,57.9,57.9,0.0,0.0,0.0,0.0,0.0,31.0,364.0,1.0,1.0,1.0
Mason Taylor,TE,NYJ,TE44,13.0,3.84,66.9,66.9,0.0,0.0,0.0,0.0,0.0,44.0,369.0,1.0,0.0,1.0
Eli Stowers,TE,PHI,TE40,,1.95,0.0,0.0,,,,,,,,,,
Elijah Arroyo,TE,SEA,TE43,13.0,2.96,29.4,29.4,0.0,0.0,0.0,0.0,0.0,15.0,179.0,1.0,1.0,0.0
Mike Gesicki,TE,CIN,TE36,13.0,4.55,56.7,56.7,0.0,0.0,0.0,0.0,0.0,28.0,307.0,2.0,0.0,0.0
Erick All Jr.,TE,CIN,TE46,,2.67,0.0,0.0,,,,,,,,,,
Brenen Thompson,WR,LAC,WR126,,1.59,0.0,0.0,,,,,,,,,,
Carson Beck,QB,ARI,QB63,,0.48,0.0,0.0,,,,,,,,,,
Andrei Iosivas,WR,CIN,WR90,17.0,3.9,73.4,73.4,0.0,0.0,0.0,14.0,0.0,33.0,435.0,2.0,0.0,0.0
Devin Neal,RB,NO,RB88,10.0,0.17,51.5,51.5,0.0,0.0,0.0,206.0,2.0,17.0,104.0,0.0,0.0,0.0
Elic Ayomanor,WR,TEN,WR80,16.0,2.09,96.0,96.0,0.0,0.0,0.0,0.0,0.0,41.0,515.0,4.0,0.0,0.0
Oscar Delp,TE,NO,TE57,,1.62,0.0,0.0,,,,,,,,,,
