player,position,nfl_team,projected_points,pass_yd,pass_td,interception,rush_att,rush_yd,rush_td,targets,reception,rec_yd,rec_td,total_td_misc,two_pt,fumble_lost,roster_status,games_played,bye_week,ecr_position_rank,ecr_value,source_fan_pts,preseason_rank,actual_rank,pct_rostered
Jahmyr Gibbs,RB,DET,328.4,0,0,0,243,1223,13,94,77,616,5,0,0,1,FA,17,6,RB1,19.41,338.4,1,1,1.0
Bijan Robinson,RB,ATL,331.3,0,0,0,287,1478,7,103,79,820,4,0,1,3,FA,17,11,RB2,18.04,341.3,2,2,1.0
Ja'Marr Chase,WR,CIN,251.1,0,0,0,3,14,0,185,125,1412,8,0,0,1,FA,16,6,WR1,16.3,261.1,3,3,1.0
Puka Nacua,WR,LAR,310.5,0,0,0,10,105,1,166,129,1715,10,0,0,1,FA,16,11,WR2,16.7,330.5,4,4,1.0
Jonathan Taylor,RB,IND,339.3,0,0,0,323,1585,18,55,46,378,2,0,1,1,FA,17,13,RB3,16.24,359.3,5,5,1.0
Christian McCaffrey,RB,SF,365.6,0,0,0,311,1202,10,129,102,924,7,0,0,0,FA,17,8,RB4,16.96,365.6,6,6,1.0
Amon-Ra St. Brown,WR,DET,265.5,0,0,0,3,9,0,172,117,1401,11,0,0,0,FA,17,6,WR4,15.7,270.5,7,7,1.0
Jaxon Smith-Njigba,WR,SEA,300.4,0,0,0,7,36,0,163,119,1793,10,0,0,1,FA,17,11,WR3,15.68,310.4,8,8,1.0
James Cook III,RB,BUF,285.7,0,0,0,309,1621,12,40,33,291,2,0,0,3,FA,17,7,RB8,14.24,295.7,9,9,1.0
Saquon Barkley,RB,PHI,213.8,0,0,0,280,1140,7,50,37,273,2,0,1,1,FA,16,10,RB7,14.46,218.8,10,10,1.0
CeeDee Lamb,WR,DAL,163.4,0,0,0,1,2,0,117,75,1077,3,0,0,0,FA,14,14,WR5,13.98,163.4,11,11,1.0
Kenneth Walker III,RB,KC,176.4,0,0,0,221,1027,5,36,31,282,0,0,0,0,FA,17,5,RB13,13.16,176.4,12,12,1.0
Justin Jefferson,WR,MIN,159.5,0,0,0,2,7,0,141,84,1048,2,0,0,0,FA,17,6,WR6,13.7,159.5,13,13,1.0
Chase Brown,RB,CIN,248.1,0,0,0,232,1019,6,88,69,437,5,0,1,0,FA,17,6,RB9,14.18,248.1,14,14,1.0
De'Von Achane,RB,MIA,289.3,0,0,0,238,1350,8,85,67,488,4,0,0,0,FA,16,6,RB5,15.59,294.3,15,15,1.0
Omarion Hampton,RB,LAC,119.7,0,0,0,124,545,4,35,32,192,1,0,0,0,FA,9,7,RB11,14.11,119.7,16,16,1.0
Derrick Henry,RB,BAL,272.0,0,0,0,307,1595,16,21,15,150,0,0,0,3,FA,17,13,RB10,14.81,287.0,17,17,1.0
Nico Collins,WR,HOU,190.7,0,0,0,2,15,1,120,71,1117,6,0,1,1,FA,15,8,WR7,13.38,190.7,18,18,1.0
Brock Bowers,TE,LV,144.2,0,0,0,2,2,0,86,64,680,7,0,1,0,FA,12,13,TE1,12.11,144.2,19,19,1.0
Drake London,WR,ATL,167.9,0,0,0,0,0,0,112,68,919,7,0,1,1,FA,12,11,WR9,12.88,172.9,20,20,1.0
Ashton Jeanty,RB,LV,217.6,0,0,0,266,975,5,73,55,346,5,0,0,1,FA,17,13,RB6,13.6,217.6,21,21,1.0
A.J. Brown,WR,NE,181.3,0,0,0,0,0,0,121,78,1003,7,0,0,0,FA,15,11,WR11,12.13,181.3,22,22,1.0
George Pickens,WR,DAL,245.4,0,0,0,0,0,0,137,93,1429,9,0,1,0,FA,17,14,WR10,12.19,250.4,23,23,1.0
Malik Nabers,WR,NYG,48.1,0,0,0,0,0,0,35,18,271,2,0,0,0,FA,4,8,WR27,11.71,53.1,24,24,0.99
Chris Olave,WR,NO,218.0,0,0,1,1,-3,0,156,100,1163,9,0,0,0,FA,16,8,WR8,12.3,219.0,25,25,0.99
DeVonta Smith,WR,PHI,163.3,0,0,0,0,0,0,113,77,1008,4,0,0,0,FA,17,10,WR14,12.03,168.3,26,26,1.0
Kyren Williams,RB,LAR,245.3,0,0,0,259,1252,10,50,36,281,3,0,0,2,FA,17,11,RB14,12.69,245.3,27,27,1.0
Tee Higgins,WR,CIN,182.1,0,0,0,0,0,0,98,59,846,11,0,1,0,FA,15,6,WR13,11.87,182.1,28,28,1.0
Trey McBride,TE,ARI,252.9,0,0,0,0,0,0,169,126,1239,11,0,0,0,FA,17,14,TE2,11.36,252.9,29,29,1.0
Breece Hall,RB,NYJ,189.66,4,1,0,243,1065,4,48,36,350,1,0,0,2,FA,16,13,RB17,13.23,189.66,30,30,0.99
Josh Allen,QB,BUF,364.62,3668,25,10,112,579,14,0,0,0,0,0,1,3,FA,17,7,QB2,19.56,379.62,31,31,1.0
Jeremiyah Love,RB,ARI,0.0,,,,,,,,,,,,,,FA,,14,RB22,12.2,0.0,32,32,0.99
Zay Flowers,WR,BAL,200.3,0,0,0,10,62,1,118,86,1211,5,0,0,3,FA,17,13,WR15,12.48,200.3,33,33,0.99
Jaylen Waddle,WR,DEN,162.12,8,0,0,2,28,0,100,64,910,6,0,0,0,FA,16,10,WR19,11.05,162.12,34,34,0.99
Javonte Williams,RB,DAL,225.3,0,0,0,252,1201,11,51,35,137,2,0,0,2,FA,16,14,RB12,13.59,225.3,35,35,0.99
Rashee Rice,WR,KC,123.6,0,0,0,5,20,1,78,53,571,5,0,1,0,FA,8,5,WR12,11.39,123.6,36,36,0.99
Colston Loveland,TE,CHI,136.1,0,0,0,1,-2,0,82,58,713,6,0,0,0,FA,16,10,TE3,10.35,136.1,37,37,1.0
Tetairoa McMillan,WR,CAR,176.4,0,0,0,0,0,0,122,70,1014,7,0,0,1,FA,17,5,WR16,11.71,176.4,38,38,0.99
Ladd McConkey,WR,LAC,147.9,0,0,0,0,0,0,106,66,789,6,0,0,0,FA,16,7,WR18,10.93,147.9,39,39,0.98
Garrett Wilson,WR,NYJ,81.5,0,0,0,0,0,0,59,36,395,4,0,0,0,FA,7,13,WR17,10.94,81.5,40,40,0.97
Travis Etienne Jr.,RB,NO,235.9,0,0,0,260,1107,7,52,36,292,6,0,0,0,FA,17,8,RB19,12.36,235.9,41,41,0.97
D'Andre Swift,RB,CHI,211.6,0,0,0,223,1087,9,48,34,299,1,0,0,2,FA,16,10,RB16,11.28,211.6,42,42,0.97
Emeka Egbuka,WR,TB,164.2,0,0,0,2,9,0,127,63,938,6,0,1,0,FA,17,10,WR21,10.45,169.2,43,43,0.98
Josh Jacobs,RB,GB,219.1,0,0,0,234,929,13,44,36,282,1,0,0,2,FA,15,11,RB15,12.2,219.1,44,44,0.99
Luther Burden III,WR,CHI,104.4,0,0,0,6,37,0,60,47,652,2,0,0,0,FA,15,10,WR28,10.28,104.4,45,45,0.96
Terry McLaurin,WR,WAS,95.2,0,0,0,0,0,0,60,38,582,3,0,0,0,FA,10,7,WR22,10.35,95.2,46,46,0.97
Tyler Warren,TE,IND,150.5,0,0,0,6,8,1,112,76,817,4,0,0,0,FA,17,13,TE4,10.01,150.5,47,47,0.99
DJ Moore,WR,BUF,145.18,2,1,0,15,79,1,85,50,682,6,0,0,1,FA,17,7,WR34,9.47,145.18,48,48,0.96
Cam Skattebo,RB,NYG,115.7,0,0,0,101,410,5,32,24,207,2,0,1,1,FA,8,8,RB18,12.28,115.7,49,49,0.98
Lamar Jackson,QB,BAL,214.86,2549,21,7,67,349,2,0,0,0,0,0,1,3,FA,13,13,QB3,19.58,221.86,50,50,1.0
Rome Odunze,WR,CHI,124.1,0,0,0,0,0,0,90,44,661,6,0,0,0,FA,12,10,WR26,9.77,124.1,51,51,0.95
Jameson Williams,WR,DET,187.4,0,0,0,6,12,0,102,65,1117,7,0,0,0,FA,17,6,WR24,10.51,187.4,52,52,0.96
Bucky Irving,RB,TB,123.5,0,0,0,173,588,1,35,30,277,3,0,0,1,FA,10,10,RB21,11.02,123.5,53,53,0.96
Christian Watson,WR,GB,114.9,0,0,0,1,3,0,55,35,611,6,0,0,0,FA,10,11,WR23,10.24,114.9,54,54,0.95
Bhayshul Tuten,RB,JAX,83.6,0,0,0,83,307,5,14,10,79,2,0,0,1,FA,15,7,RB25,10.36,83.6,55,55,0.95
Parker Washington,WR,JAX,143.7,0,0,0,7,0,0,95,58,847,5,2,0,0,FA,16,7,WR29,9.16,155.7,56,56,0.93
Davante Adams,WR,LAR,192.9,0,0,0,0,0,0,114,60,789,14,0,0,0,FA,14,11,WR20,10.71,192.9,57,57,0.97
Quinshon Judkins,RB,CLE,156.8,0,0,0,230,827,7,36,26,171,0,0,1,0,FA,14,11,RB23,10.95,156.8,58,58,0.96
David Montgomery,RB,HOU,154.92,3,1,0,158,716,8,29,24,192,0,0,1,1,FA,17,8,RB20,11.74,159.92,59,59,0.97
Jadarian Price,RB,SEA,0.0,,,,,,,,,,,,,,FA,,11,RB28,10.31,0.0,60,60,0.94
Mike Evans,WR,SF,69.8,0,0,0,0,0,0,62,30,368,3,0,0,0,FA,8,8,WR25,9.92,69.8,61,61,0.95
Drake Maye,QB,NE,351.46,4394,31,8,103,450,4,1,1,2,0,0,2,3,FA,17,11,QB8,17.23,364.46,62,62,1.0
Jayden Daniels,QB,WAS,114.28,1262,8,3,58,278,2,0,0,0,0,0,1,2,FA,7,7,QB7,17.58,117.28,63,63,0.99
Joe Burrow,QB,CIN,134.46,1809,17,5,14,41,0,0,0,0,0,0,0,0,FA,8,6,QB1,18.97,139.46,64,64,1.0
TreVeyon Henderson,RB,NE,188.7,0,0,0,180,911,9,42,35,221,1,0,0,1,FA,17,11,RB30,8.83,188.7,65,65,0.94
Jalen Hurts,QB,PHI,299.06,3224,25,6,105,421,8,0,0,0,0,0,0,4,FA,16,10,QB4,20.27,305.06,66,66,0.99
Tucker Kraft,TE,GB,101.2,0,0,0,1,3,0,44,32,489,6,0,0,0,FA,8,11,TE6,8.55,101.2,67,67,0.99
Rhamondre Stevenson,RB,NE,162.8,0,0,0,130,603,7,37,32,345,2,0,2,3,FA,14,11,RB27,9.37,162.8,68,68,0.92
Marvin Harrison Jr.,WR,ARI,107.3,0,0,0,0,0,0,73,41,608,4,0,1,0,FA,12,14,WR31,8.72,107.3,69,69,0.92
Jaylen Warren,RB,PIT,197.1,0,0,0,211,958,6,45,40,333,2,0,0,0,FA,16,9,RB24,11.1,197.1,70,70,0.93
Sam LaPorta,TE,DET,86.9,0,0,0,0,0,0,49,40,489,3,0,0,0,FA,9,6,TE7,8.91,86.9,71,71,0.99
Caleb Williams,QB,CHI,317.68,3942,27,7,77,388,3,2,2,22,1,0,1,1,FA,17,10,QB10,17.74,324.68,72,72,0.98
Brian Thomas Jr.,WR,JAX,114.8,0,0,0,3,21,1,91,48,707,2,0,0,0,FA,14,7,WR36,8.3,114.8,73,73,0.91
Carnell Tate,WR,TEN,0.0,,,,,,,,,,,,,,FA,,9,WR33,9.52,0.0,74,74,0.92
Justin Herbert,QB,LAC,286.88,3727,26,13,83,498,2,0,0,0,0,0,1,2,FA,16,7,QB5,18.45,304.88,75,75,0.98
Jonathon Brooks,RB,CAR,0.0,,,,,,,,,,,,,,FA,,5,RB35,8.75,0.0,76,76,0.88
DK Metcalf,WR,PIT,157.7,0,0,0,2,12,1,99,59,850,6,0,0,0,FA,15,9,WR30,9.89,157.7,77,77,0.92
Harold Fannin Jr.,TE,CLE,150.4,0,0,0,7,13,1,107,72,731,6,0,0,1,FA,16,11,TE8,8.68,150.4,78,78,0.97
Trevor Lawrence,QB,JAX,338.18,4007,29,12,82,359,9,0,0,0,0,0,1,3,FA,17,7,QB9,16.99,350.18,79,79,0.94
Dak Prescott,QB,DAL,313.78,4552,30,10,53,177,2,0,0,0,0,0,3,2,FA,17,14,QB6,17.83,338.78,80,80,0.97
Kyle Pitts Sr.,TE,ATL,166.8,0,0,0,0,0,0,118,88,928,5,0,0,0,FA,17,11,TE5,8.51,171.8,81,81,0.98
Tony Pollard,RB,TEN,169.3,0,0,0,242,1082,5,41,33,206,0,0,0,3,FA,17,9,RB26,9.54,174.3,82,82,0.91
Rico Dowdle,RB,PIT,196.8,0,0,0,236,1076,6,50,39,297,1,0,0,1,FA,17,9,RB29,10.98,211.8,83,83,0.91
J.K. Dobbins,RB,DEN,110.4,0,0,0,153,772,4,14,11,37,0,0,0,0,FA,10,10,RB31,7.73,110.4,84,84,0.88
Chris Godwin Jr.,WR,TB,66.5,0,0,0,0,0,0,51,33,360,2,0,1,0,FA,9,10,WR37,8.26,66.5,85,85,0.88
Michael Wilson,WR,ARI,181.6,0,0,0,0,0,0,126,78,1006,7,0,0,0,FA,17,14,WR39,8.49,186.6,86,86,0.86
Josh Downs,WR,IND,107.4,0,0,0,2,-2,0,88,58,566,4,0,0,1,FA,16,13,WR35,9.01,107.4,87,87,0.86
George Kittle,TE,SF,133.0,0,0,0,1,-3,0,69,57,628,7,0,0,0,FA,11,8,TE37,5.29,133.0,88,88,0.95
Jacory Croskey-Merritt,RB,WAS,135.8,0,0,0,175,805,8,13,9,68,0,0,0,2,FA,17,7,RB37,7.66,135.8,89,89,0.83
Stefon Diggs,WR,WAS,167.8,0,0,0,0,0,0,102,85,1013,4,0,0,0,FA,17,7,WR82,8.0,167.8,90,90,0.85
Blake Corum,RB,LAR,118.2,0,0,0,145,746,6,14,8,36,0,0,0,0,FA,17,11,RB38,8.54,118.2,91,91,0.86
De'Zhaun Stribling,WR,SF,0.0,,,,,,,,,,,,,,FA,,8,WR60,6.23,0.0,92,92,0.64
Chuba Hubbard,RB,CAR,110.4,0,0,0,134,511,1,39,30,223,3,0,0,1,FA,15,5,RB32,9.24,110.4,93,93,0.88
Quentin Johnston,WR,LAC,145.7,0,0,0,2,7,0,84,51,735,8,0,0,1,FA,14,7,WR38,8.89,145.7,94,94,0.81
Jordan Addison,WR,MIN,114.1,0,0,0,2,81,1,79,42,610,3,0,0,0,FA,14,6,WR43,8.51,114.1,95,95,0.82
Jayden Reed,WR,GB,39.0,0,0,0,3,28,0,22,19,207,1,0,0,0,FA,7,11,WR42,9.2,39.0,96,96,0.82
Brock Purdy,QB,SF,177.38,2167,20,10,33,147,3,0,0,0,0,0,1,2,FA,9,8,QB14,16.83,187.38,97,97,0.9
Alec Pierce,WR,IND,159.8,0,0,0,0,0,0,84,47,1003,6,0,0,0,FA,15,13,WR98,8.7,159.8,98,98,0.86
Courtland Sutton,WR,DEN,182.7,0,0,0,0,0,0,124,74,1017,7,0,1,0,FA,17,10,WR32,8.78,182.7,99,99,0.87
KC Concepcion,WR,CLE,0.0,,,,,,,,,,,,,,FA,,11,WR49,7.28,0.0,100,100,0.64
Bo Nix,QB,DEN,304.84,3931,25,11,83,356,5,1,0,0,0,0,4,2,FA,17,10,QB18,16.65,320.84,101,101,0.92
Jaxson Dart,QB,NYG,241.58,2272,15,5,86,487,9,0,0,0,0,0,1,2,FA,14,8,QB11,19.16,246.58,102,102,0.93
Jordan Mason,RB,MIN,121.9,0,0,0,159,758,6,16,14,51,0,0,0,1,FA,16,6,RB40,8.08,121.9,103,103,0.81
Matthew Golden,WR,GB,55.5,0,0,0,10,49,0,44,29,361,0,0,0,0,FA,14,11,WR52,8.02,55.5,104,104,0.68
Michael Pittman Jr.,WR,PIT,162.4,0,0,0,0,0,0,111,80,784,7,0,1,0,FA,17,9,WR40,8.93,162.4,105,105,0.81
Makai Lemon,WR,PHI,0.0,,,,,,,,,,,,,,FA,,10,WR51,6.38,0.0,106,106,0.75
Dalton Kincaid,TE,BUF,106.6,0,0,0,0,0,0,49,39,571,5,0,0,0,FA,12,7,TE14,6.95,106.6,107,107,0.91
Kyle Monangai,RB,CHI,137.7,0,0,0,169,783,5,30,18,164,0,0,2,0,FA,17,10,RB34,8.59,142.7,108,108,0.81
RJ Harvey,RB,DEN,183.1,0,0,0,146,540,7,58,47,356,5,0,0,1,FA,17,10,RB41,8.08,183.1,109,109,0.84
Wan'Dale Robinson,WR,TEN,171.9,0,0,0,3,5,0,140,92,1014,4,0,0,0,FA,16,9,WR41,7.95,176.9,110,110,0.63
Chris Rodriguez Jr.,RB,JAX,90.5,0,0,0,112,500,6,4,3,30,0,0,0,0,FA,13,7,RB42,6.13,90.5,111,111,0.53
Matthew Stafford,QB,LAR,350.38,4707,46,8,29,1,0,0,0,0,0,0,0,3,FA,17,11,QB13,16.94,383.38,112,112,0.92
Jalen Coker,WR,CAR,73.9,0,0,0,0,0,0,43,33,394,3,0,1,1,FA,11,5,WR45,8.48,73.9,113,113,0.51
Kyler Murray,QB,MIN,77.78,962,6,3,29,173,1,0,0,0,0,0,0,1,FA,5,6,QB16,16.57,80.78,114,114,0.78
Kenny Gainwell,RB,TB,184.8,0,0,0,114,537,5,85,73,486,3,0,0,1,FA,17,10,RB33,8.56,184.8,115,115,0.79
Rachaad White,RB,WAS,123.0,0,0,0,132,572,4,45,40,218,0,0,0,0,FA,17,7,RB36,7.83,123.0,116,116,0.68
Dallas Goedert,TE,PHI,155.1,0,0,0,0,0,0,82,60,591,11,0,0,0,FA,15,10,TE9,8.23,155.1,117,117,0.9
Jared Goff,QB,DET,297.06,4564,34,8,19,45,0,0,0,0,0,0,0,5,FA,17,6,QB12,16.76,310.06,118,118,0.83
Patrick Mahomes,QB,KC,285.18,3587,22,11,64,422,5,1,1,-10,0,0,2,0,FA,14,5,QB17,16.25,301.18,119,119,0.89
Travis Kelce,TE,KC,155.2,0,0,0,1,1,0,108,76,851,5,0,1,0,FA,17,5,TE10,8.08,155.2,120,120,0.94
Isaiah Likely,TE,NYG,48.2,0,0,0,0,0,0,36,27,307,1,0,0,1,FA,14,8,TE12,7.54,48.2,121,121,0.88
Romeo Doubs,WR,NE,137.9,0,0,0,0,0,0,85,55,724,6,0,1,0,FA,16,11,WR47,7.51,137.9,122,122,0.49
Aaron Jones Sr.,RB,MIN,104.7,0,0,0,132,548,2,41,28,199,1,0,0,1,FA,12,6,RB39,8.0,104.7,123,123,0.69
Jordan Love,QB,GB,235.14,3381,23,6,47,199,0,0,0,0,0,0,2,2,FA,15,11,QB21,16.14,246.14,124,124,0.63
Jakobi Meyers,WR,JAX,138.3,0,0,0,5,13,0,110,75,835,3,0,0,1,FA,16,7,WR44,8.19,138.3,125,125,0.57
Jordyn Tyson,WR,NO,0.0,,,,,,,,,,,,,,FA,,8,WR106,1.79,0.0,126,126,0.62
Keaton Mitchell,RB,LAC,50.9,0,0,0,59,341,1,12,9,63,0,0,0,0,FA,13,7,RB45,6.12,50.9,127,127,0.37
Mike Washington Jr.,RB,LV,0.0,,,,,,,,,,,,,,FA,,13,RB64,5.04,0.0,128,128,0.51
MarShawn Lloyd,RB,GB,0.0,,,,,,,,,,,,,,FA,,11,RB53,4.61,0.0,129,129,0.39
Xavier Worthy,WR,KC,88.9,0,0,0,11,87,0,73,42,532,1,0,0,0,FA,14,5,WR48,7.55,88.9,130,130,0.53
Woody Marks,RB,HOU,133.1,0,0,0,196,703,2,36,24,208,3,0,0,0,FA,16,8,RB48,6.75,139.1,131,131,0.4
Malik Willis,QB,MIA,51.18,422,3,0,22,123,2,0,0,0,0,0,0,1,FA,4,6,QB19,16.07,51.18,132,132,0.42
Rashid Shaheed,WR,SEA,115.1,0,0,0,9,69,0,92,59,687,2,2,0,1,FA,18,11,WR50,6.86,127.1,133,133,0.43
Mark Andrews,TE,BAL,107.0,0,0,0,10,48,1,70,48,422,5,0,0,0,FA,17,13,TE15,8.35,107.0,134,134,0.86
Baker Mayfield,QB,TB,271.92,3693,26,11,55,382,1,0,0,0,0,0,2,3,FA,17,10,QB15,16.51,287.92,135,135,0.57
Tyler Shough,QB,NO,157.96,2384,10,6,45,186,3,0,0,0,0,0,1,2,FA,11,8,QB20,16.03,163.96,136,136,0.41
Tyler Allgeier,RB,ARI,116.0,0,0,0,143,514,8,16,14,96,0,0,0,0,FA,17,14,RB47,5.04,116.0,137,137,0.43
Tank Bigsby,RB,PHI,52.3,0,0,0,63,356,2,4,3,32,0,0,0,0,FA,17,10,RB52,3.95,52.3,138,138,0.31
Khalil Shakir,WR,BUF,130.4,0,0,0,1,5,0,95,72,719,4,0,0,1,FA,16,7,WR46,7.87,130.4,139,139,0.4
Tyjae Spears,RB,TEN,89.2,0,0,0,72,283,2,50,45,264,0,0,0,0,FA,13,9,RB44,6.96,89.2,140,140,0.33
Juwan Johnson,TE,NO,141.4,0,0,0,0,0,0,102,77,889,3,0,0,2,FA,17,8,TE13,7.13,141.4,141,141,0.55
Jonah Coleman,RB,DEN,0.0,,,,,,,,,,,,,,FA,,10,RB56,3.32,0.0,142,142,0.27
Denzel Boston,WR,CLE,0.0,,,,,,,,,,,,,,FA,,11,WR57,6.01,0.0,143,143,0.28
Jake Ferguson,TE,DAL,147.1,0,0,0,1,1,0,102,82,600,8,0,1,2,FA,17,14,TE11,7.39,147.1,144,144,0.81
Zach Charbonnet,RB,SEA,171.4,0,0,0,184,730,12,24,20,144,0,0,1,0,FA,16,11,-,2.49,171.4,145,145,0.54
Keenan Allen,WR,IND,142.2,0,0,0,0,0,0,122,81,777,4,0,0,0,FA,17,13,WR105,5.89,142.2,146,146,0.23
Adonai Mitchell,WR,NYJ,71.4,0,0,0,1,-4,0,74,33,453,2,0,0,1,FA,16,13,WR59,5.88,71.4,147,147,0.14
Tre Tucker,WR,LV,133.2,0,0,0,11,51,0,92,57,696,5,0,0,0,FA,17,13,WR53,7.34,133.2,148,148,0.17
Dalton Schultz,TE,HOU,136.7,0,0,0,0,0,0,106,82,777,3,0,0,0,FA,17,8,TE18,6.71,136.7,149,149,0.31
Deebo Samuel Sr.,WR,SF,152.2,0,0,0,17,75,1,99,72,727,5,0,0,0,FA,16,8,WR86,7.32,152.2,150,150,0.48
Sam Darnold,QB,SEA,235.42,4048,25,14,35,95,0,0,0,0,0,0,2,6,FA,17,11,QB22,15.51,249.42,151,151,0.37
Jalen McMillan,WR,TB,23.9,0,0,0,1,1,0,15,12,178,0,0,0,0,FA,4,10,WR56,6.05,23.9,152,152,0.17
Ray Davis,RB,BUF,53.1,0,0,0,58,275,0,13,10,86,2,1,0,0,FA,17,7,RB62,2.81,64.1,153,153,0.11
Dontayvion Wicks,WR,PHI,60.8,0,0,0,1,6,0,46,30,332,2,0,0,0,FA,14,10,WR62,5.87,60.8,154,154,0.1
Chig Okonkwo,TE,WAS,96.0,0,0,0,0,0,0,79,56,560,2,0,0,0,FA,17,7,TE22,6.02,96.0,156,156,0.45
Terrance Ferguson,TE,LAR,46.6,0,0,0,1,0,0,25,11,231,3,0,0,0,FA,14,11,TE24,4.72,46.6,157,157,0.13
Pat Bryant,WR,DEN,59.3,0,0,0,0,0,0,49,31,378,1,0,0,0,FA,15,10,WR78,4.82,59.3,158,158,0.05
Braelon Allen,RB,NYJ,14.3,0,0,0,18,76,1,3,2,17,0,0,0,1,FA,4,13,RB55,3.79,14.3,159,159,0.14
Kaelon Black,RB,SF,0.0,,,,,,,,,,,,,,FA,,8,RB69,2.38,0.0,160,160,0.11
Brian Robinson,RB,ATL,58.5,0,0,0,92,400,2,12,8,25,0,0,0,0,FA,17,11,RB50,4.57,58.5,161,161,0.23
C.J. Stroud,QB,HOU,208.54,3041,19,8,48,209,1,0,0,0,0,0,0,0,FA,14,8,QB23,15.99,216.54,162,162,0.26
Ryan Flournoy,WR,DAL,94.0,0,0,0,4,25,0,56,40,475,4,0,0,0,FA,16,14,WR63,5.2,94.0,163,163,0.08
Daniel Jones,QB,IND,226.44,3101,19,8,45,164,5,0,0,0,0,0,1,3,FA,13,13,QB25,15.63,234.44,164,164,0.25
Hunter Henry,TE,NE,148.8,0,0,0,0,0,0,87,60,768,7,0,0,0,FA,17,11,TE16,7.05,148.8,165,165,0.57
Brenton Strange,TE,JAX,95.0,0,0,0,0,0,0,60,46,540,3,0,0,0,FA,12,7,TE17,6.3,95.0,166,166,0.41
Emmett Johnson,RB,KC,0.0,,,,,,,,,,,,,,FA,,5,RB65,2.8,0.0,168,168,0.11
Caleb Douglas,WR,MIA,0.0,,,,,,,,,,,,,,FA,,6,WR112,5.19,0.0,170,170,0.06
Ja'Kobi Lane,WR,BAL,0.0,,,,,,,,,,,,,,FA,,13,WR79,4.17,0.0,171,171,0.15
Kayshon Boutte,WR,HOU,107.6,0,0,0,0,0,0,46,33,551,6,0,0,0,FA,14,8,WR67,5.98,107.6,172,172,0.09
Travis Hunter,WR,JAX,49.8,0,0,0,1,0,0,45,28,298,1,0,0,0,FA,7,7,WR97,3.82,49.8,173,173,0.23
Cyrus Allen,WR,KC,0.0,,,,,,,,,,,,,,FA,,5,WR120,2.13,0.0,176,176,0.09
Jalen Nailor,WR,LV,86.2,0,0,0,2,13,0,53,29,444,4,0,1,0,FA,17,13,WR54,6.62,86.2,177,177,0.21
Isiah Pacheco,RB,DET,77.8,0,0,0,118,462,1,26,19,101,1,0,0,0,FA,13,6,RB49,4.97,77.8,178,178,0.26
Cam Ward,QB,TEN,186.66,3169,15,7,39,159,2,0,0,0,0,0,0,7,FA,17,9,QB29,14.64,193.66,179,179,0.15
AJ Barner,TE,SEA,121.3,0,0,0,10,14,1,68,52,519,6,0,0,0,FA,17,11,TE23,6.1,121.3,181,181,0.18
Dylan Sampson,RB,CLE,71.1,0,0,0,65,175,0,40,33,271,2,0,0,1,FA,15,11,RB46,4.95,71.1,182,182,0.15
Bryce Young,QB,CAR,218.04,3011,23,11,54,216,2,0,0,0,0,0,1,4,FA,16,5,QB24,15.16,234.04,183,183,0.15
Alvin Kamara,RB,NO,84.2,0,0,0,131,471,1,39,33,186,0,0,0,2,FA,11,8,RB59,2.13,84.2,184,184,0.29
Tre' Harris,WR,LAC,54.4,0,0,0,2,10,0,43,30,324,1,0,0,0,FA,17,7,WR69,4.95,54.4,186,186,0.05
Devaughn Vele,WR,NO,53.8,0,0,0,0,0,0,39,25,293,2,0,0,0,FA,13,8,WR76,6.57,53.8,190,190,0.02
Jaylin Noel,WR,HOU,55.4,0,0,0,6,12,0,35,26,292,2,0,0,0,FA,17,8,WR94,4.32,55.4,191,191,0.03
Greg Dulcich,TE,MIA,49.8,0,0,0,1,-7,0,33,26,335,1,0,0,1,FA,10,6,TE26,5.61,49.8,192,192,0.11
Jerry Jeudy,WR,CLE,95.7,0,0,0,1,5,0,106,50,602,2,0,0,1,FA,17,11,WR58,5.77,95.7,193,193,0.13
Malik Washington,WR,MIA,87.7,0,0,0,17,110,1,65,46,317,3,1,0,1,FA,17,6,WR64,6.04,93.7,195,195,0.12
Kenyon Sadiq,TE,NYJ,0.0,,,,,,,,,,,,,,FA,,13,TE27,4.14,0.0,196,196,0.2
Demond Claiborne,RB,MIN,0.0,,,,,,,,,,,,,,FA,,6,RB77,1.42,0.0,199,199,0.02
Najee Harris,RB,NYG,10.1,0,0,0,15,61,0,3,3,25,0,0,0,0,FA,3,8,RB83,2.78,10.1,201,201,0.05
Omar Cooper Jr.,WR,NYJ,0.0,,,,,,,,,,,,,,FA,,13,WR68,3.77,0.0,202,202,0.09
Nicholas Singleton,RB,TEN,0.0,,,,,,,,,,,,,,FA,,9,RB74,1.88,0.0,204,204,0.05
Kaytron Allen,RB,WAS,0.0,,,,,,,,,,,,,,FA,,7,RB73,1.26,0.0,206,206,0.03
George Holani,RB,SEA,13.8,0,0,0,22,73,1,2,2,15,0,0,0,1,FA,11,11,RB58,3.56,13.8,207,207,0.02
T.J. Hockenson,TE,MIN,87.3,0,0,0,1,0,0,66,51,438,3,0,0,0,FA,15,6,TE21,6.49,87.3,209,209,0.23
Jacoby Brissett,QB,ARI,227.44,3366,23,8,38,168,1,0,0,0,0,0,1,4,FA,14,14,QB27,13.84,245.44,210,210,0.08
Chris Bell,WR,MIA,0.0,,,,,,,,,,,,,,FA,,6,WR101,1.34,0.0,211,211,0.03
Jauan Jennings,WR,MIN,145.8,0,0,0,0,0,0,90,55,643,9,0,1,1,FA,15,6,WR55,5.89,145.8,213,213,0.12
Zachariah Branch,WR,ATL,0.0,,,,,,,,,,,,,,FA,,11,WR75,2.95,0.0,214,214,0.04
Oronde Gadsden,TE,LAC,106.9,0,0,0,0,0,0,69,49,664,3,0,0,1,FA,15,7,TE20,3.72,111.9,216,216,0.21
Gunnar Helm,TE,TEN,69.7,0,0,0,0,0,0,55,44,357,2,0,0,0,FA,16,9,TE28,5.52,69.7,218,218,0.03
Tyrone Tracy Jr.,RB,NYG,142.8,0,0,0,176,740,2,48,36,288,2,0,0,1,FA,15,8,RB43,3.72,142.8,219,219,0.3
Rashod Bateman,WR,BAL,45.9,0,0,0,0,0,0,38,19,224,2,0,1,0,FA,13,13,WR70,5.85,45.9,220,220,0.03
Jaydon Blue,RB,DAL,19.9,0,0,0,38,129,1,1,1,5,0,0,0,0,FA,5,14,RB54,2.6,19.9,222,222,0.08
James Conner,RB,ARI,29.3,0,0,0,32,95,1,9,8,38,1,0,0,0,FA,3,14,RB72,1.71,29.3,224,224,0.05
Adam Randall,RB,BAL,0.0,,,,,,,,,,,,,,FA,,13,RB86,0.89,0.0,225,225,0.01
Tyquan Thornton,WR,KC,71.3,0,0,0,0,0,0,37,19,438,3,0,0,0,FA,14,5,WR77,3.69,71.3,227,227,0.01
Antonio Williams,WR,WAS,0.0,,,,,,,,,,,,,,FA,,7,WR91,2.86,0.0,229,229,0.03
Jahan Dotson,WR,ATL,41.2,0,0,0,0,0,0,36,18,262,1,0,0,0,FA,17,11,WR116,3.96,41.2,230,230,0.01
Malachi Fields,WR,NYG,0.0,,,,,,,,,,,,,,FA,,8,WR87,4.53,0.0,232,232,0.04
Jack Bech,WR,LV,32.4,0,0,0,0,0,0,29,20,224,0,0,0,0,FA,16,13,WR89,3.53,32.4,233,233,0.01
Cooper Kupp,WR,SEA,92.8,0,0,1,0,0,0,70,47,593,2,0,1,1,FA,16,11,WR61,5.5,93.8,235,235,0.11
Sean Tucker,RB,TB,87.4,0,0,0,86,320,7,11,8,34,1,0,0,0,FA,17,10,RB61,2.97,87.4,236,236,0.02
Ted Hurst III,WR,TB,0.0,,,,,,,,,,,,,,FA,,10,WR92,2.92,0.0,237,237,0.02
Malik Davis,RB,DAL,39.6,0,0,0,52,250,2,5,2,16,0,0,0,0,FA,10,14,RB78,1.8,39.6,239,239,0.01
Fernando Mendoza,QB,LV,0.0,,,,,,,,,,,,,,FA,,13,QB35,4.44,0.0,240,240,0.13
Darnell Mooney,WR,NYG,66.3,0,0,0,0,0,0,72,32,443,1,0,0,0,FA,15,8,WR65,4.19,66.3,241,241,0.02
Isaac TeSlaa,WR,DET,67.9,0,0,0,0,0,0,27,16,239,6,0,0,0,FA,17,6,WR73,3.5,67.9,242,242,0.07
Colby Parkinson,TE,LAR,108.3,0,0,0,0,0,0,56,43,408,8,0,0,1,FA,15,11,TE31,3.98,108.3,244,244,0.02
Darren Waller,TE,CAR,76.7,0,0,0,1,4,0,34,24,283,6,0,0,0,FA,9,5,TE41,5.74,76.7,245,245,0.02
Kimani Vidal,RB,LAC,109.9,0,0,0,155,643,3,22,16,136,1,0,0,0,FA,13,7,RB60,1.99,109.9,246,246,0.03
Geno Smith,QB,NYJ,173.9,3025,19,17,41,109,0,0,0,0,0,0,1,1,FA,15,13,QB30,13.73,195.9,247,247,0.05
Aaron Rodgers,QB,PIT,226.58,3322,24,7,21,61,1,1,1,-9,0,0,1,1,FA,16,9,QB26,14.66,233.58,248,248,0.1
Seth McGowan,RB,IND,0.0,,,,,,,,,,,,,,FA,,13,RB79,1.43,0.0,249,249,0.01
Jaylen Wright,RB,MIA,45.7,0,0,0,70,288,2,9,5,44,0,0,0,1,FA,10,6,RB66,2.54,45.7,251,251,0.02
Samaje Perine,RB,CIN,69.4,0,0,0,84,382,3,21,17,87,0,0,0,2,FA,15,6,RB63,4.02,69.4,252,252,0.03
Michael Penix Jr.,QB,ATL,120.28,1982,9,3,21,70,1,0,0,0,0,0,1,2,FA,9,11,QB34,1.31,123.28,253,253,0.03
Tank Dell,WR,HOU,0.0,,,,,,,,,,,,,,FA,,8,WR83,3.67,0.0,254,254,0.1
Calvin Ridley,WR,TEN,38.8,0,0,0,0,0,0,36,17,303,0,0,0,0,FA,7,9,WR66,5.84,38.8,255,255,0.05
Justice Hill,RB,BAL,54.7,0,0,0,18,93,2,27,21,169,1,0,0,0,FA,10,13,RB57,4.62,54.7,256,256,0.03
Isaiah Davis,RB,NYJ,60.7,0,0,0,43,236,1,28,21,186,0,0,1,0,FA,16,13,RB70,3.4,60.7,258,258,0.01
Charlie Kolar,TE,LAC,31.2,0,0,0,0,0,0,15,10,142,2,0,0,0,FA,17,7,TE38,2.79,31.2,259,259,0.0
Germie Bernard,WR,PIT,0.0,,,,,,,,,,,,,,FA,,9,WR74,4.55,0.0,261,261,0.02
Cade Otton,TE,TB,92.7,0,0,0,0,0,0,81,59,572,1,0,0,0,FA,16,10,TE19,5.37,92.7,262,262,0.03
Xavier Legette,WR,CAR,71.8,0,0,0,1,0,0,64,35,363,3,0,0,0,FA,15,5,WR88,3.46,71.8,266,266,0.01
Tahj Brooks,RB,CIN,5.9,0,0,0,16,45,0,2,1,9,0,0,0,0,FA,16,6,RB129,1.65,5.9,269,269,0.0
Keon Coleman,WR,BUF,83.4,0,0,0,0,0,0,59,38,404,4,0,1,1,FA,13,7,WR81,3.36,83.4,270,270,0.02
Eli Raridon,TE,NE,0.0,,,,,,,,,,,,,,FA,,11,TE47,1.84,0.0,272,272,0.01
Darius Slayton,WR,NYG,80.3,0,0,0,0,0,0,63,37,538,1,0,2,1,FA,14,8,WR71,3.64,80.3,273,273,0.01
Emanuel Wilson,RB,SEA,87.0,0,0,0,125,496,3,17,15,99,0,0,1,0,FA,17,11,RB51,1.97,87.0,275,275,0.02
Treylon Burks,WR,WAS,24.0,0,0,0,0,0,0,22,10,130,1,0,0,0,FA,8,7,WR111,1.93,24.0,276,276,0.0
Ollie Gordon II,RB,MIA,50.6,0,0,0,70,199,3,9,7,32,1,0,0,0,FA,17,6,RB71,2.17,50.6,277,277,0.02
Jordan James,RB,SF,0.0,0,0,0,0,0,0,0,0,0,0,0,0,0,FA,3,8,RB76,1.77,0.0,278,278,0.02
Kendre Miller,RB,NO,30.8,0,0,0,47,193,1,5,5,30,0,0,0,0,FA,7,8,RB85,2.57,30.8,279,279,0.0
Chris Brooks,RB,GB,26.2,0,0,0,27,106,0,17,13,91,0,0,0,0,FA,17,11,RB68,1.6,26.2,280,280,0.01
Pat Freiermuth,TE,PIT,93.1,0,0,0,0,0,0,54,41,486,4,0,0,0,FA,17,9,TE25,6.0,93.1,281,281,0.06
Evan Engram,TE,DEN,77.8,0,0,0,1,7,0,76,50,461,1,0,0,0,FA,16,10,TE29,3.69,77.8,284,284,0.02
Bryce Lance,WR,NO,0.0,,,,,,,,,,,,,,FA,,8,WR119,2.18,0.0,285,285,0.0
Xavier Hutchinson,WR,HOU,80.5,0,0,0,3,22,0,57,35,428,3,0,0,0,FA,17,8,WR131,2.87,80.5,288,288,0.0
Joshua Palmer,WR,BUF,41.3,0,0,0,0,0,0,37,22,303,0,0,0,0,FA,12,7,WR113,2.05,41.3,290,290,0.0
DeMario Douglas,WR,NE,80.3,0,0,0,7,21,0,46,31,447,3,0,0,0,FA,17,11,WR114,3.76,80.3,291,291,0.01
Tua Tagovailoa,QB,ATL,160.7,2660,20,15,20,43,0,0,0,0,0,0,1,1,FA,14,11,QB31,13.25,175.7,292,292,0.04
Malik Benson,WR,LV,0.0,,,,,,,,,,,,,,FA,,13,WR127,1.32,0.0,293,293,0.0
Troy Franklin,WR,DEN,144.6,0,0,0,5,12,0,104,65,709,6,0,3,1,FA,17,10,WR72,2.4,144.6,294,294,0.02
Tory Horton,WR,SEA,52.6,0,0,0,0,0,0,22,13,161,5,1,0,0,FA,8,11,WR85,2.88,58.6,295,295,0.01
Jake Tonges,TE,SF,76.3,0,0,0,0,0,0,46,34,293,5,0,0,0,FA,17,8,TE34,3.44,76.3,297,297,0.02
Michael Mayer,TE,LV,56.3,0,0,0,0,0,0,50,35,328,1,0,0,0,FA,13,13,TE32,3.52,56.3,299,299,0.01
Elijah Sarratt,WR,BAL,0.0,,,,,,,,,,,,,,FA,,13,WR104,1.54,0.0,300,300,0.01
Shedeur Sanders,QB,CLE,84.9,1400,7,10,21,169,1,0,0,0,0,0,0,1,FA,8,11,QB33,1.48,99.9,301,301,0.03
Deshaun Watson,QB,CLE,0.0,,,,,,,,,,,,,,FA,,11,QB32,12.58,0.0,302,302,0.03
David Njoku,TE,LAC,69.8,0,0,0,0,0,0,48,33,293,4,0,0,0,FA,12,7,TE30,4.12,69.8,303,303,0.05
DJ Giddens,RB,IND,9.6,0,0,0,26,96,0,2,0,0,0,0,0,0,FA,9,13,RB81,1.68,9.6,304,304,0.01
Marlin Klein,TE,HOU,0.0,,,,,,,,,,,,,,FA,,8,TE70,1.55,0.0,305,305,0.0
Kirk Cousins,QB,LV,103.54,1721,10,5,14,7,1,0,0,0,0,0,0,1,FA,10,13,QB28,12.21,113.54,306,306,0.03
Ashton Dulin,WR,IND,17.5,0,0,0,3,44,0,10,5,106,0,0,0,0,FA,12,13,WR100,1.61,17.5,307,307,0.0
Skyler Bell,WR,BUF,0.0,,,,,,,,,,,,,,FA,,7,WR108,1.19,0.0,308,308,0.01
Darnell Washington,TE,PIT,57.9,0,0,0,0,0,0,43,31,364,1,0,1,1,FA,16,9,TE33,3.5,57.9,309,309,0.01
Mason Taylor,TE,NYJ,66.9,0,0,0,0,0,0,65,44,369,1,0,1,0,FA,13,13,TE44,3.84,66.9,310,310,0.01
Eli Stowers,TE,PHI,0.0,,,,,,,,,,,,,,FA,,10,TE40,1.95,0.0,311,311,0.02
Elijah Arroyo,TE,SEA,29.4,0,0,0,0,0,0,26,15,179,1,0,0,1,FA,13,11,TE43,2.96,29.4,312,312,0.01
Mike Gesicki,TE,CIN,56.7,0,0,0,0,0,0,42,28,307,2,0,0,0,FA,13,6,TE36,4.55,56.7,313,313,0.01
Erick All Jr.,TE,CIN,0.0,,,,,,,,,,,,,,FA,,6,TE46,2.67,0.0,314,314,0.0
Brenen Thompson,WR,LAC,0.0,,,,,,,,,,,,,,FA,,7,WR126,1.59,0.0,315,315,0.0
Carson Beck,QB,ARI,0.0,,,,,,,,,,,,,,FA,,14,QB63,0.48,0.0,316,316,0.02
Andrei Iosivas,WR,CIN,73.4,0,0,0,3,14,0,58,33,435,2,0,0,0,FA,17,6,WR90,3.9,73.4,317,317,0.01
Devin Neal,RB,NO,51.5,0,0,0,57,206,2,19,17,104,0,0,0,0,FA,10,8,RB88,0.17,51.5,318,318,0.0
Elic Ayomanor,WR,TEN,96.0,0,0,0,0,0,0,89,41,515,4,0,0,0,FA,16,9,WR80,2.09,96.0,319,319,0.01
Oscar Delp,TE,NO,0.0,,,,,,,,,,,,,,FA,,8,TE57,1.62,0.0,320,320,0.0
