player,position,nfl_team,projected_points,pass_yd,pass_td,interception,rush_yd,rush_td,reception,rec_yd,rec_td,fumble_lost,two_pt
Jahmyr Gibbs,RB,DET,296.35,,,,1245.0,11.4,62.9,530.0,3.2,1.0,0.9
Bijan Robinson,RB,ATL,295.2,,,,1243.0,8.6,69.4,644.0,3.6,1.6,0.9
Ja'Marr Chase,WR,CIN,266.33,,,,18.3,0.1,119.0,1434.0,10.2,0.8,0.7
Puka Nacua,WR,LAR,256.87,,,,73.7,0.3,108.0,1413.0,8.8,0.8,0.6
Jonathan Taylor,RB,IND,256.35,,,,1373.0,10.5,38.1,304.0,1.3,1.6,1.0
Christian McCaffrey,RB,SF,265.35,,,,941.0,8.4,69.5,627.0,4.3,1.6,0.4
Amon-Ra St. Brown,WR,DET,247.22,,,,11.2,0.1,110.0,1341.0,9.4,0.7,0.7
Jaxon Smith-Njigba,WR,SEA,253.78,,,,37.8,0.1,103.0,1453.0,8.8,0.8,0.7
James Cook III,RB,BUF,234.4,,,,1288.0,8.9,32.0,270.0,1.8,1.6,0.8
Saquon Barkley,RB,PHI,222.8,,,,1151.0,7.8,37.6,295.0,2.2,1.1,0.8
CeeDee Lamb,WR,DAL,224.28,,,,11.8,0.1,94.6,1274.0,8.0,0.7,0.6
Kenneth Walker III,RB,KC,217.65,,,,1069.0,7.8,39.5,332.0,2.0,0.8,0.3
Justin Jefferson,WR,MIN,221.18,,,,10.3,0.1,95.3,1247.0,7.9,0.2,0.1
Chase Brown,RB,CIN,227.25,,,,915.0,8.1,58.7,414.0,3.1,1.5,0.4
De'Von Achane,RB,MIA,242.2,,,,1125.0,6.1,59.6,445.0,3.5,1.4,0.3
Omarion Hampton,RB,LAC,205.65,,,,959.0,7.9,44.5,307.0,1.9,1.4,0.4
Derrick Henry,RB,BAL,227.4,,,,1325.0,10.8,18.4,165.0,1.0,1.6,0.8
Nico Collins,WR,HOU,214.51,,,,14.1,0.1,80.4,1217.0,8.3,0.2,0.6
Brock Bowers,TE,LV,177.91,,,,11.1,0.0,88.8,936.0,6.5,0.7,0.6
Drake London,WR,ATL,221.3,,,,2.0,,93.0,1250.0,8.1,0.2,0.7
Ashton Jeanty,RB,LV,199.4,,,,971.0,6.4,45.4,316.0,2.0,1.6,0.4
A.J. Brown,WR,NE,194.9,,,,3.5,0.1,79.3,1085.0,7.5,0.2,0.6
George Pickens,WR,DAL,209.94,,,,3.4,,80.8,1228.0,7.6,0.2,0.6
Malik Nabers,WR,NYG,183.51,,,,8.6,0.1,79.3,1002.0,6.9,0.2,0.6
Chris Olave,WR,NO,194.65,,,,4.5,0.0,85.2,1068.0,7.3,0.2,0.7
DeVonta Smith,WR,PHI,189.84,,,,3.4,,82.6,1076.0,6.8,0.2,0.1
Kyren Williams,RB,LAR,196.2,,,,993.0,8.7,29.4,212.0,1.8,1.3,0.3
Tee Higgins,WR,CIN,181.9,,,,3.5,,71.7,1027.0,7.0,0.1,0.6
Trey McBride,TE,ARI,188.05,,,,,,95.7,964.0,7.3,0.7,0.7
Breece Hall,RB,NYJ,201.5,,,,1039.0,5.9,37.2,328.0,2.2,1.5,0.3
Josh Allen,QB,BUF,328.82,3578.0,26.2,9.3,517.0,8.3,,,,2.6,1.6
Jeremiyah Love,RB,ARI,202.4,,,,857.0,5.5,51.4,454.0,2.3,1.0,0.4
Zay Flowers,WR,BAL,205.23,,,,48.3,0.1,84.4,1168.0,7.0,0.7,0.1
Jaylen Waddle,WR,DEN,177.9,,,,15.5,0.0,75.1,1006.0,6.4,0.2,0.1
Javonte Williams,RB,DAL,196.9,,,,1015.0,8.6,33.2,186.0,1.6,0.9,0.4
Rashee Rice,WR,KC,197.11,,,,44.6,0.3,86.1,994.0,8.1,0.8,0.7
Colston Loveland,TE,CHI,157.08,,,,1.3,,71.9,834.0,6.3,0.2,0.1
Tetairoa McMillan,WR,CAR,184.82,,,,3.2,,75.8,1080.0,6.3,0.2,0.6
Ladd McConkey,WR,LAC,165.85,,,,6.0,0.0,73.1,921.0,6.1,0.1,0.1
Garrett Wilson,WR,NYJ,163.37,,,,8.2,,78.9,927.0,5.1,0.2,0.1
Travis Etienne Jr.,RB,NO,190.4,,,,945.0,6.2,36.4,287.0,2.0,0.9,0.8
D'Andre Swift,RB,CHI,180.15,,,,926.0,7.2,30.7,246.0,0.9,0.8,0.3
Emeka Egbuka,WR,TB,166.25,,,,11.5,0.0,66.6,940.0,6.3,0.1,0.1
Josh Jacobs,RB,GB,189.35,,,,920.0,8.9,29.5,234.0,1.2,1.5,0.8
Luther Burden III,WR,CHI,169.58,,,,45.3,0.1,70.1,906.0,6.5,0.2,0.1
Terry McLaurin,WR,WAS,173.93,,,,3.8,,69.7,1001.0,6.4,0.1,0.2
Tyler Warren,TE,IND,162.68,,,,16.3,0.2,79.3,842.0,6.0,0.2,0.2
DJ Moore,WR,BUF,154.17,,,,29.7,0.1,63.6,840.0,6.0,0.7,0.1
Cam Skattebo,RB,NYG,186.4,,,,908.0,6.3,37.8,311.0,1.5,0.9,0.3
Lamar Jackson,QB,BAL,289.92,3308.0,25.8,9.1,548.0,3.7,,,,3.2,1.0
Rome Odunze,WR,CHI,159.72,,,,4.2,,59.6,863.0,7.2,0.1,0.1
Jameson Williams,WR,DET,156.45,,,,37.0,0.2,56.7,896.0,5.6,0.1,0.1
Bucky Irving,RB,TB,175.8,,,,867.0,6.1,33.4,276.0,1.8,1.5,0.2
Christian Watson,WR,GB,161.94,,,,7.9,0.0,56.5,927.0,6.7,0.1,0.1
Bhayshul Tuten,RB,JAX,160.4,,,,793.0,6.1,30.0,231.0,1.3,1.0,0.3
Parker Washington,WR,JAX,162.09,,,,36.9,0.0,63.8,885.0,6.2,0.2,0.6
Davante Adams,WR,LAR,161.35,,,,,,62.1,817.0,7.9,0.1,0.7
Quinshon Judkins,RB,CLE,177.8,,,,970.0,6.9,28.8,202.0,1.0,1.0,0.4
David Montgomery,RB,HOU,176.5,,,,899.0,7.5,28.8,220.0,1.1,1.0,0.3
Jadarian Price,RB,SEA,169.9,,,,884.0,7.3,23.0,208.0,1.1,0.9,0.3
Mike Evans,WR,SF,164.95,,,,,,64.7,902.0,6.9,0.1,0.6
Drake Maye,QB,NE,296.32,3763.0,26.9,9.1,410.0,3.1,,,,2.6,1.0
Jayden Daniels,QB,WAS,293.28,3342.0,23.0,9.0,618.0,4.5,,,,2.8,1.2
Joe Burrow,QB,CIN,282.7,4070.0,29.4,9.8,139.0,1.7,,,,2.7,1.6
TreVeyon Henderson,RB,NE,158.6,,,,771.0,5.6,33.6,233.0,1.5,0.9,0.3
Jalen Hurts,QB,PHI,297.46,3424.0,22.4,7.4,451.0,7.3,,,,2.7,1.1
Tucker Kraft,TE,GB,143.34,,,,4.4,0.0,62.4,807.0,5.2,0.2,0.1
Rhamondre Stevenson,RB,NE,157.55,,,,713.0,6.0,31.9,253.0,1.7,0.9,0.3
Marvin Harrison Jr.,WR,ARI,145.68,,,,1.3,,57.5,832.0,5.6,0.1,0.1
Jaylen Warren,RB,PIT,162.0,,,,708.0,5.2,40.2,319.0,1.7,1.3,0.2
Sam LaPorta,TE,DET,139.7,,,,1.0,,68.8,754.0,5.0,0.2,0.1
Caleb Williams,QB,CHI,271.0,3480.0,26.5,8.2,330.0,2.0,,,,2.4,1.0
Brian Thomas Jr.,WR,JAX,138.06,,,,17.6,0.1,52.8,769.0,5.4,0.1,0.1
Carnell Tate,WR,TEN,140.03,,,,3.3,,64.2,794.0,4.7,0.1,0.1
Justin Herbert,QB,LAC,263.56,3599.0,24.6,10.5,332.0,2.0,,,,2.5,1.0
Jonathon Brooks,RB,CAR,148.6,,,,732.0,5.1,30.4,236.0,1.2,0.9,0.3
DK Metcalf,WR,PIT,148.53,,,,3.3,0.0,59.2,832.0,5.9,0.1,0.1
Harold Fannin Jr.,TE,CLE,141.21,,,,24.6,0.2,71.9,736.0,4.7,0.2,0.1
Trevor Lawrence,QB,JAX,272.04,3696.0,25.2,11.1,298.0,3.1,,,,2.4,1.0
Dak Prescott,QB,DAL,278.54,4081.0,28.5,10.7,155.0,1.4,,,,2.2,1.6
Kyle Pitts Sr.,TE,ATL,140.7,,,,,,70.4,775.0,4.7,0.2,0.1
Tony Pollard,RB,TEN,143.2,,,,788.0,4.8,27.8,185.0,0.8,1.0,0.2
Rico Dowdle,RB,PIT,157.15,,,,764.0,5.8,32.3,240.0,1.2,1.0,0.3
J.K. Dobbins,RB,DEN,134.15,,,,747.0,5.7,19.3,114.0,0.7,0.3,0.3
Chris Godwin Jr.,WR,TB,134.26,,,,3.1,,63.7,727.0,4.9,0.1,0.1
Michael Wilson,WR,ARI,132.1,,,,2.0,,58.2,752.0,4.6,0.1,0.1
Josh Downs,WR,IND,145.07,,,,13.2,0.0,72.7,774.0,5.0,0.1,0.1
George Kittle,TE,SF,130.46,,,,0.1,,60.5,704.0,5.0,0.2,0.1
Jacory Croskey-Merritt,RB,WAS,127.0,,,,716.0,5.5,15.8,117.0,0.7,0.9,0.2
Stefon Diggs,WR,WAS,130.42,,,,5.2,0.1,61.4,704.0,4.7,0.1,0.1
Blake Corum,RB,LAR,134.1,,,,766.0,6.3,15.9,99.5,0.5,0.8,0.2
De'Zhaun Stribling,WR,SF,92.85,,,,,0.0,42.7,519.0,3.3,0.1,0.0
Chuba Hubbard,RB,CAR,143.25,,,,717.0,5.0,28.7,200.0,1.4,0.9,0.3
Quentin Johnston,WR,LAC,125.4,,,,11.5,0.0,51.1,681.0,5.1,0.1,0.1
Jordan Addison,WR,MIN,131.03,,,,28.3,0.1,52.2,709.0,5.1,0.1,0.1
Jayden Reed,WR,GB,143.93,,,,64.8,0.1,58.9,774.0,5.2,0.7,0.1
Brock Purdy,QB,SF,256.32,3648.0,25.6,12.0,230.0,1.9,,,,2.6,1.4
Alec Pierce,WR,IND,154.64,,,,2.9,,53.7,909.0,6.1,0.1,0.1
Courtland Sutton,WR,DEN,137.35,,,,,,55.3,749.0,5.8,0.1,0.1
KC Concepcion,WR,CLE,118.36,,,,27.6,0.1,55.2,662.0,3.7,0.6,0.1
Bo Nix,QB,DEN,262.52,3623.0,24.7,10.4,280.0,2.4,,,,2.3,0.9
Jaxson Dart,QB,NYG,273.12,3248.0,21.9,10.1,482.0,5.0,,,,2.4,1.2
Jordan Mason,RB,MIN,137.2,,,,779.0,6.1,17.8,106.0,0.7,0.8,0.3
Matthew Golden,WR,GB,127.74,,,,43.4,0.1,53.6,686.0,4.6,0.2,0.1
Michael Pittman Jr.,WR,PIT,137.83,,,,2.3,,69.8,753.0,4.6,0.2,0.1
Makai Lemon,WR,PHI,119.03,,,,3.3,,51.6,689.0,4.0,0.1,0.1
Dalton Kincaid,TE,BUF,118.1,,,,,,55.2,659.0,4.1,0.1,0.1
Kyle Monangai,RB,CHI,144.3,,,,749.0,6.2,21.2,168.0,1.0,0.9,0.3
RJ Harvey,RB,DEN,136.65,,,,495.0,3.8,40.7,308.0,2.4,0.9,0.3
Wan'Dale Robinson,WR,TEN,133.19,,,,14.4,0.0,69.1,744.0,3.8,0.1,0.1
Chris Rodriguez Jr.,RB,JAX,110.29,,,,649.0,5.1,10.7,88.4,0.3,0.8,0.2
Matthew Stafford,QB,LAR,250.22,3757.0,28.4,8.8,33.4,0.2,,,,1.8,1.5
Jalen Coker,WR,CAR,124.35,,,,2.0,,56.9,707.0,4.2,0.1,0.0
Kyler Murray,QB,MIN,255.34,3346.0,22.2,9.6,425.0,2.2,,,,2.8,0.9
Kenny Gainwell,RB,TB,136.45,,,,475.0,3.9,43.7,315.0,2.2,0.8,0.3
Rachaad White,RB,WAS,127.05,,,,534.0,3.8,33.7,230.0,2.0,0.8,0.3
Dallas Goedert,TE,PHI,119.45,,,,,,57.9,619.0,4.8,0.2,0.1
Jared Goff,QB,DET,261.71,3997.0,28.0,9.4,62.3,0.7,,,,2.4,1.5
Patrick Mahomes,QB,KC,254.26,3609.0,25.6,10.6,241.0,1.1,,,,2.0,1.0
Travis Kelce,TE,KC,129.94,,,,0.4,,65.0,706.0,4.5,0.2,0.1
Isaiah Likely,TE,NYG,115.25,,,,,,55.9,609.0,4.4,0.1,0.1
Romeo Doubs,WR,NE,122.25,,,,,,50.3,665.0,5.1,0.1,0.1
Aaron Jones Sr.,RB,MIN,131.55,,,,576.0,3.4,36.5,271.0,1.6,0.9,0.2
Jordan Love,QB,GB,256.74,3696.0,25.7,8.2,181.0,1.3,,,,2.7,1.0
Jakobi Meyers,WR,JAX,131.61,,,,15.6,0.1,60.1,702.0,4.9,0.2,0.1
Jordyn Tyson,WR,NO,94.75,,,,2.0,,43.9,534.0,3.2,0.1,0.1
Keaton Mitchell,RB,LAC,90.45,,,,447.0,3.1,19.1,140.0,0.8,0.7,0.1
Mike Washington Jr.,RB,LV,80.65,,,,398.0,2.5,16.1,138.0,0.7,0.2,0.1
MarShawn Lloyd,RB,GB,75.39,,,,379.0,3.0,13.7,92.4,0.6,0.3,0.2
Xavier Worthy,WR,KC,118.5,,,,79.0,0.7,47.2,610.0,3.8,0.6,0.1
Woody Marks,RB,HOU,104.75,,,,505.0,3.5,20.7,169.0,1.2,0.8,0.2
Malik Willis,QB,MIA,253.88,2872.0,19.2,8.0,560.0,4.2,,,,2.1,0.6
Rashid Shaheed,WR,SEA,105.92,,,,59.7,0.3,42.5,557.0,3.7,0.6,0.1
Mark Andrews,TE,BAL,128.18,,,,23.8,0.4,56.8,574.0,6.3,0.2,0.1
Baker Mayfield,QB,TB,243.4,3485.0,23.8,10.9,266.0,1.3,,,,2.9,1.0
Tyler Shough,QB,NO,258.88,3587.0,22.5,10.2,284.0,3.4,,,,2.6,1.1
Tyler Allgeier,RB,ARI,86.65,,,,473.0,3.5,14.7,102.0,0.3,0.8,0.3
Tank Bigsby,RB,PHI,68.64,,,,413.0,3.0,6.7,59.9,0.2,0.7,0.1
Khalil Shakir,WR,BUF,122.83,,,,9.8,0.0,62.7,659.0,4.1,0.1,0.1
Tyjae Spears,RB,TEN,113.45,,,,428.0,3.3,35.1,243.0,1.7,0.9,0.3
Juwan Johnson,TE,NO,111.55,,,,,,55.1,618.0,3.7,0.1,0.1
Jonah Coleman,RB,DEN,67.3,,,,298.0,2.3,14.2,130.0,0.8,0.6,0.0
Denzel Boston,WR,CLE,106.28,,,,4.3,,50.7,601.0,3.4,0.1,0.1
Jake Ferguson,TE,DAL,117.94,,,,1.4,0.0,66.0,554.0,5.1,0.7,0.1
Keenan Allen,WR,IND,80.85,,,,,,40.3,445.0,2.7,0.1,0.1
Adonai Mitchell,WR,NYJ,84.34,,,,5.4,0.0,36.2,477.0,3.0,0.1,0.1
Tre Tucker,WR,LV,95.11,,,,43.6,0.1,42.3,522.0,2.8,0.1,0.1
Dalton Schultz,TE,HOU,109.4,,,,,,58.8,568.0,3.9,0.2,0.1
Deebo Samuel Sr.,WR,SF,102.68,,,,66.3,0.8,45.5,505.0,3.2,0.7,0.1
Sam Darnold,QB,SEA,229.22,3498.0,23.9,11.1,131.0,1.0,,,,2.6,1.0
Jalen McMillan,WR,TB,92.48,,,,21.3,0.1,38.1,505.0,3.4,0.1,0.0
Ray Davis,RB,BUF,61.54,,,,303.0,2.0,12.1,97.9,0.6,0.2,0.1
Dontayvion Wicks,WR,PHI,73.95,,,,5.5,0.0,32.6,417.0,2.6,0.1,0.0
Chig Okonkwo,TE,WAS,98.45,,,,,,52.5,518.0,3.4,0.1,0.1
Terrance Ferguson,TE,LAR,82.7,,,,,,33.4,452.0,3.5,0.1,0.0
Pat Bryant,WR,DEN,79.5,,,,3.0,,36.2,437.0,2.9,0.1,0.1
Braelon Allen,RB,NYJ,68.77,,,,326.0,2.9,12.2,92.7,0.6,0.3,0.2
Kaelon Black,RB,SF,47.43,,,,234.0,2.0,7.6,70.3,0.2,0.1,0.1
Brian Robinson,RB,ATL,77.14,,,,444.0,3.2,10.8,65.4,0.3,0.3,0.2
C.J. Stroud,QB,HOU,245.14,3656.0,23.5,11.1,211.0,1.5,,,,2.5,1.0
Ryan Flournoy,WR,DAL,88.9,,,,14.5,0.1,40.7,487.0,3.0,0.1,0.0
Daniel Jones,QB,IND,223.84,3256.0,21.0,9.3,198.0,1.9,,,,2.5,1.0
Hunter Henry,TE,NE,119.7,,,,,,54.0,623.0,5.1,0.2,0.1
Brenton Strange,TE,JAX,112.65,,,,,,53.9,605.0,4.2,0.1,0.1
Emmett Johnson,RB,KC,63.25,,,,276.0,2.0,14.1,128.0,0.8,0.6,0.1
Caleb Douglas,WR,MIA,83.27,,,,1.2,,37.9,456.0,3.1,0.1,0.1
Ja'Kobi Lane,WR,BAL,79.35,,,,2.0,,34.1,423.0,3.3,0.1,0.1
Kayshon Boutte,WR,HOU,86.3,,,,,,34.4,501.0,3.2,0.1,0.0
Travis Hunter,WR,JAX,73.58,,,,10.3,0.0,33.7,383.0,2.9,0.1,0.1
Cyrus Allen,WR,KC,66.53,,,,2.3,0.0,30.4,367.0,2.4,0.0,0.0
Jalen Nailor,WR,LV,94.21,,,,10.1,0.0,39.0,539.0,3.3,0.1,0.1
Isiah Pacheco,RB,DET,73.93,,,,401.0,3.0,12.3,78.8,0.5,0.7,0.1
Cam Ward,QB,TEN,221.28,3387.0,21.0,10.1,170.0,1.6,,,,3.3,1.0
AJ Barner,TE,SEA,99.04,,,,21.4,0.5,48.4,469.0,3.8,0.1,0.1
Dylan Sampson,RB,CLE,79.3,,,,291.0,1.7,25.6,202.0,1.4,0.8,0.1
Bryce Young,QB,CAR,218.36,3224.0,20.9,10.9,210.0,1.7,,,,2.7,0.9
Alvin Kamara,RB,NO,68.7,,,,283.0,1.8,21.2,142.0,1.0,0.7,0.1
Tre' Harris,WR,LAC,88.42,,,,4.2,0.0,38.6,483.0,3.4,0.1,0.1
Devaughn Vele,WR,NO,81.38,,,,3.3,,36.7,453.0,2.9,0.1,0.1
Jaylin Noel,WR,HOU,77.12,,,,21.7,0.1,34.5,403.0,2.8,0.1,0.1
Greg Dulcich,TE,MIA,101.4,,,,,,48.8,548.0,3.7,0.1,0.1
Jerry Jeudy,WR,CLE,93.02,,,,5.2,0.0,41.4,526.0,3.2,0.1,0.1
Malik Washington,WR,MIA,92.28,,,,74.8,0.5,45.4,399.0,3.2,0.1,0.1
Kenyon Sadiq,TE,NYJ,85.03,,,,2.3,,44.2,459.0,2.8,0.1,0.1
Demond Claiborne,RB,MIN,32.59,,,,149.0,1.1,7.6,72.9,0.2,0.6,0.0
Najee Harris,RB,NYG,41.47,,,,173.0,1.6,10.1,79.2,0.3,0.2,0.1
Omar Cooper Jr.,WR,NYJ,71.98,,,,5.8,0.0,33.0,401.0,2.5,0.1,0.0
Nicholas Singleton,RB,TEN,48.11,,,,211.0,1.5,10.4,98.1,0.7,0.6,0.0
Kaytron Allen,RB,WAS,42.77,,,,218.0,1.6,7.8,72.7,0.2,0.6,0.1
George Holani,RB,SEA,36.01,,,,171.0,1.2,8.0,59.1,0.3,0.1,0.1
T.J. Hockenson,TE,MIN,103.35,,,,,,57.5,542.0,3.4,0.1,0.1
Jacoby Brissett,QB,ARI,179.82,2778.0,17.4,7.2,131.0,0.8,,,,2.8,0.6
Chris Bell,WR,MIA,59.45,,,,1.0,,27.9,330.0,2.1,0.1,0.0
Jauan Jennings,WR,MIN,89.4,,,,,,40.4,494.0,3.3,0.1,0.1
Zachariah Branch,WR,ATL,63.51,,,,9.1,0.2,29.2,348.0,2.0,0.0,0.0
Oronde Gadsden,TE,LAC,72.1,,,,,,34.0,389.0,2.7,0.1,0.1
Gunnar Helm,TE,TEN,85.2,,,,,,46.4,428.0,3.2,0.1,0.1
Tyrone Tracy Jr.,RB,NYG,72.35,,,,390.0,1.7,15.7,123.0,0.7,0.6,0.0
Rashod Bateman,WR,BAL,79.23,,,,1.3,,32.4,419.0,3.5,0.1,0.1
Jaydon Blue,RB,DAL,54.64,,,,263.0,2.0,11.9,81.9,0.4,0.2,0.1
James Conner,RB,ARI,42.62,,,,186.0,1.4,10.1,79.7,0.6,0.6,0.1
Adam Randall,RB,BAL,33.18,,,,137.0,1.1,7.9,73.3,0.3,0.1,0.0
Tyquan Thornton,WR,KC,57.5,,,,,,20.0,337.0,2.3,0.0,0.0
Antonio Williams,WR,WAS,51.37,,,,6.7,0.0,23.6,281.0,1.8,0.0,0.0
Jahan Dotson,WR,ATL,66.13,,,,5.3,,28.6,375.0,2.3,0.1,0.1
Malachi Fields,WR,NYG,69.38,,,,2.3,,31.7,395.0,2.3,0.1,0.1
Jack Bech,WR,LV,58.15,,,,3.0,,28.1,326.0,1.9,0.1,0.0
Cooper Kupp,WR,SEA,69.66,,,,1.1,,31.3,377.0,2.7,0.1,0.1
Sean Tucker,RB,TB,48.94,,,,252.0,2.8,5.9,37.9,0.2,0.6,0.1
Ted Hurst III,WR,TB,61.33,,,,4.3,,28.4,341.0,2.1,0.0,0.0
Malik Davis,RB,DAL,30.01,,,,162.0,1.1,5.4,41.1,0.1,0.1,0.0
Fernando Mendoza,QB,LV,171.1,2515.0,15.9,9.1,179.0,1.7,,,,2.4,0.9
Darnell Mooney,WR,NYG,63.83,,,,4.8,,25.9,366.0,2.3,0.0,0.0
Isaac TeSlaa,WR,DET,66.3,,,,3.0,,25.6,356.0,2.9,0.0,0.1
Colby Parkinson,TE,LAR,62.2,,,,,,29.6,294.0,3.0,0.1,0.1
Darren Waller,TE,CAR,82.85,,,,,,39.3,440.0,3.2,0.1,0.1
Kimani Vidal,RB,LAC,54.72,,,,243.0,1.9,12.2,93.2,0.6,0.1,0.1
Geno Smith,QB,NYJ,177.54,2921.0,17.9,13.1,151.0,0.9,,,,3.0,0.4
Aaron Rodgers,QB,PIT,191.83,3019.0,20.0,7.8,60.7,0.4,,,,1.8,0.9
Seth McGowan,RB,IND,34.66,,,,168.0,1.0,7.5,69.1,0.2,0.1,0.1
Jaylen Wright,RB,MIA,47.44,,,,246.0,1.8,8.8,66.4,0.2,0.2,0.1
Samaje Perine,RB,CIN,68.35,,,,279.0,2.6,16.3,121.0,0.8,0.3,0.2
Michael Penix Jr.,QB,ATL,122.75,2039.0,12.8,8.3,63.9,0.4,,,,1.9,0.8
Tank Dell,WR,HOU,58.82,,,,12.7,0.0,23.7,309.0,2.5,0.1,0.0
Calvin Ridley,WR,TEN,72.14,,,,6.4,,28.4,425.0,2.5,0.1,0.0
Justice Hill,RB,BAL,57.9,,,,127.0,0.9,25.8,205.0,1.1,0.2,0.1
Isaiah Davis,RB,NYJ,45.95,,,,181.0,1.4,13.9,113.0,0.2,0.1,0.1
Charlie Kolar,TE,LAC,48.57,,,,0.7,,22.4,265.0,1.8,0.1,0.1
Germie Bernard,WR,PIT,67.71,,,,6.1,0.0,31.2,377.0,2.3,0.1,0.1
Cade Otton,TE,TB,85.45,,,,,,46.9,458.0,2.7,0.1,0.1
Xavier Legette,WR,CAR,60.63,,,,6.3,0.0,28.2,315.0,2.4,0.1,0.1
Tahj Brooks,RB,CIN,23.18,,,,113.0,1.0,3.9,33.3,0.1,0.1,0.1
Keon Coleman,WR,BUF,60.6,,,,6.0,,25.4,317.0,2.6,0.0,0.0
Eli Raridon,TE,NE,33.55,,,,,,17.7,181.0,1.1,0.0,0.0
Darius Slayton,WR,NYG,55.66,,,,2.6,,23.4,337.0,1.7,0.1,0.0
Emanuel Wilson,RB,SEA,38.92,,,,190.0,1.5,8.7,61.7,0.1,0.1,0.0
Treylon Burks,WR,WAS,37.54,,,,5.9,,16.1,205.0,1.4,0.1,0.1
Ollie Gordon II,RB,MIA,32.75,,,,157.0,1.4,5.9,39.0,0.3,0.1,0.1
Jordan James,RB,SF,50.45,,,,247.0,1.9,9.8,78.5,0.3,0.2,0.1
Kendre Miller,RB,NO,19.51,,,,104.0,0.6,4.0,29.1,0.1,0.1,0.1
Chris Brooks,RB,GB,38.97,,,,136.0,1.2,12.5,89.2,0.5,0.1,0.1
Pat Freiermuth,TE,PIT,96.9,,,,,,47.4,516.0,3.6,0.1,0.1
Evan Engram,TE,DEN,59.49,,,,1.4,0.0,34.1,303.0,2.0,0.1,0.1
Bryce Lance,WR,NO,36.45,,,,,,17.7,210.0,1.1,0.0,0.0
Xavier Hutchinson,WR,HOU,33.06,,,,5.6,0.0,15.2,185.0,1.1,0.1,0.0
Joshua Palmer,WR,BUF,37.3,,,,,,16.2,214.0,1.3,0.0,0.0
DeMario Douglas,WR,NE,61.67,,,,37.2,0.1,26.5,327.0,1.9,0.1,0.1
Tua Tagovailoa,QB,ATL,103.67,1780.0,10.8,7.0,30.7,0.1,,,,2.0,1.8
Malik Benson,WR,LV,41.85,,,,,,19.5,237.0,1.4,0.0,0.0
Troy Franklin,WR,DEN,51.54,,,,8.9,0.0,22.9,268.0,2.1,0.1,0.0
Tory Horton,WR,SEA,55.15,,,,3.0,,23.1,301.0,2.2,0.0,0.0
Jake Tonges,TE,SF,46.75,,,,,,25.5,240.0,1.7,0.1,0.0
Michael Mayer,TE,LV,58.35,,,,,,32.1,315.0,1.8,0.1,0.1
Elijah Sarratt,WR,BAL,45.38,,,,1.3,,20.3,243.0,1.8,0.0,0.0
Shedeur Sanders,QB,CLE,101.58,1542.0,9.1,5.8,115.0,1.0,,,,1.5,0.3
Deshaun Watson,QB,CLE,101.26,1494.0,9.0,5.7,129.0,1.1,,,,1.6,0.3
David Njoku,TE,LAC,56.0,,,,,,28.2,263.0,2.6,0.1,0.1
DJ Giddens,RB,IND,33.72,,,,142.0,1.1,9.0,66.2,0.3,0.1,0.1
Marlin Klein,TE,HOU,27.9,,,,,,14.2,148.0,1.0,0.0,0.0
Kirk Cousins,QB,LV,50.52,875.0,5.5,3.0,15.2,0.1,,,,1.5,0.2
Ashton Dulin,WR,IND,25.13,,,,10.3,0.0,8.6,156.0,0.7,0.0,0.0
Skyler Bell,WR,BUF,38.52,,,,1.7,,17.7,217.0,1.3,0.0,0.0
Darnell Washington,TE,PIT,60.1,,,,,,29.0,314.0,2.4,0.1,0.0
Mason Taylor,TE,NYJ,58.65,,,,,,32.9,298.0,2.1,0.1,0.0
Eli Stowers,TE,PHI,48.79,,,,5.9,,23.2,246.0,2.0,0.0,0.0
Elijah Arroyo,TE,SEA,52.8,,,,,,25.4,283.0,2.0,0.1,0.0
Mike Gesicki,TE,CIN,71.5,,,,,,34.8,373.0,2.8,0.1,0.1
Erick All Jr.,TE,CIN,52.0,,,,,,27.8,279.0,1.7,0.1,0.1
Brenen Thompson,WR,LAC,36.51,,,,1.6,0.0,16.7,214.0,1.1,0.0,0.0
Carson Beck,QB,ARI,51.46,814.0,5.2,3.1,31.0,0.4,,,,0.8,0.2
Andrei Iosivas,WR,CIN,65.06,,,,9.1,0.0,28.1,359.0,2.4,0.1,0.0
Devin Neal,RB,NO,15.95,,,,73.3,0.4,5.7,37.7,0.1,0.5,
Elic Ayomanor,WR,TEN,45.4,,,,,,19.4,249.0,1.8,0.0,0.0
Oscar Delp,TE,NO,34.7,,,,,,18.2,190.0,1.1,0.0,0.0
Luke McCaffrey,WR,WAS,24.25,,,,,,10.5,142.0,0.8,0.0,0.0
Chimere Dike,WR,TEN,52.35,,,,27.0,0.3,23.5,239.0,2.2,0.6,0.1
Emari Demercado,RB,KC,26.21,,,,98.6,0.6,9.0,66.5,0.3,0.1,0.0
Christian Kirk,WR,SF,37.77,,,,4.2,,18.1,217.0,1.1,0.0,0.0
Ty Johnson,RB,BUF,48.65,,,,139.0,1.2,15.7,143.0,0.9,0.1,0.1
Roschon Johnson,RB,CHI,12.5,,,,64.5,0.4,2.6,17.5,0.1,0.0,0.0
Trey Benson,RB,ARI,11.03,,,,41.1,0.2,3.4,28.2,0.2,0.0,0.0
Trevor Etienne,RB,CAR,27.98,,,,132.0,0.8,8.1,49.3,0.2,0.1,0.0
Theo Johnson,TE,NYG,56.7,,,,,,27.6,309.0,2.0,0.1,0.1
Raheim Sanders,RB,CLE,16.41,,,,75.1,0.5,4.5,32.5,0.1,0.1,0.0
LeQuint Allen Jr.,RB,JAX,38.64,,,,92.4,0.6,16.8,120.0,0.9,0.1,0.1
Devin Singletary,RB,NYG,24.69,,,,107.0,0.8,7.1,52.4,0.1,0.1,0.0
Jawhar Jordan,RB,HOU,21.18,,,,113.0,0.7,4.4,30.8,0.1,0.1,0.0
Phil Mafah,RB,DAL,14.11,,,,84.1,0.5,2.3,17.5,0.0,0.1,0.0
Marvin Mims Jr.,WR,DEN,47.9,,,,44.0,0.1,23.0,236.0,1.5,0.6,0.0
Isaiah Bond,WR,CLE,48.37,,,,13.7,0.0,19.4,271.0,1.7,0.0,0.0
Colbie Young,WR,CIN,33.1,,,,,,15.8,192.0,1.0,0.0,0.0
Kendrick Bourne,WR,ARI,56.62,,,,1.2,,26.8,337.0,1.6,0.1,0.0
CJ Daniels,WR,LAR,23.65,,,,2.0,,11.7,134.0,0.7,0.0,0.0
Kyle Williams,WR,NE,37.34,,,,7.4,0.0,14.2,217.0,1.3,0.0,0.0
Savion Williams,WR,GB,38.77,,,,46.2,0.1,15.7,169.0,1.5,0.2,0.1
Zavion Thomas,WR,CHI,32.09,,,,7.9,0.0,14.2,170.0,1.2,0.0,0.0
Mack Hollins,WR,NE,34.99,,,,2.4,0.0,15.9,196.0,1.2,0.0,0.0
Roman Wilson,WR,PIT,42.4,,,,,,18.4,244.0,1.5,0.1,0.0
Hollywood Brown,WR,PHI,41.95,,,,,,19.1,234.0,1.5,0.0,0.0
Brashard Smith,RB,KC,31.53,,,,94.2,1.0,9.7,76.6,0.6,0.1,0.1
Tyler Goodson,RB,ATL,11.22,,,,49.7,0.4,3.1,17.0,0.1,0.0,0.0
Audric Estime,RB,NO,12.38,,,,50.0,0.4,3.3,27.3,0.1,0.0,0.0
Justin Fields,QB,KC,40.19,510.0,3.6,2.0,75.9,0.5,,,,0.7,0.1
Tyler Higbee,TE,LAR,33.6,,,,,,17.2,180.0,1.2,0.1,0.0
Dawson Knox,TE,BUF,58.6,,,,,,26.0,294.0,2.7,0.1,0.1
Carson Wentz,QB,MIN,12.18,185.0,1.1,0.7,11.8,0.1,,,,0.0,0.0
Noah Fant,TE,NO,29.15,,,,,,16.7,156.0,0.9,0.1,0.0
Michael Carter,RB,TEN,6.54,,,,22.3,0.0,2.9,22.6,0.1,0.0,
Cole Kmet,TE,CHI,53.05,,,,,,26.5,280.0,2.0,0.1,0.0
Bam Knight,RB,ARI,6.21,,,,,0.2,3.6,26.1,0.1,,
Josh Oliver,TE,MIN,33.3,,,,,,16.6,174.0,1.3,0.1,0.0
Austin Hooper,TE,ATL,31.35,,,,,,15.9,176.0,1.0,0.1,0.0
Brock Wright,TE,DET,23.7,,,,,,13.0,118.0,0.9,0.0,0.0
Greg Dortch,WR,DET,31.14,,,,23.4,0.2,16.2,153.0,0.9,0.6,0.0
KaVontae Turpin,WR,DAL,56.6,,,,116.0,0.5,18.6,243.0,1.6,0.6,0.0
Joe Flacco,QB,CIN,28.58,453.0,3.2,1.8,8.6,0.1,,,,0.2,0.1
Sterling Shepard,WR,HOU,0.6,,,,6.0,,,,,,
Olamide Zaccheaus,WR,ATL,41.59,,,,9.4,0.0,21.3,216.0,1.4,0.1,0.1
Kevin Austin Jr.,WR,NO,3.8,,,,0.5,,1.9,22.0,0.1,0.0,0.0
Cedric Tillman,WR,CLE,19.7,,,,,,9.0,116.0,0.6,,
Tanner Hudson,TE,CIN,18.22,,,,,,9.2,88.2,0.8,0.0,0.0
J.J. McCarthy,QB,MIN,23.46,349.0,2.3,1.5,29.0,0.1,,,,0.2,0.1
Ja'Tavion Sanders,TE,CAR,29.55,,,,,,16.5,131.0,1.4,0.1,0.0
Devontez Walker,WR,BAL,35.2,,,,3.0,,12.4,209.0,1.3,0.0,0.0
Tez Johnson,WR,TB,33.4,,,,13.0,0.1,14.0,173.0,1.2,0.0,0.0
Daniel Bellinger,TE,TEN,39.7,,,,,,19.4,224.0,1.3,0.1,0.0
Tommy Tremble,TE,CAR,27.95,,,,,,15.5,144.0,1.0,0.1,0.0
John Metchie III,WR,CAR,27.49,,,,5.4,0.0,14.7,148.0,0.8,0.0,0.0
Hunter Long,TE,JAX,5.54,,,,,,1.8,16.4,0.5,0.0,0.0
Jalen Tolbert,WR,MIA,43.35,,,,,,20.3,236.0,1.6,0.0,0.0
Jackson Hawes,TE,BUF,26.45,,,,,,12.9,140.0,1.0,0.0,0.0
Mac Jones,QB,SF,27.06,432.0,3.0,1.7,17.8,0.1,,,,0.7,0.1
Adam Trautman,TE,DEN,28.15,,,,,,15.5,152.0,0.9,0.1,0.0
DeAndre Hopkins,WR,BAL,2.0,,,,,,1.0,15.0,,,
Tyler Conklin,TE,DET,2.97,,,,,,2.0,19.7,0.0,0.0,
Demarcus Robinson,WR,SF,28.84,,,,2.4,0.0,12.4,170.0,0.9,0.0,0.0
Lil'Jordan Humphrey,WR,DEN,14.96,,,,,,6.2,76.6,0.7,0.0,0.0
Noah Gray,TE,KC,42.1,,,,,,23.0,218.0,1.5,0.1,0.0
Van Jefferson,WR,WAS,6.01,,,,,,3.1,38.6,0.1,0.0,
Mitchell Evans,TE,CAR,16.86,,,,1.5,0.0,10.0,93.1,0.4,0.0,0.0
Jahdae Walker,WR,CHI,29.43,,,,1.8,,11.9,155.0,1.3,0.0,0.0
Davis Allen,TE,LAR,12.09,,,,,,6.6,63.9,0.4,0.0,0.0
Ben Sinnott,TE,WAS,28.2,,,,1.5,,14.1,144.0,1.1,0.0,0.0
Kalif Raymond,WR,CHI,32.99,,,,12.4,0.0,14.7,178.0,1.1,0.0,0.0
Tyler Johnson,WR,DAL,5.0,,,,,,3.0,35.0,,,
Tim Patrick,WR,NYJ,14.07,,,,,,6.1,80.2,0.5,0.0,0.0
Elijah Higgins,TE,ARI,36.0,,,,,,20.0,196.0,1.1,0.1,0.0
Tutu Atwell,WR,LAR,22.9,,,,4.5,0.0,10.1,144.0,0.5,0.0,0.0
Tyler Lockett,WR,LV,22.8,,,,,,11.0,113.0,1.0,,
Spencer Rattler,QB,NO,20.39,311.0,1.9,1.2,21.5,0.1,,,,0.1,0.1
Zach Charbonnet,RB,SEA,,,,,513.8,5.3,18.4,136.3,0.5,0.7,
AJ Dillon,RB,CAR,,,,,532.0,3.0,18.0,146.0,1.0,5.0,
Kevin Coleman Jr.,WR,MIA,,,,,0.0,0.0,27.1,352.0,0.9,0.3,
Will Kacmarek,TE,MIA,,,,,0.0,0.0,26.5,251.4,1.9,0.6,
Jonnu Smith,TE,GB,,,,,0.0,0.0,22.5,204.8,2.1,0.1,
Kyle Juszczyk,RB,SF,,,,,10.3,0.1,23.7,208.8,1.5,0.1,
Theo Wease Jr.,WR,LAC,,,,,0.0,0.0,16.0,233.0,1.3,0.0,
Dyami Brown,WR,WAS,,,,,0.0,0.0,15.8,216.5,1.6,0.2,
Jacob Saylors,RB,DET,,,,,178.1,1.5,5.3,44.1,0.2,0.1,
John Bates,TE,WAS,,,,,0.0,0.0,17.0,169.2,1.6,0.6,
Jeremy Ruckert,TE,NYJ,,,,,0.0,0.0,19.7,146.3,1.3,0.0,
Drew Sample,TE,CIN,,,,,0.0,0.0,17.3,141.7,1.2,0.1,
Nate Boerkircher,TE,JAC,,,,,0.0,0.0,14.9,156.8,1.3,0.5,
Nate Adkins,TE,DEN,,,,,0.0,0.0,11.9,88.4,1.8,0.0,
Cade Stover,TE,HOU,,,,,0.0,0.0,15.3,127.8,0.9,0.1,
Jack Endries,TE,CIN,,,,,0.0,0.0,13.0,123.0,1.0,0.0,
Luke Schoonmaker,TE,DAL,,,,,0.0,0.0,13.2,121.5,0.9,0.0,
Luke Musgrave,TE,GB,,,,,0.0,0.0,13.7,132.3,0.7,0.0,
Corey Kiner,RB,NE,,,,,149.0,1.0,2.0,20.0,0.0,0.0,
Foster Moreau,TE,HOU,,,,,0.0,0.0,9.3,105.2,1.3,0.0,
Bauer Sharp,TE,TB,,,,,0.0,0.0,11.0,113.0,1.0,0.0,
Dallen Bentley,TE,DEN,,,,,0.0,0.0,12.0,104.0,1.0,0.0,
Mo Alie-Cox,TE,IND,,,,,0.0,0.0,10.6,113.7,0.9,0.1,
Will Shipley,RB,PHI,,,,,39.5,0.3,11.3,83.4,0.4,0.1,
Charlie Woerner,TE,ATL,,,,,0.0,0.0,13.5,114.4,0.6,0.0,
Isaiah Williams,WR,NYJ,,,,,12.7,0.1,11.8,114.5,0.4,0.1,
Jaylin Lane,WR,WAS,,,,,0.0,0.0,9.3,118.7,0.8,0.1,
Thomas Fidone II,TE,NYG,,,,,0.0,0.0,10.0,101.0,1.0,0.0,
Jared Wiley,TE,KC,,,,,0.0,0.0,11.0,96.0,1.0,0.0,
Eli Heidenreich,RB,PIT,,,,,117.0,1.0,2.0,21.0,0.0,0.0,
Hunter Luepke,RB,DAL,,,,,56.4,0.4,8.6,61.6,0.4,0.1,
Connor Heyward,TE,LV,,,,,17.4,0.1,9.0,65.5,1.1,0.0,
Will Mallory,TE,IND,,,,,0.0,0.0,8.0,97.0,1.0,0.0,
Odell Beckham Jr.,WR,NYG,,,,,0.0,0.0,9.2,113.1,0.6,0.1,
Kylen Granson,TE,TEN,,,,,0.0,0.0,10.0,83.0,1.0,0.0,
Durham Smythe,TE,BAL,,,,,0.0,0.0,8.9,86.4,0.9,0.0,
Jimmy Horn Jr.,WR,CAR,,,,,37.0,0.2,6.6,75.5,0.4,0.1,
Jordan Whittington,WR,LAR,,,,,12.1,0.1,7.5,84.7,0.6,0.1,
Rasheen Ali,RB,BAL,,,,,54.5,0.2,5.3,40.7,0.6,0.0,
Payne Durham,TE,TB,,,,,0.0,0.0,7.6,80.8,0.8,0.0,
Konata Mumpfield,WR,LAR,,,,,0.0,0.0,6.6,83.7,0.8,0.1,
Max Klare,TE,LAR,,,,,0.0,0.0,7.5,82.5,0.7,0.0,
Grant Calcaterra,TE,PHI,,,,,0.0,0.0,8.5,87.5,0.5,0.0,
Seydou Traore,TE,MIA,,,,,0.0,0.0,8.1,78.7,0.7,0.0,
Barion Brown,WR,NO,,,,,0.0,0.0,7.2,91.4,0.4,0.1,
Jalen Royals,WR,KC,,,,,0.0,0.0,6.8,78.1,0.6,0.1,
Brevyn Spann-Ford,TE,DAL,,,,,0.0,0.0,7.4,71.4,0.7,0.0,
Tanner Koziol,TE,JAC,,,,,0.0,0.0,7.0,73.8,0.6,0.0,
KeAndre Lambert-Smith,WR,LAC,,,,,0.0,0.0,6.4,80.6,0.6,0.1,
Sam Roush,TE,CHI,,,,,0.0,0.0,6.8,72.4,0.6,0.0,
Michael Burton,RB,CLE,,,,,13.8,0.6,5.1,33.3,0.6,0.0,
Josh Whyle,TE,GB,,,,,0.0,0.0,7.1,61.8,0.7,0.0,
Laquon Treadwell,WR,IND,,,,,0.0,0.0,7.1,78.3,0.4,0.1,
Bo Melton,WR,GB,,,,,12.7,0.1,5.1,65.8,0.4,0.1,
Josh Cuevas,TE,BAL,,,,,0.0,0.0,5.7,66.4,0.6,0.0,
Ian Thomas,TE,LV,,,,,0.0,0.0,6.9,61.5,0.6,0.0,
Ko Kieft,TE,TB,,,,,0.0,0.0,5.8,58.5,0.7,0.0,
Andrew Beck,RB,NYJ,,,,,4.0,0.0,4.6,31.8,1.1,0.0,
Alec Ingold,RB,LAC,,,,,8.6,0.1,7.9,58.7,0.2,0.1,
Drew Ogletree,TE,IND,,,,,0.0,0.0,5.8,55.6,0.6,0.0,
Ameer Abdullah,RB,JAC,,,,,36.5,0.5,4.4,30.5,0.0,0.0,
Blake Whiteheart,TE,CLE,,,,,0.0,0.0,7.1,63.4,0.3,0.1,
Tay Martin,WR,DET,,,,,25.7,0.3,3.4,40.7,0.3,0.1,
Isaac Guerendo,RB,SF,,,,,61.0,0.5,1.5,14.5,0.0,0.0,
Malachi Corley,WR,CLE,,,,,43.9,0.2,3.4,33.7,0.1,0.1,
Chris Manhertz,TE,NYG,,,,,0.0,0.0,5.4,50.6,0.6,0.0,
Kene Nwangwu,RB,NYJ,,,,,66.0,0.5,0.0,2.0,0.0,0.0,
Derius Davis,WR,LAC,,,,,11.0,0.1,3.5,38.1,0.3,0.1,
Adam Prentice,RB,DEN,,,,,17.4,0.1,4.1,29.8,0.2,0.0,
Dohnte Meyers,WR,CIN,,,,,0.0,0.0,3.7,42.5,0.4,0.0,
Xavier Smith,WR,LAR,,,,,0.0,0.0,3.6,44.3,0.3,0.0,
Efton Chism III,WR,NE,,,,,0.0,0.0,3.5,42.7,0.3,0.0,
Jacob Cowing,WR,SF,,,,,0.0,0.0,3.3,44.1,0.3,0.0,
Max Bredeson,RB,MIN,,,,,8.5,0.1,4.5,29.5,0.2,0.0,
Kaleb Johnson,RB,GB,,,,,33.2,0.3,1.4,10.3,0.1,0.0,
Josh Cameron,WR,JAC,,,,,0.0,0.0,3.2,39.9,0.2,0.0,
Tai Felton,WR,MIN,,,,,0.0,0.0,3.7,37.0,0.2,0.0,
Jonathan Mingo,WR,DAL,,,,,0.0,0.0,2.9,40.5,0.3,0.0,
Luke Farrell,TE,SF,,,,,0.0,0.0,3.8,36.0,0.3,0.0,
Eric Saubert,TE,SEA,,,,,0.0,0.0,3.4,34.4,0.3,0.0,
Darius Cooper,WR,PHI,,,,,0.0,0.0,3.3,37.7,0.3,0.0,
Johnny Mundt,TE,PHI,,,,,0.0,0.0,3.5,35.4,0.2,0.0,
Reggie Virgil,WR,ARI,,,,,0.0,0.0,3.4,39.2,0.1,0.0,
Dareke Young,WR,LV,,,,,0.0,0.0,3.3,38.3,0.1,0.0,
Carsen Ryan,TE,CLE,,,,,0.0,0.0,3.8,33.8,0.2,0.0,
Brycen Tremayne,WR,CAR,,,,,0.0,0.0,3.3,36.0,0.2,0.0,
Riley Nowakowski,TE,PIT,,,,,0.0,0.0,4.3,29.2,0.2,0.0,
Reggie Gilliam,RB,NE,,,,,0.0,0.0,4.1,29.9,0.2,0.0,
Sione Vaki,RB,DET,,,,,27.5,0.2,1.2,8.7,0.1,0.0,
Patrick Ricard,RB,NYG,,,,,0.0,0.0,3.9,26.8,0.1,0.0,
Arian Smith,WR,NYJ,,,,,23.7,0.2,0.0,0.0,0.0,0.0,
Ben Skowronek,WR,PIT,,,,,0.0,0.0,1.8,16.9,0.1,0.0,
British Brooks,RB,HOU,,,,,18.0,0.1,0.0,0.0,0.0,0.0,
Kameron Johnson,WR,TB,,,,,12.1,0.1,0.0,0.0,0.0,0.0,
Kaden Wetjen,WR,PIT,,,,,11.7,0.1,0.0,0.0,0.0,0.0,
Braxton Berrios,WR,NYG,,,,,0.0,0.0,0.0,0.0,0.0,0.0,
Gunner Olszewski,WR,NYG,,,,,0.0,0.0,0.0,0.0,0.0,0.0,
Devin Duvernay,WR,ARI,,,,,0.0,0.0,0.0,0.0,0.0,0.0,
Tylan Wallace,WR,CLE,,,,,0.0,0.0,0.0,0.0,0.0,0.0,
Skyy Moore,WR,GB,,,,,0.0,0.0,0.0,0.0,0.0,0.0,
Jalen Brooks,WR,ARI,,,,,0.0,0.0,0.0,0.0,0.0,0.0,
Nikko Remigio,WR,KC,,,,,0.0,0.0,0.0,0.0,0.0,0.0,
Tyrell Shavers,WR,BUF,,,,,0.0,0.0,0.0,0.0,0.0,0.0,
Mason Tipton,WR,NO,,,,,0.0,0.0,0.0,0.0,0.0,0.0,
Dont'e Thornton Jr.,WR,LV,,,,,0.0,0.0,0.0,0.0,0.0,0.0,
LaJohntay Wester,WR,BAL,,,,,0.0,0.0,0.0,0.0,0.0,0.0,
Ke'Shawn Williams,WR,CIN,,,,,0.0,0.0,0.0,0.0,0.0,0.0,
Myles Price,WR,MIN,,,,,0.0,0.0,0.0,0.0,0.0,0.0,
Quintin Morris,TE,JAC,,,,,0.0,0.0,0.0,0.0,0.0,0.0,
Cole Turner,TE,MIA,,,,,0.0,0.0,0.0,0.0,0.0,0.0,
Jelani Woods,TE,NYJ,,,,,0.0,0.0,0.0,0.0,0.0,0.0,
Lucas Krull,TE,DEN,,,,,0.0,0.0,0.0,0.0,0.0,0.0,
Ben Sims,TE,MIA,,,,,0.0,0.0,0.0,0.0,0.0,0.0,
Julian Hill,TE,NE,,,,,0.0,0.0,0.0,0.0,0.0,0.0,
Tip Reiman,TE,ARI,,,,,0.0,0.0,0.0,0.0,0.0,0.0,
CJ Dippre,TE,TB,,,,,0.0,0.0,0.0,0.0,0.0,0.0,
Joe Royer,TE,CLE,,,,,0.0,0.0,0.0,0.0,0.0,0.0,
Jackson Meeks,WR,DET,,,,,0.0,0.0,0.0,0.0,0.0,0.0,
DeeJay Dallas,RB,MIN,,,,,0.0,0.0,0.0,0.0,0.0,0.0,
Jerome Ford,RB,WAS,,,,,0.0,0.0,0.0,0.0,0.0,0.0,
Tyler Badie,RB,DEN,,,,,0.0,0.0,0.0,0.0,0.0,0.0,
Dylan Laube,RB,LV,,,,,0.0,0.0,0.0,0.0,0.0,0.0,
Chris Collier,RB,LV,,,,,0.0,0.0,0.0,0.0,0.0,0.0,
Ty Simpson,QB,LAR,,242.8,2.1,0.5,13.9,0.0,,,,0.1,
Marcus Mariota,QB,WAS,,253.9,2.0,0.8,7.9,0.0,,,,0.1,
Riley Leonard,QB,IND,,192.7,1.3,0.5,11.5,0.0,,,,0.6,
Jameis Winston,QB,NYG,,194.3,1.3,1.3,10.9,0.0,,,,0.6,
Tommy DeVito,QB,NE,,153.5,1.0,0.2,15.3,0.0,,,,0.1,
Tyson Bagent,QB,CHI,,169.9,1.0,0.2,8.7,0.0,,,,0.1,
Jarrett Stidham,QB,DEN,,152.7,1.1,0.3,12.9,0.0,,,,0.1,
Davis Mills,QB,HOU,,175.8,0.9,0.5,9.0,0.0,,,,0.1,
Tyrod Taylor,QB,GB,,144.3,0.9,0.3,16.8,0.0,,,,0.1,
Joshua Dobbs,QB,DET,,156.5,1.0,0.3,7.9,0.0,,,,0.1,
Tyler Huntley,QB,BAL,,130.8,0.9,0.3,18.7,0.0,,,,0.1,
Quinn Ewers,QB,JAC,,157.9,1.0,0.8,11.6,0.0,,,,0.1,
Trey Lance,QB,LAC,,148.2,1.0,0.8,12.9,0.0,,,,0.1,
Anthony Richardson Sr.,QB,IND,,110.0,1.0,0.0,20.0,0.0,,,,0.0,
Tanner McKee,QB,PHI,,141.0,1.0,0.2,9.9,0.0,,,,0.0,
Kenny Pickett,QB,CAR,,157.8,1.0,0.8,10.6,0.0,,,,0.1,
Jalon Daniels,QB,TB,,140.1,1.0,0.2,7.8,0.0,,,,0.1,
Sam Howell,QB,DAL,,144.3,1.0,0.7,6.9,0.1,,,,0.1,
Drew Lock,QB,SEA,,146.6,0.9,0.8,13.1,0.0,,,,0.1,
Andy Dalton,QB,PHI,,140.0,1.0,0.0,23.0,0.0,,,,1.0,
Drew Allar,QB,PIT,,160.2,0.9,0.5,5.7,0.1,,,,0.2,
Gardner Minshew II,QB,ARI,,147.8,0.8,0.3,8.8,0.0,,,,0.1,
Cade Klubnik,QB,NYJ,,136.9,0.9,0.6,8.2,0.0,,,,0.1,
Cole Payton,QB,PHI,,105.0,1.0,0.0,10.0,0.0,,,,0.0,
Kyle Allen,QB,BUF,,138.4,1.0,0.6,3.6,0.0,,,,0.1,
Mitchell Trubisky,QB,TEN,,137.0,0.9,0.6,5.8,0.0,,,,0.1,
Jalen Milroe,QB,SEA,,89.0,1.0,0.0,14.0,0.0,,,,0.0,
Kyle McCord,QB,MIA,,123.9,0.8,0.8,6.8,0.0,,,,0.1,
Joe Milton III,QB,DAL,,88.5,0.5,0.5,11.0,0.0,,,,0.0,
Will Howard,QB,PIT,,93.0,0.5,0.5,3.5,0.0,,,,0.0,
Mason Rudolph,QB,PIT,,67.5,0.5,0.0,8.5,0.0,,,,0.0,
Stetson Bennett IV,QB,LAR,,67.5,0.5,0.0,5.0,0.0,,,,0.0,
Josh Johnson,QB,CIN,,0.0,0.0,0.0,0.0,0.0,,,,0.0,
Nick Mullens,QB,JAC,,0.0,0.0,0.0,0.0,0.0,,,,0.0,
Aidan O'Connell,QB,LV,,0.0,0.0,0.0,0.0,0.0,,,,0.0,
