seed,team,keeper_state_status,n_players,n_qb_rostered,legal_roster,has_duplicate_player,lineup_is_legal,lineup_failure_reason,starting_lineup_points,bench_option_value,total_roster_utility,raw_all_rostered_points,budget_remaining_unspent_cash
0,Brad,PARTIALLY_CONFIRMED,15,1,True,False,True,,1647.18,109.52,1756.7,2259.21,43.35
0,Brandon,PARTIALLY_CONFIRMED,15,2,True,False,True,,1899.44,93.01,1992.45,2498.71,0.0
0,CJ,PARTIALLY_CONFIRMED,15,3,True,False,True,,1586.55,60.3,1646.85,2125.41,0.0
0,Coby,PARTIALLY_CONFIRMED,15,1,True,False,True,,1400.79,90.38,1491.17,2067.29,0.0
0,Evan,PARTIALLY_CONFIRMED,15,1,True,False,False,MISSING_TE,0.0,0.0,0.0,2492.39,0.0
0,James,PARTIALLY_CONFIRMED,15,4,True,False,True,,1615.75,64.11,1679.86,2434.51,0.01
0,Jason,PARTIALLY_CONFIRMED,15,1,True,False,True,,1935.29,75.68,2010.97,2547.72,2.67
0,Reid,PARTIALLY_CONFIRMED,15,2,True,False,True,,1561.58,99.99,1661.57,2359.21,0.0
0,Ryan J,PARTIALLY_CONFIRMED,15,1,True,False,True,,2281.47,132.26,2413.73,3021.66,19.63
0,Sam,CONFIRMED,15,4,True,False,True,,1897.55,90.73,1988.28,3157.74,35.85
0,Shane,PARTIALLY_CONFIRMED,15,1,True,False,True,,1477.3,104.29,1581.59,2093.63,19.22
0,Travis,PARTIALLY_CONFIRMED,15,2,True,False,True,,1433.15,87.25,1520.4,1835.98,0.0
1,Brad,PARTIALLY_CONFIRMED,15,2,True,False,True,,1483.87,42.0,1525.87,1770.69,0.0
1,Brandon,PARTIALLY_CONFIRMED,15,1,True,False,True,,1862.06,87.35,1949.41,2307.82,0.0
1,CJ,PARTIALLY_CONFIRMED,15,2,True,False,True,,1675.7,75.97,1751.67,2112.37,0.0
1,Coby,PARTIALLY_CONFIRMED,15,2,True,False,True,,1614.29,76.44,1690.73,2026.04,0.0
1,Evan,PARTIALLY_CONFIRMED,15,2,True,False,True,,1907.84,126.84,2034.68,2687.45,3.55
1,James,PARTIALLY_CONFIRMED,15,2,True,False,True,,1601.67,143.93,1745.6,2469.32,21.64
1,Jason,PARTIALLY_CONFIRMED,15,1,True,False,True,,2303.37,140.82,2444.19,3177.26,30.54
1,Reid,PARTIALLY_CONFIRMED,15,1,True,False,True,,1500.79,89.18,1589.97,2017.86,0.0
1,Ryan J,PARTIALLY_CONFIRMED,15,2,True,False,True,,1630.71,53.8,1684.51,2274.6,0.0
1,Sam,CONFIRMED,15,4,True,False,True,,1617.54,106.53,1724.07,2618.61,0.0
1,Shane,PARTIALLY_CONFIRMED,15,2,True,False,False,MISSING_TE,0.0,0.0,0.0,3142.57,45.94
1,Travis,PARTIALLY_CONFIRMED,15,1,True,False,True,,1524.67,114.45,1639.12,2173.49,14.53
2,Brad,PARTIALLY_CONFIRMED,15,1,True,False,True,,1913.52,111.99,2025.51,2545.59,43.31
2,Brandon,PARTIALLY_CONFIRMED,15,4,True,False,True,,2030.83,103.98,2134.81,3018.94,0.0
2,CJ,PARTIALLY_CONFIRMED,15,2,True,False,True,,1701.48,83.68,1785.16,2383.56,0.01
2,Coby,PARTIALLY_CONFIRMED,15,1,True,False,True,,1415.27,126.95,1542.22,2071.68,0.0
2,Evan,PARTIALLY_CONFIRMED,15,0,True,False,False,MISSING_QB,0.0,0.0,0.0,2443.66,11.97
2,James,PARTIALLY_CONFIRMED,15,2,True,False,True,,2277.19,128.24,2405.43,3126.16,43.12
2,Jason,PARTIALLY_CONFIRMED,15,1,True,False,True,,1993.35,73.99,2067.34,2396.98,0.0
2,Reid,PARTIALLY_CONFIRMED,15,1,True,False,True,,1504.16,72.87,1577.03,1917.69,0.0
2,Ryan J,PARTIALLY_CONFIRMED,15,3,True,False,True,,1592.86,68.23,1661.09,2407.65,8.78
2,Sam,CONFIRMED,15,1,True,False,True,,1593.98,100.76,1694.74,2290.48,1.91
2,Shane,PARTIALLY_CONFIRMED,15,4,True,False,True,,1485.55,101.96,1587.51,2361.99,58.68
2,Travis,PARTIALLY_CONFIRMED,15,4,True,False,True,,1432.67,68.25,1500.92,2035.52,0.0
3,Brad,PARTIALLY_CONFIRMED,15,1,True,False,True,,1314.2,107.64,1421.84,2047.12,50.82
3,Brandon,PARTIALLY_CONFIRMED,15,1,True,False,True,,2008.14,109.04,2117.18,2599.72,3.16
3,CJ,PARTIALLY_CONFIRMED,15,1,True,False,True,,2180.27,112.18,2292.45,2754.63,19.26
3,Coby,PARTIALLY_CONFIRMED,15,1,True,False,True,,1634.45,109.29,1743.74,2236.39,0.0
3,Evan,PARTIALLY_CONFIRMED,15,1,True,False,True,,2214.69,126.2,2340.89,2935.4,15.75
3,James,PARTIALLY_CONFIRMED,15,3,True,False,True,,1659.29,125.86,1785.15,2638.75,42.52
3,Jason,PARTIALLY_CONFIRMED,15,2,True,False,True,,2246.45,131.66,2378.11,3072.38,34.6
3,Reid,PARTIALLY_CONFIRMED,15,4,True,False,True,,1476.46,38.52,1514.98,2309.57,0.0
3,Ryan J,PARTIALLY_CONFIRMED,15,2,True,False,True,,1452.08,58.95,1511.03,1998.99,2.26
3,Sam,CONFIRMED,15,4,True,False,False,MISSING_TE,0.0,0.0,0.0,2539.96,0.0
3,Shane,PARTIALLY_CONFIRMED,15,1,True,False,False,MISSING_TE,0.0,0.0,0.0,2024.59,0.0
3,Travis,PARTIALLY_CONFIRMED,15,0,True,False,False,MISSING_QB,0.0,0.0,0.0,1868.02,0.62
4,Brad,PARTIALLY_CONFIRMED,15,3,True,False,True,,1850.17,72.27,1922.44,2733.61,6.49
4,Brandon,PARTIALLY_CONFIRMED,15,2,True,False,True,,1919.41,111.09,2030.5,2642.08,0.0
4,CJ,PARTIALLY_CONFIRMED,15,1,True,False,True,,2119.98,128.91,2248.89,2785.62,51.28
4,Coby,PARTIALLY_CONFIRMED,15,1,True,False,True,,1717.12,125.74,1842.86,2407.04,4.95
4,Evan,PARTIALLY_CONFIRMED,15,0,True,False,False,MISSING_QB,0.0,0.0,0.0,2100.33,0.0
4,James,PARTIALLY_CONFIRMED,15,3,True,False,True,,1588.12,94.44,1682.56,2443.34,0.0
4,Jason,PARTIALLY_CONFIRMED,15,4,True,False,True,,1843.35,67.34,1910.69,2353.59,0.0
4,Reid,PARTIALLY_CONFIRMED,15,2,True,False,True,,1580.56,88.11,1668.67,2256.98,0.0
4,Ryan J,PARTIALLY_CONFIRMED,15,2,True,False,True,,1506.85,46.74,1553.59,1905.49,0.0
4,Sam,CONFIRMED,15,1,True,False,True,,2034.28,93.09,2127.37,2815.46,3.71
4,Shane,PARTIALLY_CONFIRMED,15,2,True,False,False,MISSING_TE,0.0,0.0,0.0,2327.06,0.0
4,Travis,PARTIALLY_CONFIRMED,15,3,True,False,True,,1535.85,67.68,1603.53,2341.43,0.0
5,Brad,PARTIALLY_CONFIRMED,15,2,True,False,True,,1570.49,108.08,1678.57,2310.3,4.29
5,Brandon,PARTIALLY_CONFIRMED,15,1,True,False,True,,2315.96,106.2,2422.16,3162.8,29.88
5,CJ,PARTIALLY_CONFIRMED,15,1,True,False,True,,1484.17,85.3,1569.47,1982.3,3.32
5,Coby,PARTIALLY_CONFIRMED,15,1,True,False,True,,2034.94,120.77,2155.71,2775.46,45.25
5,Evan,PARTIALLY_CONFIRMED,15,2,True,False,True,,1897.6,96.85,1994.45,2555.4,0.0
5,James,PARTIALLY_CONFIRMED,15,2,True,False,True,,1443.23,80.59,1523.82,2031.37,0.0
5,Jason,PARTIALLY_CONFIRMED,15,1,True,False,True,,1974.01,126.8,2100.81,2669.55,3.61
5,Reid,PARTIALLY_CONFIRMED,15,2,True,False,True,,1890.7,120.26,2010.96,2622.93,0.0
5,Ryan J,PARTIALLY_CONFIRMED,15,2,True,False,True,,1594.51,83.37,1677.88,2217.92,0.0
5,Sam,CONFIRMED,15,3,True,False,True,,1480.81,45.86,1526.67,1905.62,0.0
5,Shane,PARTIALLY_CONFIRMED,15,2,True,False,False,MISSING_TE,0.0,0.0,0.0,2400.92,0.0
5,Travis,PARTIALLY_CONFIRMED,15,1,True,False,True,,1464.45,97.45,1561.9,2020.54,5.53
6,Brad,PARTIALLY_CONFIRMED,15,3,True,False,True,,1508.96,79.68,1588.64,2304.82,0.0
6,Brandon,PARTIALLY_CONFIRMED,15,2,True,False,True,,1978.61,109.57,2088.18,2529.6,2.45
6,CJ,PARTIALLY_CONFIRMED,15,1,True,False,True,,1656.22,86.24,1742.46,2127.38,0.0
6,Coby,PARTIALLY_CONFIRMED,15,1,True,False,True,,1554.99,75.39,1630.38,2113.84,2.42
6,Evan,PARTIALLY_CONFIRMED,15,1,True,False,True,,1948.12,69.16,2017.28,2342.14,0.0
6,James,PARTIALLY_CONFIRMED,15,4,True,False,True,,1657.56,88.13,1745.69,2369.43,5.39
6,Jason,PARTIALLY_CONFIRMED,15,3,True,False,True,,1899.95,120.99,2020.94,2762.81,0.0
6,Reid,PARTIALLY_CONFIRMED,15,3,True,False,True,,1993.69,131.45,2125.14,3107.26,14.94
6,Ryan J,PARTIALLY_CONFIRMED,15,5,True,False,True,,1518.9,29.78,1548.68,2376.38,0.0
6,Sam,CONFIRMED,15,1,True,False,True,,1595.01,94.76,1689.77,2090.99,0.0
6,Shane,PARTIALLY_CONFIRMED,15,1,True,False,False,MISSING_TE,0.0,0.0,0.0,2927.35,44.83
6,Travis,PARTIALLY_CONFIRMED,15,1,True,False,True,,1491.69,90.25,1581.94,1978.62,0.0
7,Brad,PARTIALLY_CONFIRMED,15,1,True,False,True,,1561.51,53.06,1614.57,1979.89,1.19
7,Brandon,PARTIALLY_CONFIRMED,15,1,True,False,True,,1994.06,114.28,2108.34,2662.76,2.16
7,CJ,PARTIALLY_CONFIRMED,15,2,True,False,True,,1789.62,97.49,1887.11,2397.25,4.77
7,Coby,PARTIALLY_CONFIRMED,15,2,True,False,True,,1612.8,69.7,1682.5,2102.9,0.59
7,Evan,PARTIALLY_CONFIRMED,15,1,True,False,True,,1846.44,113.81,1960.25,2430.47,0.85
7,James,PARTIALLY_CONFIRMED,15,2,True,False,True,,1452.72,100.39,1553.11,2062.53,0.0
7,Jason,PARTIALLY_CONFIRMED,15,1,True,False,True,,2415.96,120.92,2536.88,3068.2,31.72
7,Reid,PARTIALLY_CONFIRMED,15,1,True,False,True,,1874.98,104.54,1979.52,2435.18,0.0
7,Ryan J,PARTIALLY_CONFIRMED,15,2,True,False,True,,1558.44,68.97,1627.41,2070.97,0.82
7,Sam,CONFIRMED,15,2,True,False,True,,1625.2,120.79,1745.99,2307.62,0.0
7,Shane,PARTIALLY_CONFIRMED,15,2,True,False,True,,1466.51,98.07,1564.58,2120.67,0.0
7,Travis,PARTIALLY_CONFIRMED,15,1,True,False,True,,1852.69,117.48,1970.17,2567.96,39.64
8,Brad,PARTIALLY_CONFIRMED,15,0,True,False,False,MISSING_QB,0.0,0.0,0.0,1997.86,6.24
8,Brandon,PARTIALLY_CONFIRMED,15,2,True,False,True,,1964.82,67.25,2032.07,2673.9,0.0
8,CJ,PARTIALLY_CONFIRMED,15,2,True,False,True,,1795.5,64.1,1859.6,2111.44,0.0
8,Coby,PARTIALLY_CONFIRMED,15,2,True,False,True,,1650.97,66.38,1717.35,1936.23,0.0
8,Evan,PARTIALLY_CONFIRMED,15,2,True,False,True,,1869.41,112.46,1981.87,2455.96,20.81
8,James,PARTIALLY_CONFIRMED,15,1,True,False,True,,1572.43,78.05,1650.48,2139.65,0.0
8,Jason,PARTIALLY_CONFIRMED,15,1,True,False,True,,2119.56,122.15,2241.71,2800.39,1.07
8,Reid,PARTIALLY_CONFIRMED,15,1,True,False,True,,2532.42,118.92,2651.34,3236.51,40.62
8,Ryan J,PARTIALLY_CONFIRMED,15,1,True,False,True,,1509.32,62.58,1571.9,1855.44,0.0
8,Sam,CONFIRMED,15,3,True,False,True,,1648.13,94.48,1742.61,2455.19,40.39
8,Shane,PARTIALLY_CONFIRMED,15,4,True,False,True,,1403.86,55.8,1459.66,2124.27,3.58
8,Travis,PARTIALLY_CONFIRMED,15,3,True,False,True,,1471.91,106.82,1578.73,2373.04,5.93
9,Brad,PARTIALLY_CONFIRMED,15,3,True,False,True,,1558.87,105.06,1663.93,2418.9,5.52
9,Brandon,PARTIALLY_CONFIRMED,15,3,True,False,True,,2396.98,133.7,2530.68,3115.0,45.7
9,CJ,PARTIALLY_CONFIRMED,15,4,True,False,True,,1581.89,68.48,1650.37,2307.23,0.0
9,Coby,PARTIALLY_CONFIRMED,15,1,True,False,True,,1600.16,116.13,1716.29,2364.67,0.0
9,Evan,PARTIALLY_CONFIRMED,15,1,True,False,False,MISSING_TE,0.0,0.0,0.0,2709.49,15.14
9,James,PARTIALLY_CONFIRMED,15,2,True,False,True,,1569.41,62.65,1632.06,2180.64,0.0
9,Jason,PARTIALLY_CONFIRMED,15,1,True,False,True,,2513.75,81.79,2595.54,3122.47,4.78
9,Reid,PARTIALLY_CONFIRMED,15,3,True,False,True,,1498.18,114.94,1613.12,2481.67,2.27
9,Ryan J,PARTIALLY_CONFIRMED,15,2,True,False,True,,1591.91,109.75,1701.66,2339.34,7.07
9,Sam,CONFIRMED,15,2,True,False,True,,1636.3,116.1,1752.4,2450.65,0.47
9,Shane,PARTIALLY_CONFIRMED,15,2,True,False,True,,1338.58,39.09,1377.67,1616.82,0.0
9,Travis,PARTIALLY_CONFIRMED,15,2,True,False,True,,1530.01,61.87,1591.88,1931.4,0.0
10,Brad,PARTIALLY_CONFIRMED,15,2,True,False,True,,1487.65,91.25,1578.9,2141.96,9.95
10,Brandon,PARTIALLY_CONFIRMED,15,2,True,False,True,,1951.8,52.68,2004.48,2252.15,0.0
10,CJ,PARTIALLY_CONFIRMED,15,3,True,False,True,,1830.28,73.09,1903.37,2382.72,0.0
10,Coby,PARTIALLY_CONFIRMED,15,2,True,False,True,,1627.89,98.0,1725.89,2175.2,26.87
10,Evan,PARTIALLY_CONFIRMED,15,1,True,False,True,,1901.73,127.96,2029.69,2657.17,36.47
10,James,PARTIALLY_CONFIRMED,15,2,True,False,True,,2059.65,124.32,2183.97,2930.92,45.03
10,Jason,PARTIALLY_CONFIRMED,15,1,True,False,True,,1950.45,69.32,2019.77,2322.13,0.0
10,Reid,PARTIALLY_CONFIRMED,15,4,True,False,True,,1858.01,99.41,1957.42,2916.09,25.74
10,Ryan J,PARTIALLY_CONFIRMED,15,3,True,False,True,,1558.78,128.63,1687.41,2554.51,39.02
10,Sam,CONFIRMED,15,3,True,False,True,,1486.74,49.62,1536.36,1913.08,0.54
10,Shane,PARTIALLY_CONFIRMED,15,1,True,False,False,MISSING_TE,0.0,0.0,0.0,2128.2,28.6
10,Travis,PARTIALLY_CONFIRMED,15,1,True,False,True,,1585.48,98.78,1684.26,2155.14,24.18
11,Brad,PARTIALLY_CONFIRMED,15,1,True,False,True,,2036.24,113.95,2150.19,2677.69,20.95
11,Brandon,PARTIALLY_CONFIRMED,15,2,True,False,True,,1974.09,140.81,2114.9,2835.37,14.89
11,CJ,PARTIALLY_CONFIRMED,15,0,True,False,False,MISSING_QB,0.0,0.0,0.0,2637.03,37.03
11,Coby,PARTIALLY_CONFIRMED,15,1,True,False,True,,1701.72,105.16,1806.88,2312.25,3.46
11,Evan,PARTIALLY_CONFIRMED,15,2,True,False,True,,2299.16,128.08,2427.24,3068.92,0.0
11,James,PARTIALLY_CONFIRMED,15,1,True,False,True,,1513.4,71.84,1585.24,1951.33,0.0
11,Jason,PARTIALLY_CONFIRMED,15,2,True,False,True,,1944.65,71.55,2016.2,2644.29,0.95
11,Reid,PARTIALLY_CONFIRMED,15,2,True,False,True,,1417.14,66.29,1483.43,1892.76,0.03
11,Ryan J,PARTIALLY_CONFIRMED,15,3,True,False,True,,1476.24,76.86,1553.1,2237.41,0.0
11,Sam,CONFIRMED,15,2,True,False,True,,1637.0,132.67,1769.67,2434.33,17.94
11,Shane,PARTIALLY_CONFIRMED,15,1,True,False,False,MISSING_TE,0.0,0.0,0.0,2084.85,6.15
11,Travis,PARTIALLY_CONFIRMED,15,1,True,False,True,,1481.64,86.09,1567.73,1955.56,0.0
12,Brad,PARTIALLY_CONFIRMED,15,2,True,False,True,,1556.93,89.39,1646.32,2184.47,0.0
12,Brandon,PARTIALLY_CONFIRMED,15,0,True,False,False,MISSING_QB,0.0,0.0,0.0,2433.34,0.0
12,CJ,PARTIALLY_CONFIRMED,15,2,True,False,True,,1741.46,78.83,1820.29,2338.33,1.7
12,Coby,PARTIALLY_CONFIRMED,15,2,True,False,True,,1574.67,69.06,1643.73,2084.85,0.0
12,Evan,PARTIALLY_CONFIRMED,15,2,True,False,True,,1956.77,78.72,2035.49,2507.44,0.98
12,James,PARTIALLY_CONFIRMED,15,1,True,False,True,,2269.15,135.28,2404.43,3028.85,21.48
12,Jason,PARTIALLY_CONFIRMED,15,2,True,False,True,,1949.76,119.04,2068.8,2528.84,22.18
12,Reid,PARTIALLY_CONFIRMED,15,2,True,False,True,,1877.59,117.19,1994.78,2756.9,22.34
12,Ryan J,PARTIALLY_CONFIRMED,15,3,True,False,True,,1512.32,112.46,1624.78,2429.28,0.0
12,Sam,CONFIRMED,15,3,True,False,True,,1639.88,98.99,1738.87,2529.82,6.61
12,Shane,PARTIALLY_CONFIRMED,15,2,True,False,True,,1430.79,91.82,1522.61,2008.78,0.0
12,Travis,PARTIALLY_CONFIRMED,15,1,True,False,True,,1544.21,110.6,1654.81,2129.82,0.0
13,Brad,PARTIALLY_CONFIRMED,15,1,True,False,True,,1527.97,88.16,1616.13,2008.07,1.44
13,Brandon,PARTIALLY_CONFIRMED,15,1,True,False,True,,1900.26,107.73,2007.99,2614.88,34.96
13,CJ,PARTIALLY_CONFIRMED,15,1,True,False,True,,2015.69,112.1,2127.79,2602.41,41.98
13,Coby,PARTIALLY_CONFIRMED,15,1,True,False,True,,1764.95,124.54,1889.49,2443.97,40.26
13,Evan,PARTIALLY_CONFIRMED,15,0,True,False,False,MISSING_QB,0.0,0.0,0.0,2151.94,2.26
13,James,PARTIALLY_CONFIRMED,15,2,True,False,True,,1622.95,133.44,1756.39,2453.42,44.12
13,Jason,PARTIALLY_CONFIRMED,15,2,True,False,True,,1989.65,69.77,2059.42,2461.34,0.0
13,Reid,PARTIALLY_CONFIRMED,15,4,True,False,True,,1649.26,104.37,1753.63,2294.26,0.0
13,Ryan J,PARTIALLY_CONFIRMED,15,2,True,False,True,,2296.92,113.82,2410.74,3083.99,22.93
13,Sam,CONFIRMED,15,1,True,False,True,,1570.41,80.49,1650.9,2045.3,7.57
13,Shane,PARTIALLY_CONFIRMED,15,3,True,False,False,MISSING_TE,0.0,0.0,0.0,2384.85,48.61
13,Travis,PARTIALLY_CONFIRMED,15,4,True,False,True,,1435.67,73.71,1509.38,2342.81,0.0
14,Brad,PARTIALLY_CONFIRMED,15,0,True,False,False,MISSING_QB,0.0,0.0,0.0,2495.07,21.0
14,Brandon,PARTIALLY_CONFIRMED,15,1,True,False,True,,1933.69,130.04,2063.73,2647.51,27.55
14,CJ,PARTIALLY_CONFIRMED,15,1,True,False,True,,1734.9,88.89,1823.79,2271.69,2.35
14,Coby,PARTIALLY_CONFIRMED,15,0,True,False,False,MISSING_QB,0.0,0.0,0.0,1976.81,4.47
14,Evan,PARTIALLY_CONFIRMED,15,2,True,False,True,,1873.89,115.92,1989.81,2542.67,0.0
14,James,PARTIALLY_CONFIRMED,15,3,True,False,True,,1604.76,93.38,1698.14,2443.36,3.56
14,Jason,PARTIALLY_CONFIRMED,15,2,True,False,True,,1938.31,93.7,2032.01,2651.44,6.25
14,Reid,PARTIALLY_CONFIRMED,15,2,True,False,True,,2314.71,134.64,2449.35,3226.88,38.83
14,Ryan J,PARTIALLY_CONFIRMED,15,3,True,False,True,,1556.15,69.11,1625.26,2304.19,11.59
14,Sam,CONFIRMED,15,3,True,False,True,,1567.25,68.34,1635.59,2275.2,0.0
14,Shane,PARTIALLY_CONFIRMED,15,4,True,False,False,MISSING_TE,0.0,0.0,0.0,2504.57,36.18
14,Travis,PARTIALLY_CONFIRMED,15,1,True,False,True,,1333.58,72.64,1406.22,1695.04,0.0
15,Brad,PARTIALLY_CONFIRMED,15,2,True,False,True,,1513.04,80.65,1593.69,1949.69,0.0
15,Brandon,PARTIALLY_CONFIRMED,15,1,True,False,True,,1970.33,122.7,2093.03,2606.93,5.05
15,CJ,PARTIALLY_CONFIRMED,15,2,True,False,True,,1671.8,74.22,1746.02,2193.34,0.0
15,Coby,PARTIALLY_CONFIRMED,15,1,True,False,True,,1820.59,140.77,1961.36,2626.44,41.89
15,Evan,PARTIALLY_CONFIRMED,15,1,True,False,True,,1905.01,123.52,2028.53,2471.56,0.0
15,James,PARTIALLY_CONFIRMED,15,3,True,False,True,,1580.91,111.3,1692.21,2278.07,8.7
15,Jason,PARTIALLY_CONFIRMED,15,1,True,False,True,,2247.63,132.4,2380.03,2936.0,19.82
15,Reid,PARTIALLY_CONFIRMED,15,2,True,False,True,,1619.21,85.1,1704.31,2213.81,0.04
15,Ryan J,PARTIALLY_CONFIRMED,15,3,True,False,True,,1528.55,87.28,1615.83,2319.7,2.17
15,Sam,CONFIRMED,15,2,True,False,True,,1522.16,66.71,1588.87,1870.02,0.0
15,Shane,PARTIALLY_CONFIRMED,15,4,True,False,True,,1417.06,65.03,1482.09,2000.62,0.0
15,Travis,PARTIALLY_CONFIRMED,15,2,True,False,True,,2118.38,146.28,2264.66,2943.06,26.68
16,Brad,PARTIALLY_CONFIRMED,15,3,True,False,True,,1553.86,72.51,1626.37,2230.61,0.0
16,Brandon,PARTIALLY_CONFIRMED,15,1,True,False,True,,1961.78,127.87,2089.65,2738.91,3.34
16,CJ,PARTIALLY_CONFIRMED,15,1,True,False,True,,1858.61,96.53,1955.14,2529.01,41.72
16,Coby,PARTIALLY_CONFIRMED,15,2,True,False,True,,1926.07,112.22,2038.29,2637.35,2.25
16,Evan,PARTIALLY_CONFIRMED,15,0,True,False,False,MISSING_QB,0.0,0.0,0.0,3177.28,2.69
16,James,PARTIALLY_CONFIRMED,15,3,True,False,True,,1561.35,93.38,1654.73,2287.93,0.0
16,Jason,PARTIALLY_CONFIRMED,15,1,True,False,True,,2030.95,60.65,2091.6,2462.68,0.0
16,Reid,PARTIALLY_CONFIRMED,15,2,True,False,True,,1538.67,130.24,1668.91,2376.45,10.09
16,Ryan J,PARTIALLY_CONFIRMED,15,3,True,False,True,,1561.59,75.92,1637.51,2272.09,0.0
16,Sam,CONFIRMED,15,2,True,False,True,,1605.26,87.97,1693.23,2073.17,0.0
16,Shane,PARTIALLY_CONFIRMED,15,5,True,False,True,,1354.54,50.99,1405.53,2290.86,0.0
16,Travis,PARTIALLY_CONFIRMED,15,1,True,False,True,,1477.74,65.93,1543.67,2015.63,0.17
17,Brad,PARTIALLY_CONFIRMED,15,2,True,False,True,,1538.16,102.68,1640.84,2160.97,0.0
17,Brandon,PARTIALLY_CONFIRMED,15,1,True,False,True,,2595.59,146.85,2742.44,3480.21,26.75
17,CJ,PARTIALLY_CONFIRMED,15,2,True,False,True,,1684.62,45.85,1730.47,2089.06,0.0
17,Coby,PARTIALLY_CONFIRMED,15,1,True,False,True,,1659.87,136.02,1795.89,2378.55,22.23
17,Evan,PARTIALLY_CONFIRMED,15,1,True,False,True,,1934.38,74.71,2009.09,2452.91,0.0
17,James,PARTIALLY_CONFIRMED,15,2,True,False,True,,1465.91,95.63,1561.54,2155.64,0.0
17,Jason,PARTIALLY_CONFIRMED,15,2,True,False,True,,1900.74,89.63,1990.37,2570.13,0.0
17,Reid,PARTIALLY_CONFIRMED,15,3,True,False,True,,1626.16,111.46,1737.62,2596.56,11.85
17,Ryan J,PARTIALLY_CONFIRMED,15,3,True,False,True,,1508.76,77.47,1586.23,2019.54,0.0
17,Sam,CONFIRMED,15,1,True,False,False,MISSING_TE,0.0,0.0,0.0,2805.77,16.75
17,Shane,PARTIALLY_CONFIRMED,15,2,True,False,True,,1495.25,92.73,1587.98,2136.53,0.0
17,Travis,PARTIALLY_CONFIRMED,15,2,True,False,True,,1484.89,97.32,1582.21,2093.77,0.06
18,Brad,PARTIALLY_CONFIRMED,15,0,True,False,False,MISSING_QB,0.0,0.0,0.0,1787.96,0.0
18,Brandon,PARTIALLY_CONFIRMED,15,1,True,False,True,,2205.51,87.27,2292.78,2718.2,3.07
18,CJ,PARTIALLY_CONFIRMED,15,0,True,False,False,MISSING_QB,0.0,0.0,0.0,2429.34,20.8
18,Coby,PARTIALLY_CONFIRMED,15,2,True,False,True,,1715.37,105.39,1820.76,2472.2,0.0
18,Evan,PARTIALLY_CONFIRMED,15,1,True,False,True,,2207.25,138.49,2345.74,3049.03,27.44
18,James,PARTIALLY_CONFIRMED,15,1,True,False,True,,1628.67,120.23,1748.9,2327.04,0.0
18,Jason,PARTIALLY_CONFIRMED,15,2,True,False,True,,2015.39,144.51,2159.9,2846.73,12.2
18,Reid,PARTIALLY_CONFIRMED,15,2,True,False,True,,1569.57,70.52,1640.09,2109.58,0.0
18,Ryan J,PARTIALLY_CONFIRMED,15,4,True,False,True,,1468.21,51.0,1519.21,2391.01,0.0
18,Sam,CONFIRMED,15,3,True,False,True,,1537.84,62.37,1600.21,2223.15,0.0
18,Shane,PARTIALLY_CONFIRMED,15,2,True,False,False,MISSING_TE,0.0,0.0,0.0,2208.63,3.32
18,Travis,PARTIALLY_CONFIRMED,15,1,True,False,True,,1565.36,118.91,1684.27,2242.16,3.59
19,Brad,PARTIALLY_CONFIRMED,15,1,True,False,True,,1483.82,66.97,1550.79,1925.35,0.0
19,Brandon,PARTIALLY_CONFIRMED,15,2,True,False,True,,1843.66,87.53,1931.19,2474.53,0.0
19,CJ,PARTIALLY_CONFIRMED,15,3,True,False,True,,1672.45,51.34,1723.79,1966.73,0.0
19,Coby,PARTIALLY_CONFIRMED,15,3,True,False,True,,1676.08,67.62,1743.7,2666.39,0.0
19,Evan,PARTIALLY_CONFIRMED,15,1,True,False,False,MISSING_TE,0.0,0.0,0.0,2577.94,10.07
19,James,PARTIALLY_CONFIRMED,15,2,True,False,True,,1638.18,135.94,1774.12,2528.96,0.0
19,Jason,PARTIALLY_CONFIRMED,15,1,True,False,True,,1960.94,123.74,2084.68,2747.37,31.61
19,Reid,PARTIALLY_CONFIRMED,15,3,True,False,True,,2015.09,54.58,2069.67,2735.92,0.0
19,Ryan J,PARTIALLY_CONFIRMED,15,1,True,False,True,,1781.57,85.67,1867.24,2272.59,2.92
19,Sam,CONFIRMED,15,1,True,False,True,,1650.78,106.99,1757.77,2187.14,0.0
19,Shane,PARTIALLY_CONFIRMED,15,4,True,False,True,,1476.66,88.24,1564.9,2298.35,0.0
19,Travis,PARTIALLY_CONFIRMED,15,1,True,False,True,,1929.45,120.82,2050.27,2623.47,3.39
